2025-03-10 16:13:14,127 [INFO] Activator:176 - 


2025-03-10 16:13:14,141 [INFO] Activator:177 - !SESSION log4j initialized
2025-03-10 16:13:20,018 [INFO] LogOutputStream:77 - [STDOUT_REDIRECT] 
2025-03-10 16:13:21,528 [INFO] ApplicationProperties:184 - Using Application install path: C:\ST\STM32CubeIDE_1.16.1\STM32CubeIDE\plugins\com.st.stm32cube.common.mx_6.13.0.202411220809
2025-03-10 16:13:21,555 [INFO] DbMcusXml:78 - Set database path to: C:\ST\STM32CubeIDE_1.16.1\STM32CubeIDE\plugins\com.st.stm32cube.common.mx_6.13.0.202411220809\\db\/mcu/
2025-03-10 16:13:21,555 [INFO] ApiDb:274 - Set plugin database path to: C:\ST\STM32CubeIDE_1.16.1\STM32CubeIDE\plugins\com.st.stm32cube.common.mx_6.13.0.202411220809\\db\/plugins/boardmanager/
2025-03-10 16:13:21,555 [WARN] ApiDb:259 - Overriding images path with different value:  => C:\ST\STM32CubeIDE_1.16.1\STM32CubeIDE\plugins\com.st.stm32cube.common.mx_6.13.0.202411220809\\db\/plugins/mcufinder/images/
2025-03-10 16:13:21,565 [INFO] ApiDb:250 - Set database path to: C:\Users\baron\.stmcufinder\plugins\mcufinder//mcu/
2025-03-10 16:13:21,566 [INFO] DbMcusAds:125 - Set database path to: C:\Users\baron\.stmcufinder\plugins\mcufinder//mcu/
2025-03-10 16:13:21,568 [INFO] CrossReferenceDbSqlite:203 - Set database path to: C:\Users\baron\.stmcufinder\plugins\mcufinder//mcu/cs/
2025-03-10 16:13:21,674 [INFO] RulesReader:64 - Compatibility file has been processed (297 Rules)
2025-03-10 16:13:21,787 [INFO] DbMcusXml:78 - Set database path to: C:\ST\STM32CubeIDE_1.16.1\STM32CubeIDE\plugins\com.st.stm32cube.common.mx_6.13.0.202411220809\\db\/mcu/
2025-03-10 16:13:21,787 [INFO] ApiDb:274 - Set plugin database path to: C:\ST\STM32CubeIDE_1.16.1\STM32CubeIDE\plugins\com.st.stm32cube.common.mx_6.13.0.202411220809\\db\/plugins/boardmanager/
2025-03-10 16:13:21,787 [INFO] ApiDb:261 - Set plugin images path to: C:\ST\STM32CubeIDE_1.16.1\STM32CubeIDE\plugins\com.st.stm32cube.common.mx_6.13.0.202411220809\\db\/plugins/mcufinder/images/
2025-03-10 16:13:21,787 [WARN] DbFile:41 - Overriding database path with different value: C:\Users\baron\.stmcufinder\plugins\mcufinder/ => C:\Users\baron\.stmcufinder\plugins\mcufinder
2025-03-10 16:13:21,787 [INFO] ApiDb:250 - Set database path to: C:\Users\baron\.stmcufinder\plugins\mcufinder//mcu/
2025-03-10 16:13:21,788 [WARN] DbFile:41 - Overriding database path with different value: C:\Users\baron\.stmcufinder\plugins\mcufinder/ => C:\Users\baron\.stmcufinder\plugins\mcufinder
2025-03-10 16:13:21,788 [INFO] DbMcusAds:125 - Set database path to: C:\Users\baron\.stmcufinder\plugins\mcufinder//mcu/
2025-03-10 16:13:21,788 [WARN] DbFile:41 - Overriding database path with different value: C:\Users\baron\.stmcufinder\plugins\mcufinder/ => C:\Users\baron\.stmcufinder\plugins\mcufinder
2025-03-10 16:13:21,788 [WARN] DbFile:41 - Overriding database path with different value: C:\Users\baron\.stmcufinder\plugins\mcufinder/ => C:\Users\baron\.stmcufinder\plugins\mcufinder
2025-03-10 16:13:21,788 [INFO] CrossReferenceDbSqlite:203 - Set database path to: C:\Users\baron\.stmcufinder\plugins\mcufinder//mcu/cs/
2025-03-10 16:13:21,868 [INFO] MainPanel:272 - HeapMemory: 268435456
2025-03-10 16:13:21,967 [INFO] DbMcusXml:78 - Set database path to: C:\ST\STM32CubeIDE_1.16.1\STM32CubeIDE\plugins\com.st.stm32cube.common.mx_6.13.0.202411220809\\db\/mcu/
2025-03-10 16:13:21,967 [INFO] ApiDb:274 - Set plugin database path to: C:\ST\STM32CubeIDE_1.16.1\STM32CubeIDE\plugins\com.st.stm32cube.common.mx_6.13.0.202411220809\\db\/plugins/boardmanager/
2025-03-10 16:13:21,967 [INFO] ApiDb:261 - Set plugin images path to: C:\ST\STM32CubeIDE_1.16.1\STM32CubeIDE\plugins\com.st.stm32cube.common.mx_6.13.0.202411220809\\db\/plugins/mcufinder/images/
2025-03-10 16:13:21,967 [WARN] DbFile:41 - Overriding database path with different value: C:\Users\baron\.stmcufinder\plugins\mcufinder/ => C:\Users\baron\.stmcufinder\plugins\mcufinder
2025-03-10 16:13:21,967 [INFO] ApiDb:250 - Set database path to: C:\Users\baron\.stmcufinder\plugins\mcufinder//mcu/
2025-03-10 16:13:21,967 [WARN] DbFile:41 - Overriding database path with different value: C:\Users\baron\.stmcufinder\plugins\mcufinder/ => C:\Users\baron\.stmcufinder\plugins\mcufinder
2025-03-10 16:13:21,968 [INFO] DbMcusAds:125 - Set database path to: C:\Users\baron\.stmcufinder\plugins\mcufinder//mcu/
2025-03-10 16:13:21,968 [WARN] DbFile:41 - Overriding database path with different value: C:\Users\baron\.stmcufinder\plugins\mcufinder/ => C:\Users\baron\.stmcufinder\plugins\mcufinder
2025-03-10 16:13:21,968 [WARN] DbFile:41 - Overriding database path with different value: C:\Users\baron\.stmcufinder\plugins\mcufinder/ => C:\Users\baron\.stmcufinder\plugins\mcufinder
2025-03-10 16:13:21,968 [INFO] CrossReferenceDbSqlite:203 - Set database path to: C:\Users\baron\.stmcufinder\plugins\mcufinder//mcu/cs/
2025-03-10 16:13:21,987 [INFO] ApplicationProperties:184 - Using Application install path: C:\ST\STM32CubeIDE_1.16.1\STM32CubeIDE\plugins\com.st.stm32cube.common.mx_6.13.0.202411220809
2025-03-10 16:13:21,989 [INFO] PluginManage:196 - Search for loadable plugins [exclusion list=, ]
2025-03-10 16:13:21,990 [INFO] PluginManage:310 - Check plugin analytics
2025-03-10 16:13:22,123 [INFO] AnalyticsPlugin:253 - Accepted Software Licenses: 
2025-03-10 16:13:22,123 [INFO] AnalyticsPlugin:255 - Accepted CMSIS Pack Licenses: 
2025-03-10 16:13:22,123 [INFO] AnalyticsPlugin:257 - Accepted Firmware Licenses: FW.L4.1.18.0
2025-03-10 16:13:22,126 [INFO] PluginManage:359 - Loaded plugin analytics (category:tool,tabindex:-1)
2025-03-10 16:13:22,127 [INFO] PluginManage:310 - Check plugin cadmodel
2025-03-10 16:13:22,176 [INFO] CADModel:105 - Init CAD model plugin
2025-03-10 16:13:22,176 [INFO] PluginManage:359 - Loaded plugin cadmodel (category:power,tabindex:5)
2025-03-10 16:13:22,176 [INFO] PluginManage:310 - Check plugin clock
2025-03-10 16:13:22,234 [INFO] PluginManage:359 - Loaded plugin clock (category:base,tabindex:2)
2025-03-10 16:13:22,234 [INFO] PluginManage:310 - Check plugin ddr
2025-03-10 16:13:22,237 [INFO] PluginManage:359 - Loaded plugin ddr (category:tool,tabindex:6)
2025-03-10 16:13:22,238 [INFO] PluginManage:310 - Check plugin filemanager
2025-03-10 16:13:22,363 [INFO] PluginManage:359 - Loaded plugin filemanager (category:base,tabindex:10)
2025-03-10 16:13:22,364 [INFO] PluginManage:310 - Check plugin ipmanager
2025-03-10 16:13:22,374 [INFO] PluginManage:359 - Loaded plugin ipmanager (category:base,tabindex:5)
2025-03-10 16:13:22,374 [INFO] PluginManage:310 - Check plugin lpbam
2025-03-10 16:13:22,419 [INFO] PluginManage:359 - Loaded plugin lpbam (category:base,tabindex:0)
2025-03-10 16:13:22,419 [INFO] PluginManage:310 - Check plugin memorymap
2025-03-10 16:13:22,474 [INFO] PluginManage:359 - Loaded plugin memorymap (category:base,tabindex:4)
2025-03-10 16:13:22,474 [INFO] PluginManage:310 - Check plugin pinoutandconfiguration
2025-03-10 16:13:22,570 [INFO] PluginManage:359 - Loaded plugin pinoutandconfiguration (category:base,tabindex:1)
2025-03-10 16:13:22,570 [INFO] PluginManage:310 - Check plugin pinoutconfig
2025-03-10 16:13:22,705 [WARN] SupportedApi:132 - Cannot load RTOS API schema: s4s-elt-must-match.1: The content of 'definitions' must match (annotation?, (simpleType | complexType)?, (unique | key | keyref)*)). A problem was found starting at: attribute.
2025-03-10 16:13:22,839 [INFO] PluginManage:359 - Loaded plugin pinoutconfig (category:base,tabindex:0)
2025-03-10 16:13:22,839 [INFO] PluginManage:310 - Check plugin power
2025-03-10 16:13:22,895 [INFO] PluginManage:359 - Loaded plugin power (category:power,tabindex:4)
2025-03-10 16:13:22,895 [INFO] PluginManage:310 - Check plugin projectmanager
2025-03-10 16:13:22,907 [INFO] PluginManage:359 - Loaded plugin projectmanager (category:projectmanager,tabindex:4)
2025-03-10 16:13:22,907 [INFO] PluginManage:310 - Check plugin rif
2025-03-10 16:13:22,976 [INFO] PluginManage:359 - Loaded plugin rif (category:base,tabindex:3)
2025-03-10 16:13:22,976 [INFO] PluginManage:310 - Check plugin thirdparty
2025-03-10 16:13:23,188 [WARN] IntegrityCheckThread:84 - waiting for thirdparty lock release [integrity check]
2025-03-10 16:13:23,188 [INFO] PluginManage:359 - Loaded plugin thirdparty (category:base,tabindex:-1)
2025-03-10 16:13:23,188 [INFO] IntegrityCheckThread:86 - entering critical section [integrity check]
2025-03-10 16:13:23,188 [INFO] PluginManage:310 - Check plugin tools
2025-03-10 16:13:23,188 [INFO] ThirdPartyUpdaterWithRetryManager:70 - Updater plugin not ready yet. [1/15]
2025-03-10 16:13:23,197 [INFO] PluginManage:359 - Loaded plugin tools (category:base,tabindex:7)
2025-03-10 16:13:23,198 [INFO] PluginManage:310 - Check plugin tutovideos
2025-03-10 16:13:23,508 [INFO] PluginManage:359 - Loaded plugin tutovideos (category:base,tabindex:-1)
2025-03-10 16:13:23,508 [INFO] PluginManage:310 - Check plugin updater
2025-03-10 16:13:23,528 [INFO] PluginManage:359 - Loaded plugin updater (category:base,tabindex:12)
2025-03-10 16:13:23,528 [INFO] PluginManage:310 - Check plugin userauth
2025-03-10 16:13:23,533 [INFO] UserAuth:118 - Init User Auth plugin
2025-03-10 16:13:23,534 [INFO] PluginManage:359 - Loaded plugin userauth (category:base,tabindex:14)
2025-03-10 16:13:23,535 [INFO] PluginManage:283 - PluginManage : Loaded plugins [18]
2025-03-10 16:13:23,758 [INFO] PinOutPanel:1589 - setPackage(No Configuration,No Configuration)
2025-03-10 16:13:23,867 [INFO] CADModel:165 - CPN selected for project level
2025-03-10 16:13:23,867 [INFO] CADModel:114 - Register for checkConnection events
2025-03-10 16:13:23,917 [INFO] IPUIPlugin:80 - create IPUIPlugin
2025-03-10 16:13:23,918 [INFO] PluginManager:220 - loadIPPluginJar : add adc
2025-03-10 16:13:23,928 [INFO] IPUIPlugin:80 - create IPUIPlugin
2025-03-10 16:13:23,928 [INFO] PluginManager:220 - loadIPPluginJar : add aes
2025-03-10 16:13:23,942 [INFO] IPUIPlugin:80 - create IPUIPlugin
2025-03-10 16:13:23,942 [INFO] PluginManager:220 - loadIPPluginJar : add can
2025-03-10 16:13:23,952 [INFO] IPUIPlugin:80 - create IPUIPlugin
2025-03-10 16:13:23,952 [INFO] PluginManager:220 - loadIPPluginJar : add comp
2025-03-10 16:13:23,961 [INFO] IPUIPlugin:80 - create IPUIPlugin
2025-03-10 16:13:23,962 [INFO] PluginManager:220 - loadIPPluginJar : add cryp
2025-03-10 16:13:23,983 [INFO] IPUIPlugin:80 - create IPUIPlugin
2025-03-10 16:13:23,983 [INFO] PluginManager:220 - loadIPPluginJar : add ddr_ctrl_phy
2025-03-10 16:13:23,993 [INFO] IPUIPlugin:80 - create IPUIPlugin
2025-03-10 16:13:23,994 [INFO] PluginManager:220 - loadIPPluginJar : add dfsdm
2025-03-10 16:13:24,022 [INFO] IPUIPlugin:80 - create IPUIPlugin
2025-03-10 16:13:24,023 [INFO] PluginManager:220 - loadIPPluginJar : add dma
2025-03-10 16:13:24,038 [INFO] IPUIPlugin:80 - create IPUIPlugin
2025-03-10 16:13:24,038 [INFO] PluginManager:220 - loadIPPluginJar : add dma3
2025-03-10 16:13:24,058 [INFO] IPUIPlugin:80 - create IPUIPlugin
2025-03-10 16:13:24,058 [INFO] PluginManager:220 - loadIPPluginJar : add extmemmanager
2025-03-10 16:13:24,065 [INFO] IPUIPlugin:80 - create IPUIPlugin
2025-03-10 16:13:24,066 [INFO] PluginManager:220 - loadIPPluginJar : add fatfs
2025-03-10 16:13:24,081 [INFO] IPUIPlugin:80 - create IPUIPlugin
2025-03-10 16:13:24,081 [INFO] PluginManager:220 - loadIPPluginJar : add fmc
2025-03-10 16:13:24,146 [INFO] IPUIPlugin:80 - create IPUIPlugin
2025-03-10 16:13:24,146 [INFO] PluginManager:220 - loadIPPluginJar : add freertos
2025-03-10 16:13:24,155 [INFO] IPUIPlugin:80 - create IPUIPlugin
2025-03-10 16:13:24,155 [INFO] PluginManager:220 - loadIPPluginJar : add genericplugin
2025-03-10 16:13:24,174 [INFO] IPUIPlugin:80 - create IPUIPlugin
2025-03-10 16:13:24,174 [INFO] PluginManager:220 - loadIPPluginJar : add gfxmmu
2025-03-10 16:13:24,207 [INFO] IPUIPlugin:80 - create IPUIPlugin
2025-03-10 16:13:24,207 [INFO] PluginManager:220 - loadIPPluginJar : add gic
2025-03-10 16:13:24,262 [INFO] IPUIPlugin:80 - create IPUIPlugin
2025-03-10 16:13:24,263 [INFO] PluginManager:220 - loadIPPluginJar : add gpio
2025-03-10 16:13:24,280 [INFO] IPUIPlugin:80 - create IPUIPlugin
2025-03-10 16:13:24,280 [INFO] PluginManager:220 - loadIPPluginJar : add gtzc
2025-03-10 16:13:24,289 [INFO] IPUIPlugin:80 - create IPUIPlugin
2025-03-10 16:13:24,290 [INFO] PluginManager:220 - loadIPPluginJar : add hash
2025-03-10 16:13:24,302 [INFO] IPUIPlugin:80 - create IPUIPlugin
2025-03-10 16:13:24,302 [INFO] PluginManager:220 - loadIPPluginJar : add i2c
2025-03-10 16:13:24,312 [INFO] IPUIPlugin:80 - create IPUIPlugin
2025-03-10 16:13:24,312 [INFO] PluginManager:220 - loadIPPluginJar : add i2s
2025-03-10 16:13:24,324 [INFO] IPUIPlugin:80 - create IPUIPlugin
2025-03-10 16:13:24,324 [INFO] PluginManager:220 - loadIPPluginJar : add i3c
2025-03-10 16:13:24,342 [INFO] IPUIPlugin:80 - create IPUIPlugin
2025-03-10 16:13:24,342 [INFO] PluginManager:220 - loadIPPluginJar : add ipddr
2025-03-10 16:13:24,366 [INFO] IPUIPlugin:80 - create IPUIPlugin
2025-03-10 16:13:24,367 [INFO] PluginManager:220 - loadIPPluginJar : add linkedlist
2025-03-10 16:13:24,378 [INFO] IPUIPlugin:80 - create IPUIPlugin
2025-03-10 16:13:24,379 [INFO] PluginManager:220 - loadIPPluginJar : add lorawan
2025-03-10 16:13:24,387 [INFO] IPUIPlugin:80 - create IPUIPlugin
2025-03-10 16:13:24,387 [INFO] PluginManager:220 - loadIPPluginJar : add ltdc
2025-03-10 16:13:24,421 [INFO] IPUIPlugin:80 - create IPUIPlugin
2025-03-10 16:13:24,421 [INFO] PluginManager:220 - loadIPPluginJar : add mdma
2025-03-10 16:13:24,456 [INFO] IPUIPlugin:80 - create IPUIPlugin
2025-03-10 16:13:24,456 [INFO] PluginManager:220 - loadIPPluginJar : add nvic
2025-03-10 16:13:24,469 [INFO] IPUIPlugin:80 - create IPUIPlugin
2025-03-10 16:13:24,470 [INFO] PluginManager:220 - loadIPPluginJar : add opamp
2025-03-10 16:13:24,487 [INFO] IPUIPlugin:80 - create IPUIPlugin
2025-03-10 16:13:24,487 [INFO] PluginManager:220 - loadIPPluginJar : add openamp
2025-03-10 16:13:24,498 [INFO] IPUIPlugin:80 - create IPUIPlugin
2025-03-10 16:13:24,498 [INFO] PluginManager:220 - loadIPPluginJar : add pdm2pcm
2025-03-10 16:13:24,552 [INFO] IPUIPlugin:80 - create IPUIPlugin
2025-03-10 16:13:24,554 [INFO] PluginManager:220 - loadIPPluginJar : add plateformsettings
2025-03-10 16:13:24,565 [INFO] IPUIPlugin:80 - create IPUIPlugin
2025-03-10 16:13:24,566 [INFO] PluginManager:220 - loadIPPluginJar : add quadspi
2025-03-10 16:13:24,575 [INFO] IPUIPlugin:80 - create IPUIPlugin
2025-03-10 16:13:24,576 [INFO] PluginManager:220 - loadIPPluginJar : add radio
2025-03-10 16:13:24,668 [INFO] IPUIPlugin:80 - create IPUIPlugin
2025-03-10 16:13:24,668 [INFO] PluginManager:220 - loadIPPluginJar : add resmgrutility
2025-03-10 16:13:24,677 [INFO] IPUIPlugin:80 - create IPUIPlugin
2025-03-10 16:13:24,677 [INFO] PluginManager:220 - loadIPPluginJar : add sai
2025-03-10 16:13:24,686 [INFO] IPUIPlugin:80 - create IPUIPlugin
2025-03-10 16:13:24,686 [INFO] PluginManager:220 - loadIPPluginJar : add spi
2025-03-10 16:13:24,700 [INFO] IPUIPlugin:80 - create IPUIPlugin
2025-03-10 16:13:24,700 [INFO] PluginManager:220 - loadIPPluginJar : add stm32_wpan
2025-03-10 16:13:24,706 [INFO] IPUIPlugin:80 - create IPUIPlugin
2025-03-10 16:13:24,706 [INFO] PluginManager:220 - loadIPPluginJar : add tim
2025-03-10 16:13:24,725 [INFO] IPUIPlugin:80 - create IPUIPlugin
2025-03-10 16:13:24,726 [INFO] PluginManager:220 - loadIPPluginJar : add touchsensing
2025-03-10 16:13:24,734 [INFO] IPUIPlugin:80 - create IPUIPlugin
2025-03-10 16:13:24,735 [INFO] PluginManager:220 - loadIPPluginJar : add tracer_emb
2025-03-10 16:13:24,742 [INFO] IPUIPlugin:80 - create IPUIPlugin
2025-03-10 16:13:24,742 [INFO] PluginManager:220 - loadIPPluginJar : add ts
2025-03-10 16:13:24,747 [INFO] IPUIPlugin:80 - create IPUIPlugin
2025-03-10 16:13:24,749 [INFO] PluginManager:220 - loadIPPluginJar : add tsc
2025-03-10 16:13:24,756 [INFO] IPUIPlugin:80 - create IPUIPlugin
2025-03-10 16:13:24,757 [INFO] PluginManager:220 - loadIPPluginJar : add ucpd
2025-03-10 16:13:24,767 [INFO] IPUIPlugin:80 - create IPUIPlugin
2025-03-10 16:13:24,767 [INFO] PluginManager:220 - loadIPPluginJar : add usart
2025-03-10 16:13:24,777 [INFO] IPUIPlugin:80 - create IPUIPlugin
2025-03-10 16:13:24,777 [INFO] PluginManager:220 - loadIPPluginJar : add usbx
2025-03-10 16:13:24,906 [FATAL] Updater:351 - Updater called before beeing initialized
2025-03-10 16:13:24,931 [INFO] RulesReader:64 - Compatibility file has been processed (297 Rules)
2025-03-10 16:13:24,940 [INFO] RulesReader:64 - Compatibility file has been processed (297 Rules)
2025-03-10 16:13:24,946 [INFO] CADModel:165 - CPN selected for project level
2025-03-10 16:13:24,946 [INFO] CADModel:114 - Register for checkConnection events
2025-03-10 16:13:24,946 [FATAL] Updater:351 - Updater called before beeing initialized
2025-03-10 16:13:24,946 [ERROR] CADModel:125 - Updater not yet initialized, retry later 
2025-03-10 16:13:25,109 [FATAL] Updater:351 - Updater called before beeing initialized
2025-03-10 16:13:25,111 [INFO] CADModel:165 - CPN selected for project level
2025-03-10 16:13:25,112 [INFO] CADModel:114 - Register for checkConnection events
2025-03-10 16:13:25,112 [FATAL] Updater:351 - Updater called before beeing initialized
2025-03-10 16:13:25,112 [ERROR] CADModel:125 - Updater not yet initialized, retry later 
2025-03-10 16:13:25,115 [FATAL] Updater:351 - Updater called before beeing initialized
2025-03-10 16:13:25,255 [FATAL] Updater:351 - Updater called before beeing initialized
2025-03-10 16:13:25,263 [INFO] DbMcusAds:53 - JSON generation date=Tue Dec 17 17:01:15 CET 2024 (1734451275111)
2025-03-10 16:13:25,264 [FATAL] Updater:351 - Updater called before beeing initialized
2025-03-10 16:13:25,311 [WARN] DetailPanel:346 - Failed to get advertising image, set to default
2025-03-10 16:13:25,575 [FATAL] Updater:351 - Updater called before beeing initialized
2025-03-10 16:13:25,578 [FATAL] Updater:351 - Updater called before beeing initialized
2025-03-10 16:13:25,578 [FATAL] Updater:351 - Updater called before beeing initialized
2025-03-10 16:13:25,578 [WARN] DetailPanel:346 - Failed to get advertising image, set to default
2025-03-10 16:13:25,579 [FATAL] Updater:351 - Updater called before beeing initialized
2025-03-10 16:13:25,629 [ERROR] Updater:1198 - MainUpdater not yet initialized. External WinMGr cannot be set.
2025-03-10 16:13:25,632 [INFO] Updater:1134 - Updater Version found : 6.13.0
2025-03-10 16:13:25,655 [INFO] ApplicationProperties:184 - Using Application install path: C:\ST\STM32CubeIDE_1.16.1\STM32CubeIDE\plugins\com.st.stm32cube.common.mx_6.13.0.202411220809
2025-03-10 16:13:26,190 [INFO] ThirdPartyUpdaterWithRetryManager:70 - Updater plugin not ready yet. [2/15]
2025-03-10 16:13:27,241 [ERROR] LogOutputStream:75 - [STDERR_REDIRECT] Mar 10, 2025 4:13:27 PM java.util.prefs.WindowsPreferences <init>
2025-03-10 16:13:27,243 [ERROR] LogOutputStream:75 - [STDERR_REDIRECT] WARNING: Could not open/create prefs root node Software\JavaSoft\Prefs at root 0xffffffff80000002. Windows RegCreateKeyEx(...) returned error code 5.
2025-03-10 16:13:27,243 [ERROR] LogOutputStream:75 - [STDERR_REDIRECT] 
2025-03-10 16:13:27,570 [INFO] MainUpdater:2872 - connection check result : 10
2025-03-10 16:13:27,570 [INFO] MainUpdater:3566 - Updater definition file requires update
2025-03-10 16:13:27,571 [INFO] MainUpdater:289 - Updater Check For Update Now.
2025-03-10 16:13:27,571 [INFO] MicroXplorer:498 - Change Database Version : DB.6.0.130
2025-03-10 16:13:27,578 [INFO] McuFinderGlobals:63 - Set McuFinder mode to 2 (CubeIDE integrated)
2025-03-10 16:13:27,578 [INFO] UserAuth:171 - activating auth plugin
2025-03-10 16:13:27,580 [INFO] UserAuth:486 - Internet connection configuration mode: 1
2025-03-10 16:13:27,610 [INFO] JxBrowserEngine:152 - Initiate JxBrowser Engine with user profile folder
2025-03-10 16:13:27,743 [INFO] ServerAccessManage:473 - Download File updaters.zip
2025-03-10 16:13:27,907 [INFO] FileExtend:240 - Unzip File : updaters.zip
2025-03-10 16:13:27,907 [INFO] FileExtend:255 - Standard Zip Deflate
2025-03-10 16:13:29,196 [WARN] MainUpdater:1193 - Updater busy. Cannot search thirdparties
2025-03-10 16:13:29,196 [INFO] ThirdPartyUpdaterWithRetryManager:96 - Updater plugin is busy. [1/15]
2025-03-10 16:13:30,184 [INFO] WebApp:168 - Instantiating new browser for Auth
2025-03-10 16:13:30,960 [INFO] ServerAccessManage:473 - Download File PacksControlFlags.xml
2025-03-10 16:13:31,148 [INFO] ServerAccessManage:473 - Download File cubemx.pidx
2025-03-10 16:13:31,843 [INFO] ServerAccessManage:473 - Download File STMicroelectronics.FP-ATR-ASTRA1.pdsc
2025-03-10 16:13:32,205 [WARN] MainUpdater:1193 - Updater busy. Cannot search thirdparties
2025-03-10 16:13:32,205 [INFO] ThirdPartyUpdaterWithRetryManager:96 - Updater plugin is busy. [2/15]
2025-03-10 16:13:32,695 [INFO] WebApp:449 - Apply proxy settings
2025-03-10 16:13:32,695 [INFO] WebApp:534 - Chromium requires no authentication
2025-03-10 16:13:32,754 [INFO] WebApp:477 - Direct internet connection detected
2025-03-10 16:13:32,872 [INFO] WebApp:880 - Register for checkConnection events
2025-03-10 16:13:32,872 [INFO] WebApp:449 - Apply proxy settings
2025-03-10 16:13:32,873 [INFO] WebApp:534 - Chromium requires no authentication
2025-03-10 16:13:32,875 [INFO] WebApp:477 - Direct internet connection detected
2025-03-10 16:13:33,005 [INFO] ServerAccessManage:473 - Download File STMicroelectronics.X-CUBE-BLE1.pdsc
2025-03-10 16:13:33,269 [INFO] WebApp:187 - Connection restablished
2025-03-10 16:13:33,412 [INFO] WebApp:221 - Starting web application
2025-03-10 16:13:33,412 [INFO] WebApp:579 - Web application path used C:\ST\STM32CubeIDE_1.16.1\STM32CubeIDE\plugins\com.st.stm32cube.common.mx_6.13.0.202411220809\db\plugins\mcufinder\reactClient1\index.html
2025-03-10 16:13:33,924 [ERROR] ServerAccessManage:1089 - Problem, file not found on Server
2025-03-10 16:13:35,214 [WARN] MainUpdater:1193 - Updater busy. Cannot search thirdparties
2025-03-10 16:13:35,220 [INFO] ThirdPartyUpdaterWithRetryManager:96 - Updater plugin is busy. [3/15]
2025-03-10 16:13:35,458 [INFO] ServerAccessManage:473 - Download File STMicroelectronics.X-CUBE-TOUCHGFX.pdsc
2025-03-10 16:13:37,686 [WARN] PackLoader:240 - Cannot read IP mode file for STMicroelectronics.FP-ATR-ASTRA1.2.0.2
2025-03-10 16:13:37,711 [WARN] PackLoader:240 - Cannot read IP mode file for STMicroelectronics.X-CUBE-BLE1.7.1.0
2025-03-10 16:13:37,720 [WARN] PackLoader:240 - Cannot read IP mode file for STMicroelectronics.X-CUBE-TOUCHGFX.4.25.0
2025-03-10 16:13:37,720 [INFO] PopulateThirdPartyThread:66 - Ending populate Thread
2025-03-10 16:13:37,722 [INFO] ThirdParty:1030 - CMSIS Pack Vendor :STMicroelectronics FP-ATR-ASTRA1 2.0.2
2025-03-10 16:13:37,722 [INFO] ThirdParty:1030 - CMSIS Pack Vendor :STMicroelectronics X-CUBE-BLE1 7.1.0
2025-03-10 16:13:37,722 [INFO] ThirdParty:1030 - CMSIS Pack Vendor :STMicroelectronics X-CUBE-TOUCHGFX 4.25.0
2025-03-10 16:13:37,722 [INFO] LoadServerUpdatesThread:375 - End of LoadServerUpdate Thread
2025-03-10 16:13:37,860 [INFO] CheckServerUpdateThread:120 - End of CheckServer Thread
2025-03-10 16:13:38,873 [WARN] PackLoader:240 - Cannot read IP mode file for STMicroelectronics.FP-SNS-MOTENVWB1.1.4.0
2025-03-10 16:13:38,875 [WARN] PackLoader:240 - Cannot read IP mode file for STMicroelectronics.FP-ATR-ASTRA1.2.0.2
2025-03-10 16:13:38,891 [WARN] PackLoader:240 - Cannot read IP mode file for STMicroelectronics.FP-ATR-ASTRA1.2.0.1
2025-03-10 16:13:38,913 [WARN] PackLoader:240 - Cannot read IP mode file for STMicroelectronics.X-CUBE-SMBUS.2.1.0
2025-03-10 16:13:38,927 [WARN] PackLoader:240 - Cannot read IP mode file for STMicroelectronics.X-CUBE-WB05N.1.1.0
2025-03-10 16:13:39,008 [WARN] PackLoader:240 - Cannot read IP mode file for STMicroelectronics.X-CUBE-AZRTOS-F7.1.1.0
2025-03-10 16:13:39,138 [WARN] PackLoader:240 - Cannot read IP mode file for STMicroelectronics.X-CUBE-MEMS1.11.0.0
2025-03-10 16:13:39,452 [WARN] PackLoader:240 - Cannot read IP mode file for STMicroelectronics.FP-SNS-FLIGHT1.5.0.2
2025-03-10 16:13:39,468 [WARN] PackLoader:240 - Cannot read IP mode file for STMicroelectronics.X-CUBE-DISPLAY.3.0.0
2025-03-10 16:13:39,492 [WARN] PackLoader:240 - Cannot read IP mode file for STMicroelectronics.X-CUBE-BLE1.7.0.0
2025-03-10 16:13:39,512 [WARN] PackLoader:240 - Cannot read IP mode file for STMicroelectronics.X-CUBE-NFC10.1.0.0
2025-03-10 16:13:39,535 [WARN] PackLoader:240 - Cannot read IP mode file for STMicroelectronics.X-CUBE-BLEMGR.4.0.0
2025-03-10 16:13:39,558 [WARN] PackLoader:240 - Cannot read IP mode file for emotas.I-CUBE-CANOPEN.1.3.0
2025-03-10 16:13:39,583 [WARN] PackLoader:240 - Cannot read IP mode file for STMicroelectronics.X-CUBE-BLEMGR.3.1.0
2025-03-10 16:13:39,602 [WARN] PackLoader:240 - Cannot read IP mode file for STMicroelectronics.X-CUBE-AI.10.0.0
2025-03-10 16:13:39,945 [WARN] PackLoader:240 - Cannot read IP mode file for STMicroelectronics.FP-SNS-SMARTAG2.1.2.0
2025-03-10 16:13:40,073 [WARN] PackLoader:240 - Cannot read IP mode file for STMicroelectronics.X-CUBE-MEMS1.11.1.0
2025-03-10 16:13:40,259 [INFO] LogOutputStream:77 - [STDOUT_REDIRECT] 1 : Invalid condition id : UX_CORESTACK_Condition cause : null
2025-03-10 16:13:40,259 [INFO] LogOutputStream:77 - [STDOUT_REDIRECT] 1 : Invalid condition id : UX_CORESTACK_Condition cause : null
2025-03-10 16:13:40,259 [INFO] LogOutputStream:77 - [STDOUT_REDIRECT] 1 : Invalid condition id : UX_CORESTACK_Condition cause : null
2025-03-10 16:13:40,262 [INFO] LogOutputStream:77 - [STDOUT_REDIRECT] 1 : Invalid condition id : UX_CORESTACK_Condition cause : null
2025-03-10 16:13:40,264 [INFO] LogOutputStream:77 - [STDOUT_REDIRECT] 1 : Invalid condition id : UX_CORESTACK_Condition cause : null
2025-03-10 16:13:40,264 [WARN] PackLoader:240 - Cannot read IP mode file for STMicroelectronics.X-CUBE-AZRTOS-WL.2.0.0
2025-03-10 16:13:40,278 [WARN] PackLoader:240 - Cannot read IP mode file for STMicroelectronics.FP-SNS-MOTENV1.5.0.0
2025-03-10 16:13:40,289 [WARN] PackLoader:240 - Cannot read IP mode file for wolfSSL.I-CUBE-wolfMQTT.1.19.0
2025-03-10 16:13:40,299 [WARN] PackLoader:240 - Cannot read IP mode file for WES.I-CUBE-Cesium.1.3.0
2025-03-10 16:13:40,318 [WARN] PackLoader:240 - Cannot read IP mode file for STMicroelectronics.X-CUBE-BLE2.3.3.0
2025-03-10 16:13:40,328 [WARN] PackLoader:240 - Cannot read IP mode file for STMicroelectronics.X-CUBE-NFC9.1.0.0
2025-03-10 16:13:40,342 [WARN] PackLoader:240 - Cannot read IP mode file for STMicroelectronics.X-CUBE-BLE1.7.1.0
2025-03-10 16:13:40,361 [WARN] PackLoader:240 - Cannot read IP mode file for STMicroelectronics.X-CUBE-TCPP.4.1.0
2025-03-10 16:13:40,396 [WARN] PackLoader:240 - Cannot read IP mode file for STMicroelectronics.X-CUBE-AZRTOS-G0.1.1.0
2025-03-10 16:13:40,420 [WARN] PackLoader:240 - Cannot read IP mode file for STMicroelectronics.X-CUBE-SAFEA1.1.2.2
2025-03-10 16:13:40,438 [WARN] PackLoader:240 - Cannot read IP mode file for STMicroelectronics.X-CUBE-NFC4.3.0.0
2025-03-10 16:13:40,460 [WARN] PackLoader:240 - Cannot read IP mode file for EmbeddedOffice.I-CUBE-FS-RTOS.1.0.1
2025-03-10 16:13:40,470 [WARN] PackLoader:240 - Cannot read IP mode file for STMicroelectronics.X-CUBE-TCPP.4.2.0
2025-03-10 16:13:40,490 [WARN] PackLoader:240 - Cannot read IP mode file for RealThread.X-CUBE-RT-Thread_Nano.4.1.1
2025-03-10 16:13:40,504 [WARN] PackLoader:240 - Cannot read IP mode file for STMicroelectronics.FP-ATR-SIGFOX1.3.2.0
2025-03-10 16:13:40,515 [WARN] PackLoader:240 - Cannot read IP mode file for wolfSSL.I-CUBE-wolfSSL.5.7.2
2025-03-10 16:13:40,525 [WARN] ConditionMgr:438 - getConditionDescription Invalid condition id : Cortex-A Device cause : null
2025-03-10 16:13:40,555 [WARN] ConditionMgr:1044 - genDependencies : Invalid condition id : Cortex-A Device cause : null
2025-03-10 16:13:40,555 [WARN] ConditionMgr:1044 - genDependencies : Invalid condition id : Cortex-A Device cause : null
2025-03-10 16:13:40,556 [WARN] ConditionMgr:1044 - genDependencies : Invalid condition id : Cortex-A Device cause : null
2025-03-10 16:13:40,572 [WARN] PackLoader:240 - Cannot read IP mode file for STMicroelectronics.X-CUBE-EEPRMA1.5.1.0
2025-03-10 16:13:40,587 [WARN] PackLoader:240 - Cannot read IP mode file for ITTIA_DB.I-CUBE-ITTIADB.8.9.0
2025-03-10 16:13:40,638 [WARN] PackLoader:240 - Cannot read IP mode file for SEGGER.I-CUBE-embOS.1.3.1
2025-03-10 16:13:40,695 [WARN] PackLoader:240 - Cannot read IP mode file for STMicroelectronics.X-CUBE-ALGOBUILD.1.4.0
2025-03-10 16:13:40,708 [WARN] PackLoader:240 - Cannot read IP mode file for STMicroelectronics.X-CUBE-AI.9.1.0
2025-03-10 16:13:40,773 [WARN] PackLoader:240 - Cannot read IP mode file for STMicroelectronics.X-CUBE-AZRTOS-F4.1.1.0
2025-03-10 16:13:40,801 [WARN] PackLoader:240 - Cannot read IP mode file for STMicroelectronics.X-CUBE-ISPU.2.1.0
2025-03-10 16:13:40,821 [WARN] PackLoader:240 - Cannot read IP mode file for STMicroelectronics.X-CUBE-FREERTOS.1.2.0
2025-03-10 16:13:40,886 [WARN] PackLoader:240 - Cannot read IP mode file for STMicroelectronics.X-CUBE-AZRTOS-L5.2.0.0
2025-03-10 16:13:40,903 [WARN] PackLoader:240 - Cannot read IP mode file for STMicroelectronics.X-CUBE-NFC6.3.1.0
2025-03-10 16:13:40,923 [WARN] PackLoader:240 - Cannot read IP mode file for STMicroelectronics.X-CUBE-DPower.1.2.0
2025-03-10 16:13:40,937 [WARN] PackLoader:240 - Cannot read IP mode file for STMicroelectronics.X-CUBE-FREERTOS.1.3.0
2025-03-10 16:13:40,949 [WARN] PackLoader:240 - Cannot read IP mode file for STMicroelectronics.X-CUBE-NFC7.1.0.1
2025-03-10 16:13:41,000 [WARN] ConditionMgr:438 - getConditionDescription Invalid condition id : LAN8742 Phy interface Condition cause : null
2025-03-10 16:13:41,000 [WARN] PackLoader:240 - Cannot read IP mode file for STMicroelectronics.X-CUBE-AZRTOS-L4.2.0.0
2025-03-10 16:13:41,002 [WARN] ConditionMgr:1044 - genDependencies : Invalid condition id : LAN8742 Phy interface Condition cause : null
2025-03-10 16:13:41,002 [WARN] ConditionMgr:1044 - genDependencies : Invalid condition id : LAN8742 Phy interface Condition cause : null
2025-03-10 16:13:41,004 [WARN] ConditionMgr:1044 - genDependencies : Invalid condition id : LAN8742 Phy interface Condition cause : null
2025-03-10 16:13:41,023 [WARN] PackLoader:240 - Cannot read IP mode file for STMicroelectronics.X-CUBE-SFXS2LP1.4.0.0
2025-03-10 16:13:41,070 [WARN] PackLoader:240 - Cannot read IP mode file for STMicroelectronics.X-CUBE-AZRTOS-H7.3.3.0
2025-03-10 16:13:41,100 [WARN] PackLoader:240 - Cannot read IP mode file for STMicroelectronics.X-CUBE-IPS.3.0.0
2025-03-10 16:13:41,145 [WARN] ConditionMgr:438 - getConditionDescription Invalid condition id : UX DEVICE CLASS RTOS Condition cause : null
2025-03-10 16:13:41,145 [WARN] ConditionMgr:438 - getConditionDescription Invalid condition id : UX DEVICE CLASS RTOS Condition cause : null
2025-03-10 16:13:41,147 [WARN] PackLoader:240 - Cannot read IP mode file for STMicroelectronics.X-CUBE-AZRTOS-WB.2.0.0
2025-03-10 16:13:41,147 [WARN] ConditionMgr:1044 - genDependencies : Invalid condition id : UX DEVICE CLASS RTOS Condition cause : null
2025-03-10 16:13:41,147 [WARN] ConditionMgr:1044 - genDependencies : Invalid condition id : UX DEVICE CLASS RTOS Condition cause : null
2025-03-10 16:13:41,147 [WARN] ConditionMgr:1044 - genDependencies : Invalid condition id : UX DEVICE CLASS RTOS Condition cause : null
2025-03-10 16:13:41,147 [WARN] ConditionMgr:1044 - genDependencies : Invalid condition id : UX DEVICE CLASS RTOS Condition cause : null
2025-03-10 16:13:41,147 [WARN] ConditionMgr:1044 - genDependencies : Invalid condition id : UX DEVICE CLASS RTOS Condition cause : null
2025-03-10 16:13:41,167 [WARN] PackLoader:240 - Cannot read IP mode file for STMicroelectronics.X-CUBE-GNSS1.7.0.0
2025-03-10 16:13:41,187 [WARN] PackLoader:240 - Cannot read IP mode file for STMicroelectronics.X-CUBE-GNSS1.7.0.1
2025-03-10 16:13:41,197 [WARN] PackLoader:240 - Cannot read IP mode file for STMicroelectronics.X-CUBE-TOUCHGFX.4.25.0
2025-03-10 16:13:41,214 [WARN] PackLoader:240 - Cannot read IP mode file for STMicroelectronics.FP-SNS-STBOX1.2.0.0
2025-03-10 16:13:41,236 [WARN] PackLoader:240 - Cannot read IP mode file for STMicroelectronics.X-CUBE-SUBG2.5.0.0
2025-03-10 16:13:41,255 [WARN] PackLoader:240 - Cannot read IP mode file for Cesanta.I-CUBE-Mongoose.7.13.0
2025-03-10 16:13:41,287 [WARN] PackLoader:240 - Cannot read IP mode file for STMicroelectronics.X-CUBE-AZRTOS-G4.2.0.0
2025-03-10 16:13:41,312 [WARN] PackLoader:240 - Cannot read IP mode file for STMicroelectronics.X-CUBE-IPS.3.1.0
2025-03-10 16:13:41,333 [WARN] PackLoader:240 - Cannot read IP mode file for STMicroelectronics.X-CUBE-ALS.1.0.2
2025-03-10 16:13:41,341 [WARN] PackLoader:240 - Cannot read IP mode file for STMicroelectronics.X-CUBE-TOUCHGFX.4.24.2
2025-03-10 16:13:41,351 [WARN] PackLoader:240 - Cannot read IP mode file for STMicroelectronics.X-CUBE-TOUCHGFX.4.24.1
2025-03-10 16:13:41,357 [WARN] PackLoader:240 - Cannot read IP mode file for wolfSSL.I-CUBE-wolfTPM.3.4.0
2025-03-10 16:13:41,381 [WARN] PackLoader:240 - Cannot read IP mode file for portGmbH.I-Cube-SoM-uGOAL.1.1.0
2025-03-10 16:13:41,427 [WARN] PackLoader:240 - Cannot read IP mode file for STMicroelectronics.X-CUBE-AZRTOS-H7RS.1.0.0
2025-03-10 16:13:41,436 [WARN] PackLoader:240 - Cannot read IP mode file for STMicroelectronics.FP-ATR-ASTRA1.2.0.0
2025-03-10 16:13:41,470 [WARN] PackLoader:240 - Cannot read IP mode file for STMicroelectronics.X-CUBE-TOF1.3.4.2
2025-03-10 16:13:41,532 [WARN] PackLoader:240 - Cannot read IP mode file for Infineon.AIROC-Wi-Fi-Bluetooth-STM32.1.6.1
2025-03-10 16:13:41,553 [WARN] PackLoader:240 - Cannot read IP mode file for wolfSSL.I-CUBE-wolfSSH.1.4.17
2025-03-10 16:13:41,553 [INFO] ThirdParty:978 - Integrity check success = true
2025-03-10 16:13:41,553 [INFO] IntegrityCheckThread:100 - exiting critical section [integrity check]
2025-03-10 16:13:41,553 [INFO] IntegrityCheckThread:103 - End integrity checks thread
2025-03-10 16:14:32,301 [INFO] WebApp:190 - Connection lost
2025-03-10 16:14:32,484 [INFO] WebApp:187 - Connection restablished
2025-03-10 16:15:34,044 [INFO] McuFinderGlobals:63 - Set McuFinder mode to 2 (CubeIDE integrated)
2025-03-10 16:15:34,053 [INFO] MainUpdater:2872 - connection check result : 10
2025-03-10 16:15:34,055 [INFO] MainUpdater:2872 - connection check result : 10
2025-03-10 16:15:34,103 [INFO] MicroXplorer:468 - Change Database Path : 
2025-03-10 16:15:34,103 [INFO] MicroXplorer:498 - Change Database Version : DB.6.0.130
2025-03-10 16:15:34,107 [WARN] ThirdParty:871 - waiting for thirdparty lock release [close project]
2025-03-10 16:15:34,107 [INFO] ThirdParty:873 - entering critical section [close project]
2025-03-10 16:15:34,108 [INFO] ThirdParty:883 - exiting critical section [close project]
2025-03-10 16:15:34,109 [INFO] PinOutPanel:1589 - setPackage(No Configuration,No Configuration)
2025-03-10 16:15:34,113 [INFO] UtilMem:75 - Begin LoadConfig() Used Memory: 819557912 Bytes (1073741824)
2025-03-10 16:15:34,115 [INFO] MicroXplorer:468 - Change Database Path : 
2025-03-10 16:15:34,115 [INFO] MicroXplorer:498 - Change Database Version : DB.6.0.130
2025-03-10 16:15:34,115 [INFO] OpenFileManager:332 - Change cursor
2025-03-10 16:15:34,147 [INFO] Mcu:2035 - Initializing MCU STM32L4R5Z(G-I)Tx STM32L4R5ZITx STM32L4R5ZIT6
2025-03-10 16:15:36,477 [INFO] Context:748 - Trying to add GPIOservice into a context  which must be forbidden
2025-03-10 16:15:37,373 [INFO] RtosManager:555 - Registered RTOS mode: class=CMSIS, group=RTOS, mode=CMSIS_V1, owner=FREERTOS
2025-03-10 16:15:37,373 [INFO] RtosManager:555 - Registered RTOS mode: class=CMSIS, group=RTOS2, mode=CMSIS_V2, owner=FREERTOS
2025-03-10 16:15:37,373 [INFO] RtosManager:555 - Registered RTOS mode: class=RTOS, group=Core, mode=CMSIS_V1, owner=FREERTOS
2025-03-10 16:15:37,373 [INFO] RtosManager:555 - Registered RTOS mode: class=RTOS, group=Core, mode=CMSIS_V2, owner=FREERTOS
2025-03-10 16:15:37,374 [WARN] ModelIntegratedComponent:184 - Missing modes for component STMicroelectronics:FreeRTOS:0.0.1:STMicroelectronics:RTOS:FreeRTOS:Core:::10.2.0:
2025-03-10 16:15:37,398 [WARN] ModelIntegratedComponent:63 - No mode defined for component null
2025-03-10 16:15:37,398 [WARN] ModelIntegratedComponent:63 - No mode defined for component null
2025-03-10 16:15:37,398 [WARN] ModelIntegratedComponent:63 - No mode defined for component null
2025-03-10 16:15:37,398 [WARN] ModelIntegratedComponent:63 - No mode defined for component null
2025-03-10 16:15:37,398 [WARN] ModelIntegratedComponent:63 - No mode defined for component null
2025-03-10 16:15:37,398 [WARN] ModelIntegratedComponent:63 - No mode defined for component null
2025-03-10 16:15:37,398 [WARN] ModelIntegratedComponent:63 - No mode defined for component null
2025-03-10 16:15:37,399 [WARN] ModelIntegratedComponent:63 - No mode defined for component null
2025-03-10 16:15:37,399 [WARN] ModelIntegratedComponent:63 - No mode defined for component null
2025-03-10 16:15:37,399 [WARN] ModelIntegratedComponent:63 - No mode defined for component null
2025-03-10 16:15:37,399 [WARN] ModelIntegratedComponent:63 - No mode defined for component null
2025-03-10 16:15:37,399 [WARN] ModelIntegratedComponent:63 - No mode defined for component null
2025-03-10 16:15:37,399 [WARN] ModelIntegratedComponent:63 - No mode defined for component null
2025-03-10 16:15:37,399 [WARN] ModelIntegratedComponent:63 - No mode defined for component null
2025-03-10 16:15:37,399 [WARN] ModelIntegratedComponent:63 - No mode defined for component null
2025-03-10 16:15:37,399 [WARN] ModelIntegratedComponent:63 - No mode defined for component null
2025-03-10 16:15:37,399 [WARN] ModelIntegratedComponent:63 - No mode defined for component null
2025-03-10 16:15:37,399 [WARN] ModelIntegratedComponent:63 - No mode defined for component null
2025-03-10 16:15:37,399 [WARN] ModelIntegratedComponent:63 - No mode defined for component null
2025-03-10 16:15:37,399 [WARN] ModelIntegratedComponent:63 - No mode defined for component null
2025-03-10 16:15:37,400 [WARN] ModelIntegratedComponent:63 - No mode defined for component null
2025-03-10 16:15:37,400 [WARN] ModelIntegratedComponent:63 - No mode defined for component null
2025-03-10 16:15:37,400 [WARN] ModelIntegratedComponent:63 - No mode defined for component null
2025-03-10 16:15:37,400 [WARN] ModelIntegratedComponent:63 - No mode defined for component null
2025-03-10 16:15:37,400 [WARN] ModelIntegratedComponent:63 - No mode defined for component null
2025-03-10 16:15:37,401 [WARN] ModelIntegratedComponent:63 - No mode defined for component null
2025-03-10 16:15:37,401 [WARN] ModelIntegratedComponent:63 - No mode defined for component null
2025-03-10 16:15:37,401 [WARN] ModelIntegratedComponent:63 - No mode defined for component null
2025-03-10 16:15:37,401 [WARN] ModelIntegratedComponent:63 - No mode defined for component null
2025-03-10 16:15:37,401 [WARN] ModelIntegratedComponent:63 - No mode defined for component null
2025-03-10 16:15:37,401 [WARN] ModelIntegratedComponent:63 - No mode defined for component null
2025-03-10 16:15:37,401 [WARN] ModelIntegratedComponent:63 - No mode defined for component null
2025-03-10 16:15:37,401 [WARN] ModelIntegratedComponent:63 - No mode defined for component null
2025-03-10 16:15:37,401 [WARN] ModelIntegratedComponent:63 - No mode defined for component null
2025-03-10 16:15:37,401 [WARN] ModelIntegratedComponent:63 - No mode defined for component null
2025-03-10 16:15:37,402 [WARN] ModelPack:524 - Component already loaded: STMicroelectronics:HAL Drivers:0.0.0:STMicroelectronics:Device:STMicro_Driver:XSPI:HAL::0.0.1:HAL_XSPI
2025-03-10 16:15:37,514 [INFO] ThirdPartyModel:298 - Start build external matchings
2025-03-10 16:15:37,921 [INFO] ThirdPartyModel:316 - End build external matchings
2025-03-10 16:15:37,939 [INFO] ImportTextPane:218 - (OptionalMessage_ERROR) IP (RCC) : Invalid parameter (48MHZClocksFreq_Value)
2025-03-10 16:15:37,939 [INFO] ImportTextPane:218 - (OptionalMessage_ERROR) IP (RCC) : Invalid parameter (ADC12outputFreq_Value)
2025-03-10 16:15:37,939 [INFO] ImportTextPane:218 - (OptionalMessage_ERROR) IP (RCC) : Invalid parameter (ADC34outputFreq_Value)
2025-03-10 16:15:37,940 [INFO] ImportTextPane:218 - (OptionalMessage_ERROR) IP (RCC) : Invalid parameter (DFSDM2Freq_Value)
2025-03-10 16:15:37,940 [INFO] ImportTextPane:218 - (OptionalMessage_ERROR) IP (RCC) : Invalid parameter (EthernetFreq_Value)
2025-03-10 16:15:37,940 [INFO] ImportTextPane:218 - (OptionalMessage_ERROR) IP (RCC) : Invalid parameter (FMPI2C1Freq_Value)
2025-03-10 16:15:37,940 [INFO] ImportTextPane:218 - (OptionalMessage_ERROR) IP (RCC) : Invalid parameter (FamilyName)
2025-03-10 16:15:37,940 [INFO] ImportTextPane:218 - (OptionalMessage_ERROR) IP (RCC) : Invalid parameter (I2S1Freq_Value)
2025-03-10 16:15:37,940 [INFO] ImportTextPane:218 - (OptionalMessage_ERROR) IP (RCC) : Invalid parameter (I2S2Freq_Value)
2025-03-10 16:15:37,940 [INFO] ImportTextPane:218 - (OptionalMessage_ERROR) IP (RCC) : Invalid parameter (I2SClocksFreq_Value)
2025-03-10 16:15:37,940 [INFO] ImportTextPane:218 - (OptionalMessage_ERROR) IP (RCC) : Invalid parameter (LPTimerFreq_Value)
2025-03-10 16:15:37,940 [INFO] ImportTextPane:218 - (OptionalMessage_ERROR) IP (RCC) : Invalid parameter (MCO2PinFreq_Value)
2025-03-10 16:15:37,940 [INFO] ImportTextPane:218 - (OptionalMessage_ERROR) IP (RCC) : Invalid parameter (MCOFreq_Value)
2025-03-10 16:15:37,940 [INFO] ImportTextPane:218 - (OptionalMessage_ERROR) IP (RCC) : Invalid parameter (PLLCLKFreq_Value)
2025-03-10 16:15:37,940 [INFO] ImportTextPane:218 - (OptionalMessage_ERROR) IP (RCC) : Parameter (PLLDSIVCOFreq_Value) has invalid value (320000000)
2025-03-10 16:15:37,940 [INFO] ImportTextPane:218 - (OptionalMessage_ERROR) IP (RCC) : Invalid parameter (PLLI2SPCLKFreq_Value)
2025-03-10 16:15:37,940 [INFO] ImportTextPane:218 - (OptionalMessage_ERROR) IP (RCC) : Invalid parameter (PLLI2SQCLKFreq_Value)
2025-03-10 16:15:37,940 [INFO] ImportTextPane:218 - (OptionalMessage_ERROR) IP (RCC) : Invalid parameter (PLLI2SQoutputFreq_Value)
2025-03-10 16:15:37,940 [INFO] ImportTextPane:218 - (OptionalMessage_ERROR) IP (RCC) : Invalid parameter (PLLI2SRCLKFreq_Value)
2025-03-10 16:15:37,940 [INFO] ImportTextPane:218 - (OptionalMessage_ERROR) IP (RCC) : Invalid parameter (PLLI2SoutputFreq_Value)
2025-03-10 16:15:37,940 [INFO] ImportTextPane:218 - (OptionalMessage_ERROR) IP (RCC) : Invalid parameter (PLLMCOFreq_Value)
2025-03-10 16:15:37,940 [INFO] ImportTextPane:218 - (OptionalMessage_ERROR) IP (RCC) : Invalid parameter (PLLMUL)
2025-03-10 16:15:37,941 [INFO] ImportTextPane:218 - (OptionalMessage_ERROR) IP (RCC) : Invalid parameter (PLLQCLKFreq_Value)
2025-03-10 16:15:37,941 [INFO] ImportTextPane:218 - (OptionalMessage_ERROR) IP (RCC) : Invalid parameter (PLLRoutputFreq_Value)
2025-03-10 16:15:37,941 [INFO] ImportTextPane:218 - (OptionalMessage_ERROR) IP (RCC) : Invalid parameter (PRESCALERUSB)
2025-03-10 16:15:37,941 [INFO] ImportTextPane:218 - (OptionalMessage_ERROR) IP (RCC) : Invalid parameter (RTCHSEDivFreq_Value)
2025-03-10 16:15:37,941 [INFO] ImportTextPane:218 - (OptionalMessage_ERROR) IP (RCC) : Invalid parameter (SAI1AFreq_Value)
2025-03-10 16:15:37,941 [INFO] ImportTextPane:218 - (OptionalMessage_ERROR) IP (RCC) : Invalid parameter (SAI1BFreq_Value)
2025-03-10 16:15:37,941 [INFO] ImportTextPane:218 - (OptionalMessage_ERROR) IP (RCC) : Invalid parameter (SDIOFreq_Value)
2025-03-10 16:15:37,942 [INFO] ImportTextPane:218 - (OptionalMessage_ERROR) IP (RCC) : Invalid parameter (SYSCLKSourceVirtual)
2025-03-10 16:15:37,942 [INFO] ImportTextPane:218 - (OptionalMessage_ERROR) IP (RCC) : Invalid parameter (TIM15Freq_Value)
2025-03-10 16:15:37,942 [INFO] ImportTextPane:218 - (OptionalMessage_ERROR) IP (RCC) : Invalid parameter (TIM16Freq_Value)
2025-03-10 16:15:37,942 [INFO] ImportTextPane:218 - (OptionalMessage_ERROR) IP (RCC) : Invalid parameter (TIM17Freq_Value)
2025-03-10 16:15:37,942 [INFO] ImportTextPane:218 - (OptionalMessage_ERROR) IP (RCC) : Invalid parameter (TIM1Freq_Value)
2025-03-10 16:15:37,942 [INFO] ImportTextPane:218 - (OptionalMessage_ERROR) IP (RCC) : Invalid parameter (TIM20Freq_Value)
2025-03-10 16:15:37,942 [INFO] ImportTextPane:218 - (OptionalMessage_ERROR) IP (RCC) : Invalid parameter (TIM2Freq_Value)
2025-03-10 16:15:37,942 [INFO] ImportTextPane:218 - (OptionalMessage_ERROR) IP (RCC) : Invalid parameter (TIM3Freq_Value)
2025-03-10 16:15:37,942 [INFO] ImportTextPane:218 - (OptionalMessage_ERROR) IP (RCC) : Invalid parameter (TIM8Freq_Value)
2025-03-10 16:15:37,942 [INFO] ImportTextPane:218 - (OptionalMessage_ERROR) IP (RCC) : Invalid parameter (VCOI2SInputFreq_Value)
2025-03-10 16:15:37,942 [INFO] ImportTextPane:218 - (OptionalMessage_ERROR) IP (RCC) : Invalid parameter (VCOI2SOutputFreq_Value)
2025-03-10 16:15:37,942 [INFO] ImportTextPane:218 - (OptionalMessage_ERROR) IP (RCC) : Invalid parameter (VCOInputMFreq_Value)
2025-03-10 16:15:37,942 [INFO] ImportTextPane:218 - (OptionalMessage_ERROR) IP (RCC) : Invalid parameter (VCOOutput2Freq_Value)
2025-03-10 16:15:37,943 [INFO] ImportTextPane:218 - (OptionalMessage_ERROR) IP (RCC) : Invalid parameter (VcooutputI2S)
2025-03-10 16:15:38,499 [INFO] ApiDb:581 - Connected to CubeFinder SQLite database (C:\Users\baron\.stmcufinder\plugins\mcufinder\mcu\cube-finder-db.db)
2025-03-10 16:15:38,629 [INFO] ApiDb:668 - CubeFinder database Data Model version=2.1
2025-03-10 16:15:38,629 [INFO] ApiDb:669 - CubeFinder database Configuration version=3.0.39
2025-03-10 16:15:38,629 [INFO] ApiDb:670 - CubeFinder database generation date=2025-02-07 (1738919966)
2025-03-10 16:15:38,629 [INFO] ApiDb:671 - CubeFinder database FW Pack versions=[FP-ATR-ASTRA1_V2.0.0, FP-SNS-FLIGHT1_V5.0.2, FP-SNS-MOTENV1_V5.0.0, FP-SNS-MOTENVWB1_V1.4.0, FP-SNS-SMARTAG2_V1.2.0, FP-SNS-STBOX1_V2.0.0, STM32Cube_FW_C0_V1.3.0, STM32Cube_FW_F4_V1.28.1, STM32Cube_FW_F7_V1.17.2, STM32Cube_FW_G0_V1.6.2, STM32Cube_FW_G4_V1.6.1, STM32Cube_FW_H5_V1.4.0, STM32Cube_FW_H7RS_V1.1.0, STM32Cube_FW_H7_V1.12.0, STM32Cube_FW_L0_V1.12.2, STM32Cube_FW_L4_V1.18.1, STM32Cube_FW_L5_V1.5.1, STM32Cube_FW_N6_V1.0.0, STM32Cube_FW_U0_V1.2.0, STM32Cube_FW_U3_V1.0.0, STM32Cube_FW_U5_V1.7.0, STM32Cube_FW_WB0_V1.1.0, STM32Cube_FW_WBA_V1.5.0, STM32Cube_FW_WB_V1.21.0, STM32Cube_FW_WL3_V1.0.0, STM32Cube_FW_WL_V1.3.0, X-CUBE-ALGOBUILD_V1.4.0, X-CUBE-ALS_V1.0.2, X-CUBE-AZRTOS-F4_V1.1.0, X-CUBE-AZRTOS-F7_V1.1.0, X-CUBE-AZRTOS-G0_V1.1.0, X-CUBE-AZRTOS-G4_V2.0.0, X-CUBE-AZRTOS-H7RS_V1.0.0, X-CUBE-AZRTOS-H7_V3.3.0, X-CUBE-AZRTOS-L4_V2.0.0, X-CUBE-AZRTOS-L5_V2.0.0, X-CUBE-AZRTOS-WB_V2.0.0, X-CUBE-AZRTOS-WL_V2.0.0, X-CUBE-BLE1_V7.0.0, X-CUBE-BLE2_V3.3.0, X-CUBE-BLEMGR_V4.0.0, X-CUBE-EEPRMA1_V5.1.0, X-CUBE-FREERTOS_V1.2.0, X-CUBE-GNSS1_V6.0.0, X-CUBE-MEMS1_V11.1.0, X-CUBE-NFC4_V3.0.0, X-CUBE-NFC7_V1.0.1, X-CUBE-SFXS2LP1_V4.0.0, X-CUBE-SUBG2_V5.0.0, X-CUBE-TOF1_V3.4.2]
2025-03-10 16:15:38,747 [INFO] DbBoardsSqlite:226 - include board P-NUCLEO-WB55-NUCLEO as a kit item of type 'Nucleo-64'
2025-03-10 16:15:38,747 [INFO] DbBoardsSqlite:226 - include board P-NUCLEO-WB55-USBDONGLE as a kit item of type 'Nucleo USB Dongle'
2025-03-10 16:15:38,748 [INFO] DbBoardsSqlite:226 - include board STEVAL-IDP005V1 as a kit item of type 'Evaluation Board'
2025-03-10 16:15:38,749 [INFO] DbBoardsSqlite:226 - include board STEVAL-IDP005V2 as a kit item of type 'Evaluation Board'
2025-03-10 16:15:39,324 [INFO] ApiDb:240 - Found 858 in-development CPN: [B-G473E-ZEST1S, B-WB1M-WPAN1, B-WBA5M-WPAN, B-WL5M-SUBG1, NUCLEO-C031C6, NUCLEO-C051C8, NUCLEO-C071RB, NUCLEO-C092RC, NUCLEO-H503RB, NUCLEO-H533RE, NUCLEO-H563ZI, NUCLEO-H7S3L8, NUCLEO-N657X0-Q, NUCLEO-U031R8, NUCLEO-U083RC, NUCLEO-U385RG-Q, NUCLEO-U545RE-Q, NUCLEO-U5A5ZJ-Q, NUCLEO-WB05KZ, NUCLEO-WB07CC, NUCLEO-WB09KE, NUCLEO-WBA52CG, NUCLEO-WBA55CG, NUCLEO-WL33CC1, NUCLEO-WL33CC2, STEVAL-PROTEUS1, STEVAL-SMARTAG2, STEVAL-STWINBX1, STM320518-EVAL, STM32C0116-DK, STM32C011D6Y3TR, STM32C011D6Y6TR, STM32C011F4P3, STM32C011F4P6, STM32C011F4U3, STM32C011F4U6TR, STM32C011F6P3, STM32C011F6P6, STM32C011F6U3, STM32C011F6U6TR, STM32C011J4M3, STM32C011J4M6, STM32C011J6M3, STM32C011J6M6, STM32C0316-DK, STM32C031C4T3, STM32C031C4T6, STM32C031C4U3, STM32C031C4U6, STM32C031C6T3, STM32C031C6T6, STM32C031C6U3, STM32C031C6U6, STM32C031F4P3, STM32C031F4P6, STM32C031F6P3, STM32C031F6P6, STM32C031G4U3, STM32C031G4U6, STM32C031G6U3, STM32C031G6U6, STM32C031K4T3, STM32C031K4T6, STM32C031K4U3, STM32C031K4U6, STM32C031K6T3, STM32C031K6T6, STM32C031K6U3, STM32C031K6U6, STM32C051C6T6, STM32C051C6U6, STM32C051C8T6, STM32C051C8U6, STM32C051D8Y6TR, STM32C051F6P6, STM32C051F8P6, STM32C051G6U6, STM32C051G8U6, STM32C051K6T6, STM32C051K6U6, STM32C051K8T6, STM32C071C8T6, STM32C071C8T6N, STM32C071C8U6, STM32C071C8U6N, STM32C071CBT6, STM32C071CBT6N, STM32C071CBU6, STM32C071CBU6N, STM32C071F8P6, STM32C071F8P6N, STM32C071FBP6, STM32C071FBP6N, STM32C071FBY6TR, STM32C071G8U6, STM32C071G8U6N, STM32C071GBU6, STM32C071GBU6N, STM32C071K8T6, STM32C071K8T6N, STM32C071K8U6, STM32C071K8U6N, STM32C071KBT6, STM32C071KBT6N, STM32C071KBU6, STM32C071KBU6N, STM32C071R8T6, STM32C071R8T6N, STM32C071RBI6N, STM32C071RBT6, STM32C071RBT6N, STM32C091CBT6, STM32C091CBU6, STM32C091CCT6, STM32C091CCU6, STM32C091ECY6TR, STM32C091FBP6, STM32C091FCP6, STM32C091GBU6, STM32C091GCU6, STM32C091KBT6, STM32C091KBU6, STM32C091KCT6, STM32C091KCU6, STM32C091RBT6, STM32C091RCI6, STM32C091RCT6, STM32C092CBT6, STM32C092CBU6, STM32C092CCT6, STM32C092CCU6, STM32C092ECY6TR, STM32C092FBP6, STM32C092FCP6, STM32C092GBU6, STM32C092GCU6, STM32C092KBT6, STM32C092KBU6, STM32C092KCT6, STM32C092KCU6, STM32C092RBT6, STM32C092RCI6, STM32C092RCT6, STM32G071K8TXN, STM32G071K8UXN, STM32G081GBU6N, STM32G081KBT6N, STM32G081KBUXN, STM32G0B1CCT6N, STM32G0B1KCT6, STM32G0B1NEY6TR, STM32G0B1RCT6N, STM32G0C1CCT6, STM32G0C1CCT6N, STM32G0C1CCU6N, STM32G0C1CET6N, STM32G0C1CEU6N, STM32G0C1KCT6, STM32G0C1NEY6TR, STM32G0C1RCI6N, STM32G0C1RCT6N, STM32G0C1REI6N, STM32G0C1RET6N, STM32G0C1VCI6, STM32G0C1VEI6, STM32G411C6T3, STM32G411C6T6, STM32G411C6U3, STM32G411C6U6, STM32G411C8T3, STM32G411C8T6, STM32G411C8U3, STM32G411C8U6, STM32G411CBT3, STM32G411CBT6, STM32G411CBU3, STM32G411CBU6, STM32G411CCT3, STM32G411CCT6, STM32G411CCU3, STM32G411CCU6, STM32G411K6T3, STM32G411K6T6, STM32G411K6U3, STM32G411K6U6, STM32G411K8T3, STM32G411K8T6, STM32G411K8U3, STM32G411K8U6, STM32G411KBT3, STM32G411KBT6, STM32G411KBU3, STM32G411KBU6, STM32G411M6T3, STM32G411M6T6, STM32G411M8T3, STM32G411M8T6, STM32G411MBT3, STM32G411MBT6, STM32G411MCT3, STM32G411MCT6, STM32G411R6T3, STM32G411R6T6, STM32G411R8T3, STM32G411R8T6, STM32G411RBT3, STM32G411RBT6, STM32G411RCT3, STM32G411RCT6, STM32G414CBT3, STM32G414CBT6, STM32G414CBU3, STM32G414CBU6, STM32G414CCT3, STM32G414CCT6, STM32G414CCU3, STM32G414CCU6, STM32G414MBT3, STM32G414MBT6, STM32G414MCT3, STM32G414MCT6, STM32G414RBT3, STM32G414RBT6, STM32G414RCT3, STM32G414RCT6, STM32G414VBT3, STM32G414VBT6, STM32G414VCT3, STM32G414VCT6, STM32G431CBT3Z, STM32G431RBT3Z, STM32G471CCT6, STM32G471CCU6, STM32G471CET3, STM32G471CET6, STM32G471CEU3, STM32G471CEU6, STM32G471MCT6, STM32G471MET3, STM32G471MET6, STM32G471MEY6TR, STM32G471QCT6, STM32G471QET3, STM32G471RCT6, STM32G471RET3, STM32G471RET6, STM32G471VCH6, STM32G471VCI6, STM32G471VCT6, STM32G471VEH3, STM32G471VEH6, STM32G471VEI3, STM32G471VEI6, STM32G471VET3, STM32G471VET6, STM32G473QET3Z, STM32G473RET3Z, STM32G474CCT6, STM32G491RET3Z, STM32H503CBT6, STM32H503CBU6, STM32H503EBY6TR, STM32H503KBU6, STM32H503RBT6, STM32H523CCT6, STM32H523CCU6, STM32H523CET6, STM32H523CEU6, STM32H523HEY6TR, STM32H523RCT6, STM32H523RET6, STM32H523VCI6, STM32H523VCT6, STM32H523VEI6, STM32H523VET6, STM32H523ZCJ6, STM32H523ZCT6, STM32H523ZEJ6, STM32H523ZET6, STM32H533CET6, STM32H533CEU6, STM32H533HEY6TR, STM32H533RET6, STM32H533VEI6, STM32H533VET6, STM32H533ZEJ6, STM32H533ZET6, STM32H562AGI6, STM32H562AII6, STM32H562IGK6, STM32H562IGT6, STM32H562IIK6, STM32H562IIT6, STM32H562RGT6, STM32H562RGV6, STM32H562RIT6, STM32H562RIV6, STM32H562VGT6, STM32H562VIT6, STM32H562ZGT6, STM32H562ZIT6, STM32H563AGI6, STM32H563AII3Q, STM32H563AII6, STM32H563IGK6, STM32H563IGT6, STM32H563IIK3Q, STM32H563IIK6, STM32H563IIT3Q, STM32H563IIT6, STM32H563MIY3QTR, STM32H563RGT6, STM32H563RGV6, STM32H563RIT6, STM32H563RIV6, STM32H563VGT6, STM32H563VIT3Q, STM32H563VIT6, STM32H563ZGT6, STM32H563ZIT3Q, STM32H563ZIT6, STM32H573AII3Q, STM32H573AII6, STM32H573I-DK, STM32H573IIK3Q, STM32H573IIK6, STM32H573IIT3Q, STM32H573IIT6, STM32H573MIY3QTR, STM32H573RIT6, STM32H573RIV6, STM32H573VIT3Q, STM32H573VIT6, STM32H573ZIT3Q, STM32H573ZIT6, STM32H7R3A8I6, STM32H7R3I8K6, STM32H7R3I8T6, STM32H7R3L8H6, STM32H7R3L8H6H, STM32H7R3R8V6, STM32H7R3V8H6, STM32H7R3V8T6, STM32H7R3V8Y6TR, STM32H7R3Z8J6, STM32H7R3Z8T6, STM32H7R7A8I6, STM32H7R7I8K6, STM32H7R7I8T6, STM32H7R7L8H6, STM32H7R7L8H6H, STM32H7R7Z8J6, STM32H7S3A8I6, STM32H7S3I8K6, STM32H7S3I8T6, STM32H7S3L8H6, STM32H7S3L8H6H, STM32H7S3R8V6, STM32H7S3V8H6, STM32H7S3V8T6, STM32H7S3V8Y6TR, STM32H7S3Z8J6, STM32H7S3Z8T6, STM32H7S78-DK, STM32H7S7A8I6, STM32H7S7I8K6, STM32H7S7I8T6, STM32H7S7L8H6, STM32H7S7L8H6H, STM32H7S7Z8J6, STM32L4R5QGI6STR, STM32MP131AAE3, STM32MP131AAF3, STM32MP131AAG3, STM32MP131CAE3, STM32MP131CAF3, STM32MP131CAG3, STM32MP131DAE7, STM32MP131DAF7, STM32MP131DAG7, STM32MP131FAE7, STM32MP131FAF7, STM32MP131FAG7, STM32MP133AAE3, STM32MP133AAF3, STM32MP133AAG3, STM32MP133CAE3, STM32MP133CAF3, STM32MP133CAG3, STM32MP133DAE7, STM32MP133DAF7, STM32MP133DAG7, STM32MP133FAE7, STM32MP133FAF7, STM32MP133FAG7, STM32MP135AAE3, STM32MP135AAF3, STM32MP135AAG3, STM32MP135CAE3, STM32MP135CAF3, STM32MP135CAG3, STM32MP135DAE7, STM32MP135DAF7, STM32MP135DAG7, STM32MP135F-DK, STM32MP135FAE7, STM32MP135FAF7, STM32MP135FAF7T, STM32MP135FAF7U, STM32MP135FAG7, STM32MP231AAJ3, STM32MP231AAK3, STM32MP231AAL3, STM32MP231CAJ3, STM32MP231CAK3, STM32MP231CAL3, STM32MP231DAJ3, STM32MP231DAK3, STM32MP231DAL3, STM32MP231FAJ3, STM32MP231FAK3, STM32MP231FAL3, STM32MP233AAJ3, STM32MP233AAK3, STM32MP233AAL3, STM32MP233CAJ3, STM32MP233CAK3, STM32MP233CAL3, STM32MP233DAJ3, STM32MP233DAK3, STM32MP233DAL3, STM32MP233FAJ3, STM32MP233FAK3, STM32MP233FAL3, STM32MP235AAJ3, STM32MP235AAK3, STM32MP235AAL3, STM32MP235CAJ3, STM32MP235CAK3, STM32MP235CAL3, STM32MP235DAJ3, STM32MP235DAK3, STM32MP235DAL3, STM32MP235FAJ3, STM32MP235FAK3, STM32MP235FAL3, STM32MP251AAI3, STM32MP251AAJ3, STM32MP251AAK3, STM32MP251AAL3, STM32MP251CAI3, STM32MP251CAJ3, STM32MP251CAK3, STM32MP251CAL3, STM32MP251DAI3, STM32MP251DAJ3, STM32MP251DAK3, STM32MP251DAL3, STM32MP251FAI3, STM32MP251FAJ3, STM32MP251FAK3, STM32MP251FAL3, STM32MP253AAI3, STM32MP253AAJ3, STM32MP253AAK3, STM32MP253AAL3, STM32MP253CAI3, STM32MP253CAJ3, STM32MP253CAK3, STM32MP253CAL3, STM32MP253DAI3, STM32MP253DAJ3, STM32MP253DAK3, STM32MP253DAL3, STM32MP253FAI3, STM32MP253FAJ3, STM32MP253FAK3, STM32MP253FAL3, STM32MP255AAI3, STM32MP255AAJ3, STM32MP255AAK3, STM32MP255AAL3, STM32MP255CAI3, STM32MP255CAJ3, STM32MP255CAK3, STM32MP255CAL3, STM32MP255DAI3, STM32MP255DAJ3, STM32MP255DAK3, STM32MP255DAL3, STM32MP255FAI3, STM32MP255FAJ3, STM32MP255FAK3, STM32MP255FAL3, STM32MP257AAI3, STM32MP257AAJ3, STM32MP257AAK3, STM32MP257AAL3, STM32MP257CAI3, STM32MP257CAJ3, STM32MP257CAK3, STM32MP257CAL3, STM32MP257DAI3, STM32MP257DAJ3, STM32MP257DAK3, STM32MP257DAL3, STM32MP257F-DK, STM32MP257F-EV1, STM32MP257FAI3, STM32MP257FAJ3, STM32MP257FAK3, STM32MP257FAL3, STM32N645A0H3Q, STM32N645B0H3Q, STM32N645I0H3Q, STM32N645L0H3Q, STM32N645X0H3Q, STM32N645Z0H3Q, STM32N647A0H3Q, STM32N647B0H3Q, STM32N647I0H3Q, STM32N647L0H3Q, STM32N647X0H3Q, STM32N647Z0H3Q, STM32N655A0H3Q, STM32N655B0H3Q, STM32N655I0H3Q, STM32N655L0H3Q, STM32N655X0H3Q, STM32N655Z0H3Q, STM32N6570-DK, STM32N657A0H3Q, STM32N657B0H3Q, STM32N657I0H3Q, STM32N657L0H3Q, STM32N657X0H3Q, STM32N657Z0H3Q, STM32U031C6T6, STM32U031C6U6, STM32U031C8T6, STM32U031C8U6, STM32U031F4P6, STM32U031F6P6, STM32U031F8P6, STM32U031G6Y6TR, STM32U031G8Y6TR, STM32U031K4U6, STM32U031K6U6, STM32U031K8U6, STM32U031R6I6, STM32U031R6T6, STM32U031R8I6, STM32U031R8T6, STM32U073C8T6, STM32U073C8U6, STM32U073CBT6, STM32U073CBU6, STM32U073CCT6, STM32U073CCU6, STM32U073H8Y6TR, STM32U073HBY6TR, STM32U073HCY6TR, STM32U073K8U6, STM32U073KBU6, STM32U073KCU6, STM32U073M8I6, STM32U073M8T6, STM32U073MBI6, STM32U073MBT6, STM32U073MCI6, STM32U073MCT6, STM32U073R8I6, STM32U073R8T6, STM32U073RBI6, STM32U073RBT6, STM32U073RCI6, STM32U073RCT6, STM32U083C-DK, STM32U083CCT6, STM32U083CCU6, STM32U083HCY6TR, STM32U083KCU6, STM32U083MCI6, STM32U083MCT6, STM32U083RCI6, STM32U083RCT6, STM32U375CET6, STM32U375CET6Q, STM32U375CEU6, STM32U375CEU6Q, STM32U375CEY6QTR, STM32U375CGT6, STM32U375CGT6Q, STM32U375CGU6, STM32U375CGU6Q, STM32U375CGY6QTR, STM32U375KEU6, STM32U375KGU6, STM32U375REI6, STM32U375REI6Q, STM32U375RET6, STM32U375RET6Q, STM32U375REY6GTR, STM32U375REY6QTR, STM32U375RGI6, STM32U375RGI6Q, STM32U375RGT6, STM32U375RGT6Q, STM32U375RGY6GTR, STM32U375RGY6QTR, STM32U375VEI6, STM32U375VEI6Q, STM32U375VET6, STM32U375VET6Q, STM32U375VGI6, STM32U375VGI6Q, STM32U375VGT6, STM32U375VGT6Q, STM32U385CGT6, STM32U385CGT6Q, STM32U385CGU6, STM32U385CGU6Q, STM32U385CGY6QTR, STM32U385KGU6, STM32U385RGI6, STM32U385RGI6Q, STM32U385RGT6, STM32U385RGT6Q, STM32U385RGY6GTR, STM32U385RGY6QTR, STM32U385VGI6, STM32U385VGI6Q, STM32U385VGT6, STM32U385VGT6Q, STM32U535CBT6, STM32U535CBT6Q, STM32U535CBU6, STM32U535CBU6Q, STM32U535CCT6, STM32U535CCT6Q, STM32U535CCU6, STM32U535CCU6Q, STM32U535CET6, STM32U535CET6Q, STM32U535CEU6, STM32U535CEU6Q, STM32U535JEY6QTR, STM32U535NCY6QTR, STM32U535NEY6QTR, STM32U535RBI6, STM32U535RBI6Q, STM32U535RBT6, STM32U535RBT6Q, STM32U535RCI6, STM32U535RCI6Q, STM32U535RCT6, STM32U535RCT6Q, STM32U535REI6, STM32U535REI6Q, STM32U535RET6, STM32U535RET6Q, STM32U535VCI6, STM32U535VCI6Q, STM32U535VCT6, STM32U535VCT6Q, STM32U535VEI6, STM32U535VEI6Q, STM32U535VET6, STM32U535VET6Q, STM32U545CET6, STM32U545CET6Q, STM32U545CEU6, STM32U545CEU6Q, STM32U545JEY6QTR, STM32U545NEY6QTR, STM32U545REI6, STM32U545REI6Q, STM32U545RET6, STM32U545RET6Q, STM32U545VEI6, STM32U545VEI6Q, STM32U545VET6, STM32U545VET6Q, STM32U595AIH6, STM32U595AIH6Q, STM32U595AJH6, STM32U595AJH6Q, STM32U595QII6, STM32U595QII6Q, STM32U595QJI6, STM32U595QJI6Q, STM32U595RIT6, STM32U595RIT6Q, STM32U595RJT6, STM32U595RJT6Q, STM32U595VIT6, STM32U595VIT6Q, STM32U595VJT6, STM32U595VJT6Q, STM32U595ZIT6, STM32U595ZIT6Q, STM32U595ZIY6QTR, STM32U595ZJT6, STM32U595ZJT6Q, STM32U595ZJY6QTR, STM32U599BJY6QTR, STM32U599NIH6Q, STM32U599NJH6Q, STM32U599VIT6Q, STM32U599VJT6, STM32U599VJT6Q, STM32U599ZIT6Q, STM32U599ZIY6QTR, STM32U599ZJT6Q, STM32U599ZJY6QTR, STM32U5A5AJH6, STM32U5A5AJH6Q, STM32U5A5QII3Q , STM32U5A5QJI6, STM32U5A5QJI6Q, STM32U5A5RJT6, STM32U5A5RJT6Q, STM32U5A5VJT6, STM32U5A5VJT6Q, STM32U5A5ZJT6, STM32U5A5ZJT6Q, STM32U5A5ZJY6QTR, STM32U5A9BJY6QTR, STM32U5A9J-DK, STM32U5A9NJH6Q, STM32U5A9VJT6Q, STM32U5A9ZJT6Q, STM32U5A9ZJY6QTR, STM32U5F7VIT6, STM32U5F7VIT6Q, STM32U5F7VJT6, STM32U5F7VJT6Q, STM32U5F9BJY6QTR, STM32U5F9NJH6Q, STM32U5F9VIT6Q, STM32U5F9VJT6Q, STM32U5F9ZIJ6QTR, STM32U5F9ZIT6Q, STM32U5F9ZJJ6QTR, STM32U5F9ZJT6Q, STM32U5G7VJT6, STM32U5G7VJT6Q, STM32U5G9BJY6QTR, STM32U5G9J-DK1, STM32U5G9J-DK2, STM32U5G9NJH6Q, STM32U5G9VJT6Q, STM32U5G9ZJJ6QTR, STM32U5G9ZJT6Q, STM32WB05KZV6TR, STM32WB05KZV7TR, STM32WB05TZF6TR, STM32WB05TZF7TR, STM32WB06CCF6TR, STM32WB06CCF7TR, STM32WB06CCV6TR, STM32WB06CCV7TR, STM32WB06KCV6TR, STM32WB06KCV7TR, STM32WB07CCF6TR, STM32WB07CCF7TR, STM32WB07CCV6TR, STM32WB07CCV7TR, STM32WB07KCV6TR, STM32WB07KCV7TR, STM32WB09KEV6TR, STM32WB09KEV7TR, STM32WB09TEF6TR, STM32WB09TEF7TR, STM32WB1MMCH6, STM32WBA50KGU6, STM32WBA50KGU6TR, STM32WBA52CEU6, STM32WBA52CEU6TR, STM32WBA52CEU7, STM32WBA52CEU7TR, STM32WBA52CGU6, STM32WBA52CGU6TR, STM32WBA52CGU6U, STM32WBA52CGU7, STM32WBA52CGU7TR, STM32WBA52KEU6, STM32WBA52KEU6TR, STM32WBA52KGU6, STM32WBA52KGU6TR, STM32WBA54CEU6, STM32WBA54CEU6TR, STM32WBA54CEU7, STM32WBA54CEU7TR, STM32WBA54CGU6, STM32WBA54CGU6TR, STM32WBA54CGU7, STM32WBA54CGU7TR, STM32WBA54KEU6, STM32WBA54KEU6TR, STM32WBA54KEU7, STM32WBA54KEU7TR, STM32WBA54KGU6, STM32WBA54KGU6TR, STM32WBA54KGU7, STM32WBA54KGU7TR, STM32WBA55CEU6, STM32WBA55CEU6TR, STM32WBA55CEU7, STM32WBA55CEU7TR, STM32WBA55CGU6, STM32WBA55CGU6TR, STM32WBA55CGU6U, STM32WBA55CGU7, STM32WBA55CGU7TR, STM32WBA55G-DK1, STM32WBA55HEF6, STM32WBA55HEF7, STM32WBA55HGF6, STM32WBA55HGF7, STM32WBA55UEI6, STM32WBA55UEI6TR, STM32WBA55UEI7, STM32WBA55UEI7TR, STM32WBA55UGI6, STM32WBA55UGI6TR, STM32WBA55UGI7, STM32WBA55UGI7TR, STM32WBA5MJGH6TR, STM32WBA5MJGH6U, STM32WL33C8V6, STM32WL33C8V6TR, STM32WL33C8V7, STM32WL33C8V7TR, STM32WL33CBV6, STM32WL33CBV6TR, STM32WL33CBV7, STM32WL33CBV7TR, STM32WL33CCV6, STM32WL33CCV6TR, STM32WL33CCV7, STM32WL33CCV7A, STM32WL33CCV7ATR, STM32WL33CCV7TR, STM32WL33K8V6, STM32WL33K8V6TR, STM32WL33K8V7, STM32WL33K8V7TR, STM32WL33KBV6, STM32WL33KBV6TR, STM32WL33KBV7, STM32WL33KBV7TR, STM32WL33KCV6, STM32WL33KCV6TR, STM32WL33KCV7, STM32WL33KCV7TR, STM32WL5MOCH6, STM32WL5MOCH6TR]
2025-03-10 16:15:39,556 [INFO] BoardInfo:889 - No configuration file found for board P-NUCLEO-WB55
2025-03-10 16:15:39,557 [INFO] DbBoards:161 - Kit is not supported: P-NUCLEO-WB55
2025-03-10 16:15:39,564 [INFO] BoardInfo:889 - No configuration file found for board STEVAL-BFA001V1B
2025-03-10 16:15:39,565 [INFO] DbBoards:161 - Kit is not supported: STEVAL-BFA001V1B
2025-03-10 16:15:39,566 [INFO] BoardInfo:889 - No configuration file found for board STEVAL-BFA001V2B
2025-03-10 16:15:39,567 [INFO] DbBoards:161 - Kit is not supported: STEVAL-BFA001V2B
2025-03-10 16:15:39,769 [INFO] DbBoards:168 - Found 209 boards, 206 are supported
2025-03-10 16:15:39,769 [INFO] DbBoards:169 - Found 209 boards, 42 of them is supported for  Bsp
2025-03-10 16:15:39,772 [INFO] ApiDb:668 - CubeFinder database Data Model version=2.1
2025-03-10 16:15:39,772 [INFO] ApiDb:669 - CubeFinder database Configuration version=3.0.39
2025-03-10 16:15:39,772 [INFO] ApiDb:670 - CubeFinder database generation date=2025-02-07 (1738919966)
2025-03-10 16:15:39,772 [INFO] ApiDb:671 - CubeFinder database FW Pack versions=[FP-ATR-ASTRA1_V2.0.0, FP-SNS-FLIGHT1_V5.0.2, FP-SNS-MOTENV1_V5.0.0, FP-SNS-MOTENVWB1_V1.4.0, FP-SNS-SMARTAG2_V1.2.0, FP-SNS-STBOX1_V2.0.0, STM32Cube_FW_C0_V1.3.0, STM32Cube_FW_F4_V1.28.1, STM32Cube_FW_F7_V1.17.2, STM32Cube_FW_G0_V1.6.2, STM32Cube_FW_G4_V1.6.1, STM32Cube_FW_H5_V1.4.0, STM32Cube_FW_H7RS_V1.1.0, STM32Cube_FW_H7_V1.12.0, STM32Cube_FW_L0_V1.12.2, STM32Cube_FW_L4_V1.18.1, STM32Cube_FW_L5_V1.5.1, STM32Cube_FW_N6_V1.0.0, STM32Cube_FW_U0_V1.2.0, STM32Cube_FW_U3_V1.0.0, STM32Cube_FW_U5_V1.7.0, STM32Cube_FW_WB0_V1.1.0, STM32Cube_FW_WBA_V1.5.0, STM32Cube_FW_WB_V1.21.0, STM32Cube_FW_WL3_V1.0.0, STM32Cube_FW_WL_V1.3.0, X-CUBE-ALGOBUILD_V1.4.0, X-CUBE-ALS_V1.0.2, X-CUBE-AZRTOS-F4_V1.1.0, X-CUBE-AZRTOS-F7_V1.1.0, X-CUBE-AZRTOS-G0_V1.1.0, X-CUBE-AZRTOS-G4_V2.0.0, X-CUBE-AZRTOS-H7RS_V1.0.0, X-CUBE-AZRTOS-H7_V3.3.0, X-CUBE-AZRTOS-L4_V2.0.0, X-CUBE-AZRTOS-L5_V2.0.0, X-CUBE-AZRTOS-WB_V2.0.0, X-CUBE-AZRTOS-WL_V2.0.0, X-CUBE-BLE1_V7.0.0, X-CUBE-BLE2_V3.3.0, X-CUBE-BLEMGR_V4.0.0, X-CUBE-EEPRMA1_V5.1.0, X-CUBE-FREERTOS_V1.2.0, X-CUBE-GNSS1_V6.0.0, X-CUBE-MEMS1_V11.1.0, X-CUBE-NFC4_V3.0.0, X-CUBE-NFC7_V1.0.1, X-CUBE-SFXS2LP1_V4.0.0, X-CUBE-SUBG2_V5.0.0, X-CUBE-TOF1_V3.4.2]
2025-03-10 16:15:41,273 [INFO] ApiDb:240 - Found 858 in-development CPN: [B-G473E-ZEST1S, B-WB1M-WPAN1, B-WBA5M-WPAN, B-WL5M-SUBG1, NUCLEO-C031C6, NUCLEO-C051C8, NUCLEO-C071RB, NUCLEO-C092RC, NUCLEO-H503RB, NUCLEO-H533RE, NUCLEO-H563ZI, NUCLEO-H7S3L8, NUCLEO-N657X0-Q, NUCLEO-U031R8, NUCLEO-U083RC, NUCLEO-U385RG-Q, NUCLEO-U545RE-Q, NUCLEO-U5A5ZJ-Q, NUCLEO-WB05KZ, NUCLEO-WB07CC, NUCLEO-WB09KE, NUCLEO-WBA52CG, NUCLEO-WBA55CG, NUCLEO-WL33CC1, NUCLEO-WL33CC2, STEVAL-PROTEUS1, STEVAL-SMARTAG2, STEVAL-STWINBX1, STM320518-EVAL, STM32C0116-DK, STM32C011D6Y3TR, STM32C011D6Y6TR, STM32C011F4P3, STM32C011F4P6, STM32C011F4U3, STM32C011F4U6TR, STM32C011F6P3, STM32C011F6P6, STM32C011F6U3, STM32C011F6U6TR, STM32C011J4M3, STM32C011J4M6, STM32C011J6M3, STM32C011J6M6, STM32C0316-DK, STM32C031C4T3, STM32C031C4T6, STM32C031C4U3, STM32C031C4U6, STM32C031C6T3, STM32C031C6T6, STM32C031C6U3, STM32C031C6U6, STM32C031F4P3, STM32C031F4P6, STM32C031F6P3, STM32C031F6P6, STM32C031G4U3, STM32C031G4U6, STM32C031G6U3, STM32C031G6U6, STM32C031K4T3, STM32C031K4T6, STM32C031K4U3, STM32C031K4U6, STM32C031K6T3, STM32C031K6T6, STM32C031K6U3, STM32C031K6U6, STM32C051C6T6, STM32C051C6U6, STM32C051C8T6, STM32C051C8U6, STM32C051D8Y6TR, STM32C051F6P6, STM32C051F8P6, STM32C051G6U6, STM32C051G8U6, STM32C051K6T6, STM32C051K6U6, STM32C051K8T6, STM32C071C8T6, STM32C071C8T6N, STM32C071C8U6, STM32C071C8U6N, STM32C071CBT6, STM32C071CBT6N, STM32C071CBU6, STM32C071CBU6N, STM32C071F8P6, STM32C071F8P6N, STM32C071FBP6, STM32C071FBP6N, STM32C071FBY6TR, STM32C071G8U6, STM32C071G8U6N, STM32C071GBU6, STM32C071GBU6N, STM32C071K8T6, STM32C071K8T6N, STM32C071K8U6, STM32C071K8U6N, STM32C071KBT6, STM32C071KBT6N, STM32C071KBU6, STM32C071KBU6N, STM32C071R8T6, STM32C071R8T6N, STM32C071RBI6N, STM32C071RBT6, STM32C071RBT6N, STM32C091CBT6, STM32C091CBU6, STM32C091CCT6, STM32C091CCU6, STM32C091ECY6TR, STM32C091FBP6, STM32C091FCP6, STM32C091GBU6, STM32C091GCU6, STM32C091KBT6, STM32C091KBU6, STM32C091KCT6, STM32C091KCU6, STM32C091RBT6, STM32C091RCI6, STM32C091RCT6, STM32C092CBT6, STM32C092CBU6, STM32C092CCT6, STM32C092CCU6, STM32C092ECY6TR, STM32C092FBP6, STM32C092FCP6, STM32C092GBU6, STM32C092GCU6, STM32C092KBT6, STM32C092KBU6, STM32C092KCT6, STM32C092KCU6, STM32C092RBT6, STM32C092RCI6, STM32C092RCT6, STM32G071K8TXN, STM32G071K8UXN, STM32G081GBU6N, STM32G081KBT6N, STM32G081KBUXN, STM32G0B1CCT6N, STM32G0B1KCT6, STM32G0B1NEY6TR, STM32G0B1RCT6N, STM32G0C1CCT6, STM32G0C1CCT6N, STM32G0C1CCU6N, STM32G0C1CET6N, STM32G0C1CEU6N, STM32G0C1KCT6, STM32G0C1NEY6TR, STM32G0C1RCI6N, STM32G0C1RCT6N, STM32G0C1REI6N, STM32G0C1RET6N, STM32G0C1VCI6, STM32G0C1VEI6, STM32G411C6T3, STM32G411C6T6, STM32G411C6U3, STM32G411C6U6, STM32G411C8T3, STM32G411C8T6, STM32G411C8U3, STM32G411C8U6, STM32G411CBT3, STM32G411CBT6, STM32G411CBU3, STM32G411CBU6, STM32G411CCT3, STM32G411CCT6, STM32G411CCU3, STM32G411CCU6, STM32G411K6T3, STM32G411K6T6, STM32G411K6U3, STM32G411K6U6, STM32G411K8T3, STM32G411K8T6, STM32G411K8U3, STM32G411K8U6, STM32G411KBT3, STM32G411KBT6, STM32G411KBU3, STM32G411KBU6, STM32G411M6T3, STM32G411M6T6, STM32G411M8T3, STM32G411M8T6, STM32G411MBT3, STM32G411MBT6, STM32G411MCT3, STM32G411MCT6, STM32G411R6T3, STM32G411R6T6, STM32G411R8T3, STM32G411R8T6, STM32G411RBT3, STM32G411RBT6, STM32G411RCT3, STM32G411RCT6, STM32G414CBT3, STM32G414CBT6, STM32G414CBU3, STM32G414CBU6, STM32G414CCT3, STM32G414CCT6, STM32G414CCU3, STM32G414CCU6, STM32G414MBT3, STM32G414MBT6, STM32G414MCT3, STM32G414MCT6, STM32G414RBT3, STM32G414RBT6, STM32G414RCT3, STM32G414RCT6, STM32G414VBT3, STM32G414VBT6, STM32G414VCT3, STM32G414VCT6, STM32G431CBT3Z, STM32G431RBT3Z, STM32G471CCT6, STM32G471CCU6, STM32G471CET3, STM32G471CET6, STM32G471CEU3, STM32G471CEU6, STM32G471MCT6, STM32G471MET3, STM32G471MET6, STM32G471MEY6TR, STM32G471QCT6, STM32G471QET3, STM32G471RCT6, STM32G471RET3, STM32G471RET6, STM32G471VCH6, STM32G471VCI6, STM32G471VCT6, STM32G471VEH3, STM32G471VEH6, STM32G471VEI3, STM32G471VEI6, STM32G471VET3, STM32G471VET6, STM32G473QET3Z, STM32G473RET3Z, STM32G474CCT6, STM32G491RET3Z, STM32H503CBT6, STM32H503CBU6, STM32H503EBY6TR, STM32H503KBU6, STM32H503RBT6, STM32H523CCT6, STM32H523CCU6, STM32H523CET6, STM32H523CEU6, STM32H523HEY6TR, STM32H523RCT6, STM32H523RET6, STM32H523VCI6, STM32H523VCT6, STM32H523VEI6, STM32H523VET6, STM32H523ZCJ6, STM32H523ZCT6, STM32H523ZEJ6, STM32H523ZET6, STM32H533CET6, STM32H533CEU6, STM32H533HEY6TR, STM32H533RET6, STM32H533VEI6, STM32H533VET6, STM32H533ZEJ6, STM32H533ZET6, STM32H562AGI6, STM32H562AII6, STM32H562IGK6, STM32H562IGT6, STM32H562IIK6, STM32H562IIT6, STM32H562RGT6, STM32H562RGV6, STM32H562RIT6, STM32H562RIV6, STM32H562VGT6, STM32H562VIT6, STM32H562ZGT6, STM32H562ZIT6, STM32H563AGI6, STM32H563AII3Q, STM32H563AII6, STM32H563IGK6, STM32H563IGT6, STM32H563IIK3Q, STM32H563IIK6, STM32H563IIT3Q, STM32H563IIT6, STM32H563MIY3QTR, STM32H563RGT6, STM32H563RGV6, STM32H563RIT6, STM32H563RIV6, STM32H563VGT6, STM32H563VIT3Q, STM32H563VIT6, STM32H563ZGT6, STM32H563ZIT3Q, STM32H563ZIT6, STM32H573AII3Q, STM32H573AII6, STM32H573I-DK, STM32H573IIK3Q, STM32H573IIK6, STM32H573IIT3Q, STM32H573IIT6, STM32H573MIY3QTR, STM32H573RIT6, STM32H573RIV6, STM32H573VIT3Q, STM32H573VIT6, STM32H573ZIT3Q, STM32H573ZIT6, STM32H7R3A8I6, STM32H7R3I8K6, STM32H7R3I8T6, STM32H7R3L8H6, STM32H7R3L8H6H, STM32H7R3R8V6, STM32H7R3V8H6, STM32H7R3V8T6, STM32H7R3V8Y6TR, STM32H7R3Z8J6, STM32H7R3Z8T6, STM32H7R7A8I6, STM32H7R7I8K6, STM32H7R7I8T6, STM32H7R7L8H6, STM32H7R7L8H6H, STM32H7R7Z8J6, STM32H7S3A8I6, STM32H7S3I8K6, STM32H7S3I8T6, STM32H7S3L8H6, STM32H7S3L8H6H, STM32H7S3R8V6, STM32H7S3V8H6, STM32H7S3V8T6, STM32H7S3V8Y6TR, STM32H7S3Z8J6, STM32H7S3Z8T6, STM32H7S78-DK, STM32H7S7A8I6, STM32H7S7I8K6, STM32H7S7I8T6, STM32H7S7L8H6, STM32H7S7L8H6H, STM32H7S7Z8J6, STM32L4R5QGI6STR, STM32MP131AAE3, STM32MP131AAF3, STM32MP131AAG3, STM32MP131CAE3, STM32MP131CAF3, STM32MP131CAG3, STM32MP131DAE7, STM32MP131DAF7, STM32MP131DAG7, STM32MP131FAE7, STM32MP131FAF7, STM32MP131FAG7, STM32MP133AAE3, STM32MP133AAF3, STM32MP133AAG3, STM32MP133CAE3, STM32MP133CAF3, STM32MP133CAG3, STM32MP133DAE7, STM32MP133DAF7, STM32MP133DAG7, STM32MP133FAE7, STM32MP133FAF7, STM32MP133FAG7, STM32MP135AAE3, STM32MP135AAF3, STM32MP135AAG3, STM32MP135CAE3, STM32MP135CAF3, STM32MP135CAG3, STM32MP135DAE7, STM32MP135DAF7, STM32MP135DAG7, STM32MP135F-DK, STM32MP135FAE7, STM32MP135FAF7, STM32MP135FAF7T, STM32MP135FAF7U, STM32MP135FAG7, STM32MP231AAJ3, STM32MP231AAK3, STM32MP231AAL3, STM32MP231CAJ3, STM32MP231CAK3, STM32MP231CAL3, STM32MP231DAJ3, STM32MP231DAK3, STM32MP231DAL3, STM32MP231FAJ3, STM32MP231FAK3, STM32MP231FAL3, STM32MP233AAJ3, STM32MP233AAK3, STM32MP233AAL3, STM32MP233CAJ3, STM32MP233CAK3, STM32MP233CAL3, STM32MP233DAJ3, STM32MP233DAK3, STM32MP233DAL3, STM32MP233FAJ3, STM32MP233FAK3, STM32MP233FAL3, STM32MP235AAJ3, STM32MP235AAK3, STM32MP235AAL3, STM32MP235CAJ3, STM32MP235CAK3, STM32MP235CAL3, STM32MP235DAJ3, STM32MP235DAK3, STM32MP235DAL3, STM32MP235FAJ3, STM32MP235FAK3, STM32MP235FAL3, STM32MP251AAI3, STM32MP251AAJ3, STM32MP251AAK3, STM32MP251AAL3, STM32MP251CAI3, STM32MP251CAJ3, STM32MP251CAK3, STM32MP251CAL3, STM32MP251DAI3, STM32MP251DAJ3, STM32MP251DAK3, STM32MP251DAL3, STM32MP251FAI3, STM32MP251FAJ3, STM32MP251FAK3, STM32MP251FAL3, STM32MP253AAI3, STM32MP253AAJ3, STM32MP253AAK3, STM32MP253AAL3, STM32MP253CAI3, STM32MP253CAJ3, STM32MP253CAK3, STM32MP253CAL3, STM32MP253DAI3, STM32MP253DAJ3, STM32MP253DAK3, STM32MP253DAL3, STM32MP253FAI3, STM32MP253FAJ3, STM32MP253FAK3, STM32MP253FAL3, STM32MP255AAI3, STM32MP255AAJ3, STM32MP255AAK3, STM32MP255AAL3, STM32MP255CAI3, STM32MP255CAJ3, STM32MP255CAK3, STM32MP255CAL3, STM32MP255DAI3, STM32MP255DAJ3, STM32MP255DAK3, STM32MP255DAL3, STM32MP255FAI3, STM32MP255FAJ3, STM32MP255FAK3, STM32MP255FAL3, STM32MP257AAI3, STM32MP257AAJ3, STM32MP257AAK3, STM32MP257AAL3, STM32MP257CAI3, STM32MP257CAJ3, STM32MP257CAK3, STM32MP257CAL3, STM32MP257DAI3, STM32MP257DAJ3, STM32MP257DAK3, STM32MP257DAL3, STM32MP257F-DK, STM32MP257F-EV1, STM32MP257FAI3, STM32MP257FAJ3, STM32MP257FAK3, STM32MP257FAL3, STM32N645A0H3Q, STM32N645B0H3Q, STM32N645I0H3Q, STM32N645L0H3Q, STM32N645X0H3Q, STM32N645Z0H3Q, STM32N647A0H3Q, STM32N647B0H3Q, STM32N647I0H3Q, STM32N647L0H3Q, STM32N647X0H3Q, STM32N647Z0H3Q, STM32N655A0H3Q, STM32N655B0H3Q, STM32N655I0H3Q, STM32N655L0H3Q, STM32N655X0H3Q, STM32N655Z0H3Q, STM32N6570-DK, STM32N657A0H3Q, STM32N657B0H3Q, STM32N657I0H3Q, STM32N657L0H3Q, STM32N657X0H3Q, STM32N657Z0H3Q, STM32U031C6T6, STM32U031C6U6, STM32U031C8T6, STM32U031C8U6, STM32U031F4P6, STM32U031F6P6, STM32U031F8P6, STM32U031G6Y6TR, STM32U031G8Y6TR, STM32U031K4U6, STM32U031K6U6, STM32U031K8U6, STM32U031R6I6, STM32U031R6T6, STM32U031R8I6, STM32U031R8T6, STM32U073C8T6, STM32U073C8U6, STM32U073CBT6, STM32U073CBU6, STM32U073CCT6, STM32U073CCU6, STM32U073H8Y6TR, STM32U073HBY6TR, STM32U073HCY6TR, STM32U073K8U6, STM32U073KBU6, STM32U073KCU6, STM32U073M8I6, STM32U073M8T6, STM32U073MBI6, STM32U073MBT6, STM32U073MCI6, STM32U073MCT6, STM32U073R8I6, STM32U073R8T6, STM32U073RBI6, STM32U073RBT6, STM32U073RCI6, STM32U073RCT6, STM32U083C-DK, STM32U083CCT6, STM32U083CCU6, STM32U083HCY6TR, STM32U083KCU6, STM32U083MCI6, STM32U083MCT6, STM32U083RCI6, STM32U083RCT6, STM32U375CET6, STM32U375CET6Q, STM32U375CEU6, STM32U375CEU6Q, STM32U375CEY6QTR, STM32U375CGT6, STM32U375CGT6Q, STM32U375CGU6, STM32U375CGU6Q, STM32U375CGY6QTR, STM32U375KEU6, STM32U375KGU6, STM32U375REI6, STM32U375REI6Q, STM32U375RET6, STM32U375RET6Q, STM32U375REY6GTR, STM32U375REY6QTR, STM32U375RGI6, STM32U375RGI6Q, STM32U375RGT6, STM32U375RGT6Q, STM32U375RGY6GTR, STM32U375RGY6QTR, STM32U375VEI6, STM32U375VEI6Q, STM32U375VET6, STM32U375VET6Q, STM32U375VGI6, STM32U375VGI6Q, STM32U375VGT6, STM32U375VGT6Q, STM32U385CGT6, STM32U385CGT6Q, STM32U385CGU6, STM32U385CGU6Q, STM32U385CGY6QTR, STM32U385KGU6, STM32U385RGI6, STM32U385RGI6Q, STM32U385RGT6, STM32U385RGT6Q, STM32U385RGY6GTR, STM32U385RGY6QTR, STM32U385VGI6, STM32U385VGI6Q, STM32U385VGT6, STM32U385VGT6Q, STM32U535CBT6, STM32U535CBT6Q, STM32U535CBU6, STM32U535CBU6Q, STM32U535CCT6, STM32U535CCT6Q, STM32U535CCU6, STM32U535CCU6Q, STM32U535CET6, STM32U535CET6Q, STM32U535CEU6, STM32U535CEU6Q, STM32U535JEY6QTR, STM32U535NCY6QTR, STM32U535NEY6QTR, STM32U535RBI6, STM32U535RBI6Q, STM32U535RBT6, STM32U535RBT6Q, STM32U535RCI6, STM32U535RCI6Q, STM32U535RCT6, STM32U535RCT6Q, STM32U535REI6, STM32U535REI6Q, STM32U535RET6, STM32U535RET6Q, STM32U535VCI6, STM32U535VCI6Q, STM32U535VCT6, STM32U535VCT6Q, STM32U535VEI6, STM32U535VEI6Q, STM32U535VET6, STM32U535VET6Q, STM32U545CET6, STM32U545CET6Q, STM32U545CEU6, STM32U545CEU6Q, STM32U545JEY6QTR, STM32U545NEY6QTR, STM32U545REI6, STM32U545REI6Q, STM32U545RET6, STM32U545RET6Q, STM32U545VEI6, STM32U545VEI6Q, STM32U545VET6, STM32U545VET6Q, STM32U595AIH6, STM32U595AIH6Q, STM32U595AJH6, STM32U595AJH6Q, STM32U595QII6, STM32U595QII6Q, STM32U595QJI6, STM32U595QJI6Q, STM32U595RIT6, STM32U595RIT6Q, STM32U595RJT6, STM32U595RJT6Q, STM32U595VIT6, STM32U595VIT6Q, STM32U595VJT6, STM32U595VJT6Q, STM32U595ZIT6, STM32U595ZIT6Q, STM32U595ZIY6QTR, STM32U595ZJT6, STM32U595ZJT6Q, STM32U595ZJY6QTR, STM32U599BJY6QTR, STM32U599NIH6Q, STM32U599NJH6Q, STM32U599VIT6Q, STM32U599VJT6, STM32U599VJT6Q, STM32U599ZIT6Q, STM32U599ZIY6QTR, STM32U599ZJT6Q, STM32U599ZJY6QTR, STM32U5A5AJH6, STM32U5A5AJH6Q, STM32U5A5QII3Q , STM32U5A5QJI6, STM32U5A5QJI6Q, STM32U5A5RJT6, STM32U5A5RJT6Q, STM32U5A5VJT6, STM32U5A5VJT6Q, STM32U5A5ZJT6, STM32U5A5ZJT6Q, STM32U5A5ZJY6QTR, STM32U5A9BJY6QTR, STM32U5A9J-DK, STM32U5A9NJH6Q, STM32U5A9VJT6Q, STM32U5A9ZJT6Q, STM32U5A9ZJY6QTR, STM32U5F7VIT6, STM32U5F7VIT6Q, STM32U5F7VJT6, STM32U5F7VJT6Q, STM32U5F9BJY6QTR, STM32U5F9NJH6Q, STM32U5F9VIT6Q, STM32U5F9VJT6Q, STM32U5F9ZIJ6QTR, STM32U5F9ZIT6Q, STM32U5F9ZJJ6QTR, STM32U5F9ZJT6Q, STM32U5G7VJT6, STM32U5G7VJT6Q, STM32U5G9BJY6QTR, STM32U5G9J-DK1, STM32U5G9J-DK2, STM32U5G9NJH6Q, STM32U5G9VJT6Q, STM32U5G9ZJJ6QTR, STM32U5G9ZJT6Q, STM32WB05KZV6TR, STM32WB05KZV7TR, STM32WB05TZF6TR, STM32WB05TZF7TR, STM32WB06CCF6TR, STM32WB06CCF7TR, STM32WB06CCV6TR, STM32WB06CCV7TR, STM32WB06KCV6TR, STM32WB06KCV7TR, STM32WB07CCF6TR, STM32WB07CCF7TR, STM32WB07CCV6TR, STM32WB07CCV7TR, STM32WB07KCV6TR, STM32WB07KCV7TR, STM32WB09KEV6TR, STM32WB09KEV7TR, STM32WB09TEF6TR, STM32WB09TEF7TR, STM32WB1MMCH6, STM32WBA50KGU6, STM32WBA50KGU6TR, STM32WBA52CEU6, STM32WBA52CEU6TR, STM32WBA52CEU7, STM32WBA52CEU7TR, STM32WBA52CGU6, STM32WBA52CGU6TR, STM32WBA52CGU6U, STM32WBA52CGU7, STM32WBA52CGU7TR, STM32WBA52KEU6, STM32WBA52KEU6TR, STM32WBA52KGU6, STM32WBA52KGU6TR, STM32WBA54CEU6, STM32WBA54CEU6TR, STM32WBA54CEU7, STM32WBA54CEU7TR, STM32WBA54CGU6, STM32WBA54CGU6TR, STM32WBA54CGU7, STM32WBA54CGU7TR, STM32WBA54KEU6, STM32WBA54KEU6TR, STM32WBA54KEU7, STM32WBA54KEU7TR, STM32WBA54KGU6, STM32WBA54KGU6TR, STM32WBA54KGU7, STM32WBA54KGU7TR, STM32WBA55CEU6, STM32WBA55CEU6TR, STM32WBA55CEU7, STM32WBA55CEU7TR, STM32WBA55CGU6, STM32WBA55CGU6TR, STM32WBA55CGU6U, STM32WBA55CGU7, STM32WBA55CGU7TR, STM32WBA55G-DK1, STM32WBA55HEF6, STM32WBA55HEF7, STM32WBA55HGF6, STM32WBA55HGF7, STM32WBA55UEI6, STM32WBA55UEI6TR, STM32WBA55UEI7, STM32WBA55UEI7TR, STM32WBA55UGI6, STM32WBA55UGI6TR, STM32WBA55UGI7, STM32WBA55UGI7TR, STM32WBA5MJGH6TR, STM32WBA5MJGH6U, STM32WL33C8V6, STM32WL33C8V6TR, STM32WL33C8V7, STM32WL33C8V7TR, STM32WL33CBV6, STM32WL33CBV6TR, STM32WL33CBV7, STM32WL33CBV7TR, STM32WL33CCV6, STM32WL33CCV6TR, STM32WL33CCV7, STM32WL33CCV7A, STM32WL33CCV7ATR, STM32WL33CCV7TR, STM32WL33K8V6, STM32WL33K8V6TR, STM32WL33K8V7, STM32WL33K8V7TR, STM32WL33KBV6, STM32WL33KBV6TR, STM32WL33KBV7, STM32WL33KBV7TR, STM32WL33KCV6, STM32WL33KCV6TR, STM32WL33KCV7, STM32WL33KCV7TR, STM32WL5MOCH6, STM32WL5MOCH6TR]
2025-03-10 16:15:41,277 [INFO] DbMcus:218 - Found 4545 MCUs, 4545 are supported
2025-03-10 16:15:41,278 [INFO] ApiDb:423 - Load user favorites file C:\Users\baron/.stm32cubeide/favorites.mcus.txt: 0 item(s)
2025-03-10 16:15:41,278 [INFO] ApiDb:427 - User favorites MCUs=[]
2025-03-10 16:15:41,278 [INFO] DbMcus:224 - Set 0 / 0 favorites MCUs
2025-03-10 16:15:41,576 [INFO] ApiDb:423 - Load user favorites file C:\Users\baron/.stm32cubeide/favorites.boards.txt: 0 item(s)
2025-03-10 16:15:41,576 [INFO] ApiDb:427 - User favorites Boards=[]
2025-03-10 16:15:41,576 [INFO] DbBoards:198 - Set 0 / 0 favorites Boards
2025-03-10 16:15:41,621 [INFO] UtilMem:75 - End LoadConfig() Used Memory: 952335552 Bytes (1073741824)
2025-03-10 16:15:41,783 [WARN] ThirdParty:833 - waiting for thirdparty lock release [change project]
2025-03-10 16:15:41,784 [INFO] ThirdParty:835 - entering critical section [change project]
2025-03-10 16:15:41,784 [INFO] ThirdParty:1030 - CMSIS Pack Vendor :STMicroelectronics USBPD 4.1
2025-03-10 16:15:41,784 [INFO] ThirdParty:1030 - CMSIS Pack Vendor :STMicroelectronics X-CUBE-AZRTOS-H7 3.3.0
2025-03-10 16:15:41,784 [INFO] ThirdParty:1030 - CMSIS Pack Vendor :STMicroelectronics X-CUBE-NFC9 1.0.0
2025-03-10 16:15:41,784 [INFO] ThirdParty:1030 - CMSIS Pack Vendor :STMicroelectronics USB_HOST 2.0.0
2025-03-10 16:15:41,784 [INFO] ThirdParty:1030 - CMSIS Pack Vendor :STMicroelectronics FP-SNS-MOTENVWB1 1.4.0
2025-03-10 16:15:41,784 [INFO] ThirdParty:1030 - CMSIS Pack Vendor :STMicroelectronics X-CUBE-AZRTOS-F4 1.1.0
2025-03-10 16:15:41,784 [INFO] ThirdParty:1030 - CMSIS Pack Vendor :STMicroelectronics LIBJPEG 8.0.0
2025-03-10 16:15:41,784 [INFO] ThirdParty:1030 - CMSIS Pack Vendor :STMicroelectronics FP-ATR-ASTRA1 2.0.2
2025-03-10 16:15:41,784 [INFO] ThirdParty:1030 - CMSIS Pack Vendor :STMicroelectronics FP-ATR-ASTRA1 2.0.1
2025-03-10 16:15:41,784 [INFO] ThirdParty:1030 - CMSIS Pack Vendor :STMicroelectronics X-CUBE-BLE1 7.1.0
2025-03-10 16:15:41,784 [INFO] ThirdParty:1030 - CMSIS Pack Vendor :STMicroelectronics X-CUBE-SMBUS 2.1.0
2025-03-10 16:15:41,784 [INFO] ThirdParty:1030 - CMSIS Pack Vendor :STMicroelectronics X-CUBE-WB05N 1.1.0
2025-03-10 16:15:41,784 [INFO] ThirdParty:1030 - CMSIS Pack Vendor :STMicroelectronics USB_DEVICE 3.0.0
2025-03-10 16:15:41,784 [INFO] ThirdParty:1030 - CMSIS Pack Vendor :STMicroelectronics X-CUBE-TCPP 4.1.0
2025-03-10 16:15:41,784 [INFO] ThirdParty:1030 - CMSIS Pack Vendor :STMicroelectronics X-CUBE-ISPU 2.1.0
2025-03-10 16:15:41,784 [INFO] ThirdParty:1030 - CMSIS Pack Vendor :STMicroelectronics X-CUBE-FREERTOS 1.2.0
2025-03-10 16:15:41,784 [INFO] ThirdParty:1030 - CMSIS Pack Vendor :STMicroelectronics X-CUBE-IPS 3.0.0
2025-03-10 16:15:41,784 [INFO] ThirdParty:1030 - CMSIS Pack Vendor :STMicroelectronics X-CUBE-AZRTOS-WB 2.0.0
2025-03-10 16:15:41,784 [INFO] ThirdParty:1030 - CMSIS Pack Vendor :STMicroelectronics X-CUBE-GNSS1 7.0.0
2025-03-10 16:15:41,784 [INFO] ThirdParty:1030 - CMSIS Pack Vendor :STMicroelectronics X-CUBE-GNSS1 7.0.1
2025-03-10 16:15:41,784 [INFO] ThirdParty:1030 - CMSIS Pack Vendor :STMicroelectronics X-CUBE-AZRTOS-F7 1.1.0
2025-03-10 16:15:41,784 [INFO] ThirdParty:1030 - CMSIS Pack Vendor :STMicroelectronics X-CUBE-AZRTOS-L5 2.0.0
2025-03-10 16:15:41,785 [INFO] ThirdParty:1030 - CMSIS Pack Vendor :STMicroelectronics X-CUBE-TOUCHGFX 4.25.0
2025-03-10 16:15:41,785 [INFO] ThirdParty:1030 - CMSIS Pack Vendor :STMicroelectronics USB_DEVICE 2.0.0
2025-03-10 16:15:41,785 [INFO] ThirdParty:1030 - CMSIS Pack Vendor :STMicroelectronics X-CUBE-NFC6 3.1.0
2025-03-10 16:15:41,785 [INFO] ThirdParty:1030 - CMSIS Pack Vendor :STMicroelectronics FP-SNS-STBOX1 2.0.0
2025-03-10 16:15:41,785 [INFO] ThirdParty:1030 - CMSIS Pack Vendor :STMicroelectronics X-CUBE-MEMS1 11.0.0
2025-03-10 16:15:41,785 [INFO] ThirdParty:1030 - CMSIS Pack Vendor :STMicroelectronics FreeRTOS 0.0.1
2025-03-10 16:15:41,785 [INFO] ThirdParty:1030 - CMSIS Pack Vendor :STMicroelectronics X-CUBE-AZRTOS-G0 1.1.0
2025-03-10 16:15:41,785 [INFO] ThirdParty:1030 - CMSIS Pack Vendor :STMicroelectronics X-CUBE-SAFEA1 1.2.2
2025-03-10 16:15:41,785 [INFO] ThirdParty:1030 - CMSIS Pack Vendor :STMicroelectronics X-CUBE-NFC4 3.0.0
2025-03-10 16:15:41,785 [INFO] ThirdParty:1030 - CMSIS Pack Vendor :STMicroelectronics X-CUBE-DPower 1.2.0
2025-03-10 16:15:41,785 [INFO] ThirdParty:1030 - CMSIS Pack Vendor :STMicroelectronics X-CUBE-SUBG2 5.0.0
2025-03-10 16:15:41,785 [INFO] ThirdParty:1030 - CMSIS Pack Vendor :STMicroelectronics STM32_WPAN 1.0.0
2025-03-10 16:15:41,785 [INFO] ThirdParty:1030 - CMSIS Pack Vendor :EmbeddedOffice I-CUBE-FS-RTOS 1.0.1
2025-03-10 16:15:41,785 [INFO] ThirdParty:1030 - CMSIS Pack Vendor :STMicroelectronics lwIP 2.0.3
2025-03-10 16:15:41,785 [INFO] ThirdParty:1030 - CMSIS Pack Vendor :STMicroelectronics FP-SNS-FLIGHT1 5.0.2
2025-03-10 16:15:41,785 [INFO] ThirdParty:1030 - CMSIS Pack Vendor :Cesanta I-CUBE-Mongoose 7.13.0
2025-03-10 16:15:41,785 [INFO] ThirdParty:1030 - CMSIS Pack Vendor :STMicroelectronics USB_HOST 1.0.0
2025-03-10 16:15:41,785 [INFO] ThirdParty:1030 - CMSIS Pack Vendor :STMicroelectronics X-CUBE-AZRTOS-G4 2.0.0
2025-03-10 16:15:41,785 [INFO] ThirdParty:1030 - CMSIS Pack Vendor :STMicroelectronics PDM2PCM 3.1.0
2025-03-10 16:15:41,785 [INFO] ThirdParty:1030 - CMSIS Pack Vendor :STMicroelectronics PDM2PCM 3.3.0
2025-03-10 16:15:41,785 [INFO] ThirdParty:1030 - CMSIS Pack Vendor :STMicroelectronics X-CUBE-DISPLAY 3.0.0
2025-03-10 16:15:41,785 [INFO] ThirdParty:1030 - CMSIS Pack Vendor :STMicroelectronics X-CUBE-TCPP 4.2.0
2025-03-10 16:15:41,785 [INFO] ThirdParty:1030 - CMSIS Pack Vendor :RealThread X-CUBE-RT-Thread_Nano 4.1.1
2025-03-10 16:15:41,785 [INFO] ThirdParty:1030 - CMSIS Pack Vendor :STMicroelectronics X-CUBE-BLE1 7.0.0
2025-03-10 16:15:41,785 [INFO] ThirdParty:1030 - CMSIS Pack Vendor :STMicroelectronics FP-ATR-SIGFOX1 3.2.0
2025-03-10 16:15:41,785 [INFO] ThirdParty:1030 - CMSIS Pack Vendor :STMicroelectronics X-CUBE-NFC10 1.0.0
2025-03-10 16:15:41,785 [INFO] ThirdParty:1030 - CMSIS Pack Vendor :wolfSSL I-CUBE-wolfSSL 5.7.2
2025-03-10 16:15:41,785 [INFO] ThirdParty:1030 - CMSIS Pack Vendor :quantropi X-CUBE-qispace-sdk-base 1.9.3
2025-03-10 16:15:41,785 [INFO] ThirdParty:1030 - CMSIS Pack Vendor :STMicroelectronics X-CUBE-BLEMGR 4.0.0
2025-03-10 16:15:41,785 [INFO] ThirdParty:1030 - CMSIS Pack Vendor :STMicroelectronics X-CUBE-EEPRMA1 5.1.0
2025-03-10 16:15:41,785 [INFO] ThirdParty:1030 - CMSIS Pack Vendor :STMicroelectronics HAL Drivers 0.0.0
2025-03-10 16:15:41,785 [INFO] ThirdParty:1030 - CMSIS Pack Vendor :STMicroelectronics MBEDTLS 2.16.2
2025-03-10 16:15:41,785 [INFO] ThirdParty:1030 - CMSIS Pack Vendor :STMicroelectronics X-CUBE-IPS 3.1.0
2025-03-10 16:15:41,785 [INFO] ThirdParty:1030 - CMSIS Pack Vendor :STMicroelectronics X-CUBE-ALS 1.0.2
2025-03-10 16:15:41,785 [INFO] ThirdParty:1030 - CMSIS Pack Vendor :emotas I-CUBE-CANOPEN 1.3.0
2025-03-10 16:15:41,785 [INFO] ThirdParty:1030 - CMSIS Pack Vendor :STMicroelectronics X-CUBE-FREERTOS 1.3.0
2025-03-10 16:15:41,785 [INFO] ThirdParty:1030 - CMSIS Pack Vendor :STMicroelectronics X-CUBE-NFC7 1.0.1
2025-03-10 16:15:41,787 [INFO] ThirdParty:1030 - CMSIS Pack Vendor :STMicroelectronics MBEDTLS 2.14.1
2025-03-10 16:15:41,787 [INFO] ThirdParty:1030 - CMSIS Pack Vendor :ITTIA_DB I-CUBE-ITTIADB 8.9.0
2025-03-10 16:15:41,787 [INFO] ThirdParty:1030 - CMSIS Pack Vendor :STMicroelectronics X-CUBE-TOUCHGFX 4.24.2
2025-03-10 16:15:41,787 [INFO] ThirdParty:1030 - CMSIS Pack Vendor :STMicroelectronics X-CUBE-TOUCHGFX 4.24.1
2025-03-10 16:15:41,787 [INFO] ThirdParty:1030 - CMSIS Pack Vendor :wolfSSL I-CUBE-wolfTPM 3.4.0
2025-03-10 16:15:41,787 [INFO] ThirdParty:1030 - CMSIS Pack Vendor :portGmbH I-Cube-SoM-uGOAL 1.1.0
2025-03-10 16:15:41,787 [INFO] ThirdParty:1030 - CMSIS Pack Vendor :STMicroelectronics X-CUBE-BLEMGR 3.1.0
2025-03-10 16:15:41,787 [INFO] ThirdParty:1030 - CMSIS Pack Vendor :STMicroelectronics X-CUBE-AI 10.0.0
2025-03-10 16:15:41,787 [INFO] ThirdParty:1030 - CMSIS Pack Vendor :STMicroelectronics ThreadX 1.0.0
2025-03-10 16:15:41,787 [INFO] ThirdParty:1030 - CMSIS Pack Vendor :STMicroelectronics FP-SNS-SMARTAG2 1.2.0
2025-03-10 16:15:41,787 [INFO] ThirdParty:1030 - CMSIS Pack Vendor :STMicroelectronics X-CUBE-MEMS1 11.1.0
2025-03-10 16:15:41,787 [INFO] ThirdParty:1030 - CMSIS Pack Vendor :STMicroelectronics X-CUBE-AZRTOS-WL 2.0.0
2025-03-10 16:15:41,787 [INFO] ThirdParty:1030 - CMSIS Pack Vendor :SEGGER I-CUBE-embOS 1.3.1
2025-03-10 16:15:41,787 [INFO] ThirdParty:1030 - CMSIS Pack Vendor :STMicroelectronics X-CUBE-ALGOBUILD 1.4.0
2025-03-10 16:15:41,787 [INFO] ThirdParty:1030 - CMSIS Pack Vendor :STMicroelectronics FP-SNS-MOTENV1 5.0.0
2025-03-10 16:15:41,787 [INFO] ThirdParty:1030 - CMSIS Pack Vendor :STMicroelectronics USB_DEVICE 1.0.0
2025-03-10 16:15:41,787 [INFO] ThirdParty:1030 - CMSIS Pack Vendor :STMicroelectronics X-CUBE-AZRTOS-H7RS 1.0.0
2025-03-10 16:15:41,787 [INFO] ThirdParty:1030 - CMSIS Pack Vendor :wolfSSL I-CUBE-wolfMQTT 1.19.0
2025-03-10 16:15:41,787 [INFO] ThirdParty:1030 - CMSIS Pack Vendor :STMicroelectronics X-CUBE-AZRTOS-L4 2.0.0
2025-03-10 16:15:41,787 [INFO] ThirdParty:1030 - CMSIS Pack Vendor :STMicroelectronics ThreadX 0.0.2
2025-03-10 16:15:41,787 [INFO] ThirdParty:1030 - CMSIS Pack Vendor :WES I-CUBE-Cesium 1.3.0
2025-03-10 16:15:41,787 [INFO] ThirdParty:1030 - CMSIS Pack Vendor :STMicroelectronics FP-ATR-ASTRA1 2.0.0
2025-03-10 16:15:41,787 [INFO] ThirdParty:1030 - CMSIS Pack Vendor :STMicroelectronics lwIP 2.1.2
2025-03-10 16:15:41,787 [INFO] ThirdParty:1030 - CMSIS Pack Vendor :STMicroelectronics X-CUBE-SFXS2LP1 4.0.0
2025-03-10 16:15:41,787 [INFO] ThirdParty:1030 - CMSIS Pack Vendor :STMicroelectronics X-CUBE-BLE2 3.3.0
2025-03-10 16:15:41,787 [INFO] ThirdParty:1030 - CMSIS Pack Vendor :STMicroelectronics X-CUBE-TOF1 3.4.2
2025-03-10 16:15:41,787 [INFO] ThirdParty:1030 - CMSIS Pack Vendor :STMicroelectronics X-CUBE-AI 9.1.0
2025-03-10 16:15:41,787 [INFO] ThirdParty:1030 - CMSIS Pack Vendor :Infineon AIROC-Wi-Fi-Bluetooth-STM32 1.6.1
2025-03-10 16:15:41,787 [INFO] ThirdParty:1030 - CMSIS Pack Vendor :STMicroelectronics PDM2PCM 3.2.0
2025-03-10 16:15:41,787 [INFO] ThirdParty:1030 - CMSIS Pack Vendor :wolfSSL I-CUBE-wolfSSH 1.4.17
2025-03-10 16:15:41,788 [INFO] ThirdParty:841 - exiting critical section [change project]
2025-03-10 16:15:42,314 [INFO] PinOutPanel:1589 - setPackage(No Configuration,No Configuration)
2025-03-10 16:15:42,316 [INFO] PinOutPanel:1589 - setPackage(STM32L4R5ZITx,LQFP144)
2025-03-10 16:15:43,267 [INFO] UtilMem:75 - Before build in PCC Used Memory: 814757984 Bytes (1073741824)
2025-03-10 16:15:44,403 [INFO] UtilMem:75 - After build in PCC Used Memory: 967939864 Bytes (1073741824)
2025-03-10 16:15:44,455 [INFO] IPUIPlugin:80 - create IPUIPlugin
2025-03-10 16:15:44,455 [INFO] IPUIPlugin:80 - create IPUIPlugin
2025-03-10 16:15:44,455 [INFO] IPUIPlugin:80 - create IPUIPlugin
2025-03-10 16:15:44,455 [INFO] IPUIPlugin:80 - create IPUIPlugin
2025-03-10 16:15:44,455 [INFO] IPUIPlugin:80 - create IPUIPlugin
2025-03-10 16:15:44,456 [INFO] IPUIPlugin:80 - create IPUIPlugin
2025-03-10 16:15:44,456 [INFO] IPUIPlugin:80 - create IPUIPlugin
2025-03-10 16:15:44,456 [INFO] IPUIPlugin:80 - create IPUIPlugin
2025-03-10 16:15:44,456 [INFO] IPUIPlugin:80 - create IPUIPlugin
2025-03-10 16:15:44,456 [INFO] IPUIPlugin:80 - create IPUIPlugin
2025-03-10 16:15:44,456 [INFO] IPUIPlugin:80 - create IPUIPlugin
2025-03-10 16:15:44,457 [INFO] IPUIPlugin:80 - create IPUIPlugin
2025-03-10 16:15:44,457 [INFO] IPUIPlugin:80 - create IPUIPlugin
2025-03-10 16:15:44,457 [INFO] IPUIPlugin:80 - create IPUIPlugin
2025-03-10 16:15:44,457 [INFO] IPUIPlugin:80 - create IPUIPlugin
2025-03-10 16:15:44,457 [INFO] IPUIPlugin:80 - create IPUIPlugin
2025-03-10 16:15:44,457 [INFO] IPUIPlugin:80 - create IPUIPlugin
2025-03-10 16:15:44,457 [INFO] IPUIPlugin:80 - create IPUIPlugin
2025-03-10 16:15:44,458 [INFO] IPUIPlugin:80 - create IPUIPlugin
2025-03-10 16:15:44,458 [INFO] IPUIPlugin:80 - create IPUIPlugin
2025-03-10 16:15:44,458 [INFO] IPUIPlugin:80 - create IPUIPlugin
2025-03-10 16:15:44,459 [INFO] IPUIPlugin:80 - create IPUIPlugin
2025-03-10 16:15:44,459 [INFO] IPUIPlugin:80 - create IPUIPlugin
2025-03-10 16:15:44,459 [INFO] IPUIPlugin:80 - create IPUIPlugin
2025-03-10 16:15:44,459 [INFO] IPUIPlugin:80 - create IPUIPlugin
2025-03-10 16:15:44,460 [INFO] IPUIPlugin:80 - create IPUIPlugin
2025-03-10 16:15:44,460 [INFO] IPUIPlugin:80 - create IPUIPlugin
2025-03-10 16:15:44,460 [INFO] IPUIPlugin:80 - create IPUIPlugin
2025-03-10 16:15:44,460 [INFO] IPUIPlugin:80 - create IPUIPlugin
2025-03-10 16:15:44,461 [INFO] IPUIPlugin:80 - create IPUIPlugin
2025-03-10 16:15:44,461 [INFO] IPUIPlugin:80 - create IPUIPlugin
2025-03-10 16:15:44,461 [INFO] IPUIPlugin:80 - create IPUIPlugin
2025-03-10 16:15:44,462 [INFO] IPUIPlugin:80 - create IPUIPlugin
2025-03-10 16:15:44,462 [INFO] IPUIPlugin:80 - create IPUIPlugin
2025-03-10 16:15:44,462 [INFO] IPUIPlugin:80 - create IPUIPlugin
2025-03-10 16:15:44,463 [INFO] IPUIPlugin:80 - create IPUIPlugin
2025-03-10 16:15:44,463 [INFO] IPUIPlugin:80 - create IPUIPlugin
2025-03-10 16:15:44,463 [INFO] IPUIPlugin:80 - create IPUIPlugin
2025-03-10 16:15:44,464 [INFO] IPUIPlugin:80 - create IPUIPlugin
2025-03-10 16:15:44,464 [INFO] IPUIPlugin:80 - create IPUIPlugin
2025-03-10 16:15:44,464 [INFO] IPUIPlugin:80 - create IPUIPlugin
2025-03-10 16:15:44,465 [INFO] IPUIPlugin:80 - create IPUIPlugin
2025-03-10 16:15:44,465 [INFO] IPUIPlugin:80 - create IPUIPlugin
2025-03-10 16:15:44,465 [INFO] IPUIPlugin:80 - create IPUIPlugin
2025-03-10 16:15:44,465 [INFO] IPUIPlugin:80 - create IPUIPlugin
2025-03-10 16:15:44,466 [INFO] IPUIPlugin:80 - create IPUIPlugin
2025-03-10 16:15:44,466 [INFO] IPUIPlugin:80 - create IPUIPlugin
2025-03-10 16:15:44,466 [INFO] IPUIPlugin:80 - create IPUIPlugin
2025-03-10 16:15:44,467 [INFO] IPUIPlugin:80 - create IPUIPlugin
2025-03-10 16:15:44,467 [INFO] IPUIPlugin:80 - create IPUIPlugin
2025-03-10 16:15:44,468 [INFO] IPUIPlugin:80 - create IPUIPlugin
2025-03-10 16:15:44,468 [INFO] IPUIPlugin:80 - create IPUIPlugin
2025-03-10 16:15:44,469 [INFO] IPUIPlugin:80 - create IPUIPlugin
2025-03-10 16:15:44,469 [INFO] IPUIPlugin:80 - create IPUIPlugin
2025-03-10 16:15:44,469 [INFO] IPUIPlugin:80 - create IPUIPlugin
2025-03-10 16:15:44,470 [INFO] IPUIPlugin:80 - create IPUIPlugin
2025-03-10 16:15:44,470 [INFO] IPUIPlugin:80 - create IPUIPlugin
2025-03-10 16:15:44,471 [INFO] IPUIPlugin:80 - create IPUIPlugin
2025-03-10 16:15:44,471 [INFO] IPUIPlugin:80 - create IPUIPlugin
2025-03-10 16:15:44,472 [INFO] IPUIPlugin:80 - create IPUIPlugin
2025-03-10 16:15:44,472 [INFO] IPUIPlugin:80 - create IPUIPlugin
2025-03-10 16:15:44,778 [INFO] CADModel:165 - CPN selected for project levelSTM32L4R5ZIT6
2025-03-10 16:15:44,779 [INFO] CADModel:114 - Register for checkConnection events
2025-03-10 16:15:44,836 [INFO] OpenFileManager:363 - Restore cursor
2025-03-10 16:23:54,354 [INFO] NvicIntPanel:101 - NVIC parent = com.st.microxplorer.plugins.ip.nvic.MultiNvicIntPanel[,0,0,0x0,invalid,layout=javax.swing.BoxLayout,alignmentX=0.0,alignmentY=0.0,border=,flags=9,maximumSize=,minimumSize=,preferredSize=]
2025-03-10 16:23:54,559 [ERROR] LogOutputStream:75 - [STDERR_REDIRECT] Exception in thread "AWT-EventQueue-0" java.awt.IllegalComponentStateException: component must be showing on the screen to determine its location
2025-03-10 16:23:54,560 [ERROR] LogOutputStream:75 - [STDERR_REDIRECT] 	at java.desktop/java.awt.Component.getLocationOnScreen_NoTreeLock(Component.java:2113)
2025-03-10 16:23:54,561 [ERROR] LogOutputStream:75 - [STDERR_REDIRECT] 	at java.desktop/java.awt.Component.getLocationOnScreen(Component.java:2087)
2025-03-10 16:23:54,562 [ERROR] LogOutputStream:75 - [STDERR_REDIRECT] 	at java.desktop/javax.swing.JPopupMenu.show(JPopupMenu.java:982)
2025-03-10 16:23:54,563 [ERROR] LogOutputStream:75 - [STDERR_REDIRECT] 	at java.desktop/javax.swing.plaf.basic.BasicComboPopup.show(BasicComboPopup.java:235)
2025-03-10 16:23:54,564 [ERROR] LogOutputStream:75 - [STDERR_REDIRECT] 	at java.desktop/javax.swing.plaf.basic.BasicComboPopup.togglePopup(BasicComboPopup.java:1265)
2025-03-10 16:23:54,565 [ERROR] LogOutputStream:75 - [STDERR_REDIRECT] 	at java.desktop/javax.swing.plaf.basic.BasicComboPopup$Handler.mousePressed(BasicComboPopup.java:936)
2025-03-10 16:23:54,566 [ERROR] LogOutputStream:75 - [STDERR_REDIRECT] 	at java.desktop/java.awt.Component.processMouseEvent(Component.java:6618)
2025-03-10 16:23:54,566 [ERROR] LogOutputStream:75 - [STDERR_REDIRECT] 	at java.desktop/javax.swing.JComponent.processMouseEvent(JComponent.java:3398)
2025-03-10 16:23:54,568 [ERROR] LogOutputStream:75 - [STDERR_REDIRECT] 	at java.desktop/java.awt.Component.processEvent(Component.java:6386)
2025-03-10 16:23:54,568 [ERROR] LogOutputStream:75 - [STDERR_REDIRECT] 	at java.desktop/java.awt.Container.processEvent(Container.java:2266)
2025-03-10 16:23:54,569 [ERROR] LogOutputStream:75 - [STDERR_REDIRECT] 	at java.desktop/java.awt.Component.dispatchEventImpl(Component.java:4996)
2025-03-10 16:23:54,571 [ERROR] LogOutputStream:75 - [STDERR_REDIRECT] 	at java.desktop/java.awt.Container.dispatchEventImpl(Container.java:2324)
2025-03-10 16:23:54,572 [ERROR] LogOutputStream:75 - [STDERR_REDIRECT] 	at java.desktop/java.awt.Component.dispatchEvent(Component.java:4828)
2025-03-10 16:23:54,573 [ERROR] LogOutputStream:75 - [STDERR_REDIRECT] 	at java.desktop/javax.swing.plaf.basic.BasicTableUI$Handler.repostEvent(BasicTableUI.java:978)
2025-03-10 16:23:54,574 [ERROR] LogOutputStream:75 - [STDERR_REDIRECT] 	at java.desktop/javax.swing.plaf.basic.BasicTableUI$Handler.adjustSelection(BasicTableUI.java:1140)
2025-03-10 16:23:54,575 [ERROR] LogOutputStream:75 - [STDERR_REDIRECT] 	at java.desktop/javax.swing.plaf.basic.BasicTableUI$Handler.mousePressed(BasicTableUI.java:1068)
2025-03-10 16:23:54,576 [ERROR] LogOutputStream:75 - [STDERR_REDIRECT] 	at java.desktop/java.awt.AWTEventMulticaster.mousePressed(AWTEventMulticaster.java:288)
2025-03-10 16:23:54,577 [ERROR] LogOutputStream:75 - [STDERR_REDIRECT] 	at java.desktop/java.awt.AWTEventMulticaster.mousePressed(AWTEventMulticaster.java:287)
2025-03-10 16:23:54,578 [ERROR] LogOutputStream:75 - [STDERR_REDIRECT] 	at java.desktop/java.awt.AWTEventMulticaster.mousePressed(AWTEventMulticaster.java:287)
2025-03-10 16:23:54,579 [ERROR] LogOutputStream:75 - [STDERR_REDIRECT] 	at java.desktop/java.awt.AWTEventMulticaster.mousePressed(AWTEventMulticaster.java:287)
2025-03-10 16:23:54,580 [ERROR] LogOutputStream:75 - [STDERR_REDIRECT] 	at java.desktop/java.awt.Component.processMouseEvent(Component.java:6618)
2025-03-10 16:23:54,582 [ERROR] LogOutputStream:75 - [STDERR_REDIRECT] 	at java.desktop/javax.swing.JComponent.processMouseEvent(JComponent.java:3398)
2025-03-10 16:23:54,583 [ERROR] LogOutputStream:75 - [STDERR_REDIRECT] 	at java.desktop/java.awt.Component.processEvent(Component.java:6386)
2025-03-10 16:23:54,584 [ERROR] LogOutputStream:75 - [STDERR_REDIRECT] 	at java.desktop/java.awt.Container.processEvent(Container.java:2266)
2025-03-10 16:23:54,585 [ERROR] LogOutputStream:75 - [STDERR_REDIRECT] 	at java.desktop/java.awt.Component.dispatchEventImpl(Component.java:4996)
2025-03-10 16:23:54,586 [ERROR] LogOutputStream:75 - [STDERR_REDIRECT] 	at java.desktop/java.awt.Container.dispatchEventImpl(Container.java:2324)
2025-03-10 16:23:54,586 [ERROR] LogOutputStream:75 - [STDERR_REDIRECT] 	at java.desktop/java.awt.Component.dispatchEvent(Component.java:4828)
2025-03-10 16:23:54,588 [ERROR] LogOutputStream:75 - [STDERR_REDIRECT] 	at java.desktop/java.awt.LightweightDispatcher.retargetMouseEvent(Container.java:4948)
2025-03-10 16:23:54,589 [ERROR] LogOutputStream:75 - [STDERR_REDIRECT] 	at java.desktop/java.awt.LightweightDispatcher.processMouseEvent(Container.java:4572)
2025-03-10 16:23:54,590 [ERROR] LogOutputStream:75 - [STDERR_REDIRECT] 	at java.desktop/java.awt.LightweightDispatcher.dispatchEvent(Container.java:4516)
2025-03-10 16:23:54,590 [ERROR] LogOutputStream:75 - [STDERR_REDIRECT] 	at java.desktop/java.awt.Container.dispatchEventImpl(Container.java:2310)
2025-03-10 16:23:54,591 [ERROR] LogOutputStream:75 - [STDERR_REDIRECT] 	at java.desktop/java.awt.Component.dispatchEvent(Component.java:4828)
2025-03-10 16:23:54,592 [ERROR] LogOutputStream:75 - [STDERR_REDIRECT] 	at java.desktop/java.awt.EventQueue.dispatchEventImpl(EventQueue.java:775)
2025-03-10 16:23:54,593 [ERROR] LogOutputStream:75 - [STDERR_REDIRECT] 	at java.desktop/java.awt.EventQueue$4.run(EventQueue.java:720)
2025-03-10 16:23:54,594 [ERROR] LogOutputStream:75 - [STDERR_REDIRECT] 	at java.desktop/java.awt.EventQueue$4.run(EventQueue.java:714)
2025-03-10 16:23:54,595 [ERROR] LogOutputStream:75 - [STDERR_REDIRECT] 	at java.base/java.security.AccessController.doPrivileged(AccessController.java:400)
2025-03-10 16:23:54,596 [ERROR] LogOutputStream:75 - [STDERR_REDIRECT] 	at java.base/java.security.ProtectionDomain$JavaSecurityAccessImpl.doIntersectionPrivilege(ProtectionDomain.java:87)
2025-03-10 16:23:54,597 [ERROR] LogOutputStream:75 - [STDERR_REDIRECT] 	at java.base/java.security.ProtectionDomain$JavaSecurityAccessImpl.doIntersectionPrivilege(ProtectionDomain.java:98)
2025-03-10 16:23:54,598 [ERROR] LogOutputStream:75 - [STDERR_REDIRECT] 	at java.desktop/java.awt.EventQueue$5.run(EventQueue.java:747)
2025-03-10 16:23:54,599 [ERROR] LogOutputStream:75 - [STDERR_REDIRECT] 	at java.desktop/java.awt.EventQueue$5.run(EventQueue.java:745)
2025-03-10 16:23:54,600 [ERROR] LogOutputStream:75 - [STDERR_REDIRECT] 	at java.base/java.security.AccessController.doPrivileged(AccessController.java:400)
2025-03-10 16:23:54,602 [ERROR] LogOutputStream:75 - [STDERR_REDIRECT] 	at java.base/java.security.ProtectionDomain$JavaSecurityAccessImpl.doIntersectionPrivilege(ProtectionDomain.java:87)
2025-03-10 16:23:54,603 [ERROR] LogOutputStream:75 - [STDERR_REDIRECT] 	at java.desktop/java.awt.EventQueue.dispatchEvent(EventQueue.java:744)
2025-03-10 16:23:54,604 [ERROR] LogOutputStream:75 - [STDERR_REDIRECT] 	at java.desktop/java.awt.EventDispatchThread.pumpOneEventForFilters(EventDispatchThread.java:203)
2025-03-10 16:23:54,605 [ERROR] LogOutputStream:75 - [STDERR_REDIRECT] 	at java.desktop/java.awt.EventDispatchThread.pumpEventsForFilter(EventDispatchThread.java:124)
2025-03-10 16:23:54,606 [ERROR] LogOutputStream:75 - [STDERR_REDIRECT] 	at java.desktop/java.awt.EventDispatchThread.pumpEventsForHierarchy(EventDispatchThread.java:113)
2025-03-10 16:23:54,607 [ERROR] LogOutputStream:75 - [STDERR_REDIRECT] 	at java.desktop/java.awt.EventDispatchThread.pumpEvents(EventDispatchThread.java:109)
2025-03-10 16:23:54,608 [ERROR] LogOutputStream:75 - [STDERR_REDIRECT] 	at java.desktop/java.awt.EventDispatchThread.pumpEvents(EventDispatchThread.java:101)
2025-03-10 16:23:54,609 [ERROR] LogOutputStream:75 - [STDERR_REDIRECT] 	at java.desktop/java.awt.EventDispatchThread.run(EventDispatchThread.java:90)
2025-03-10 16:23:56,805 [INFO] NvicIntPanel:101 - NVIC parent = com.st.microxplorer.plugins.ip.nvic.MultiNvicIntPanel[,0,0,0x0,invalid,layout=javax.swing.BoxLayout,alignmentX=0.0,alignmentY=0.0,border=,flags=9,maximumSize=,minimumSize=,preferredSize=]
2025-03-10 16:24:14,074 [INFO] NvicIntPanel:101 - NVIC parent = com.st.microxplorer.plugins.ip.nvic.MultiNvicIntPanel[,0,0,1092x354,layout=javax.swing.BoxLayout,alignmentX=0.0,alignmentY=0.0,border=,flags=9,maximumSize=,minimumSize=,preferredSize=]
2025-03-10 16:24:31,718 [INFO] UtilMem:75 - End SaveConfig() Used Memory: 732403456 Bytes (1073741824)
2025-03-10 16:24:33,327 [INFO] UtilMem:75 - End SaveConfig() Used Memory: 763860736 Bytes (1073741824)
2025-03-10 16:24:35,773 [INFO] UtilMem:75 - End SaveConfig() Used Memory: 809475840 Bytes (1073741824)
2025-03-10 16:24:36,348 [INFO] BlockDiagram:2766 - set Specific Code input for plugin: SYS
2025-03-10 16:24:36,349 [INFO] BlockDiagram:2766 - set Specific Code input for plugin: RCC
2025-03-10 16:24:36,349 [INFO] BlockDiagram:2766 - set Specific Code input for plugin: LPUART
2025-03-10 16:24:36,350 [INFO] BlockDiagram:2766 - set Specific Code input for plugin: USB_OTG_FS
2025-03-10 16:24:36,350 [INFO] BlockDiagram:2766 - set Specific Code input for plugin: NVIC
2025-03-10 16:24:36,350 [INFO] BlockDiagram:2766 - set Specific Code input for plugin: USART
2025-03-10 16:24:36,351 [INFO] BlockDiagram:2766 - set Specific Code input for plugin: GPIO
2025-03-10 16:24:36,354 [INFO] CodeGenerator:896 - code generatio: config db path: C:\ST\STM32CubeIDE_1.16.1\STM32CubeIDE\plugins\com.st.stm32cube.common.mx_6.13.0.202411220809\\db\
2025-03-10 16:24:36,560 [INFO] CodeEngine:255 - oldGeneratedFile, C:\Users\baron\skola\data\6_semestr\VST_2025\project\MXTmpFiles\license.tmp_save
2025-03-10 16:24:37,005 [INFO] CodeEngine:279 - Generated code: C:\Users\baron\skola\data\6_semestr\VST_2025\project\MXTmpFiles\license.tmp
2025-03-10 16:24:37,153 [INFO] CodeEngine:255 - oldGeneratedFile, C:\Users\baron\skola\data\6_semestr\VST_2025\project\MXTmpFiles\gpio.tmp_save
2025-03-10 16:24:37,272 [INFO] CodeEngine:279 - Generated code: C:\Users\baron\skola\data\6_semestr\VST_2025\project\MXTmpFiles\gpio.tmp
2025-03-10 16:24:37,582 [WARN] IPConfigManager:3034 - Warning: the RefConfig PWREx_EnableUSBVoltageDetector is not available in your config.xml file
2025-03-10 16:24:37,637 [INFO] CodeEngine:255 - oldGeneratedFile, C:\Users\baron\skola\data\6_semestr\VST_2025\project\Core\Src\stm32l4xx_it.c_save
2025-03-10 16:24:37,749 [INFO] CodeEngine:279 - Generated code: C:\Users\baron\skola\data\6_semestr\VST_2025\project\Core\Src\stm32l4xx_it.c
2025-03-10 16:24:37,772 [INFO] CodeEngine:255 - oldGeneratedFile, C:\Users\baron\skola\data\6_semestr\VST_2025\project\Core\Inc\stm32l4xx_it.h_save
2025-03-10 16:24:37,849 [INFO] CodeEngine:279 - Generated code: C:\Users\baron\skola\data\6_semestr\VST_2025\project\Core\Inc\stm32l4xx_it.h
2025-03-10 16:24:37,897 [INFO] CodeEngine:255 - oldGeneratedFile, C:\Users\baron\skola\data\6_semestr\VST_2025\project\Core\Src\stm32l4xx_hal_msp.c_save
2025-03-10 16:24:38,041 [INFO] CodeEngine:279 - Generated code: C:\Users\baron\skola\data\6_semestr\VST_2025\project\Core\Src\stm32l4xx_hal_msp.c
2025-03-10 16:24:38,060 [INFO] CodeEngine:255 - oldGeneratedFile, C:\Users\baron\skola\data\6_semestr\VST_2025\project\MXTmpFiles\system.tmp_save
2025-03-10 16:24:38,123 [INFO] CodeEngine:279 - Generated code: C:\Users\baron\skola\data\6_semestr\VST_2025\project\MXTmpFiles\system.tmp
2025-03-10 16:24:38,159 [INFO] CodeEngine:311 - oldGeneratedFile, C:\Users\baron\skola\data\6_semestr\VST_2025\project\Core\Inc\stm32l4xx_hal_conf.h_save
2025-03-10 16:24:38,230 [INFO] CodeEngine:335 - Generated code: C:\Users\baron\skola\data\6_semestr\VST_2025\project\Core\Inc\stm32l4xx_hal_conf.h
2025-03-10 16:24:38,279 [INFO] ApiDbMcu:508 - Load IP Config File for LPUART1
2025-03-10 16:24:38,294 [INFO] ApiDbMcu:508 - Load IP Config File for USART3
2025-03-10 16:24:38,297 [INFO] ApiDbMcu:508 - Load IP Config File for USB_OTG_FS
2025-03-10 16:24:38,301 [INFO] ApiDbMcu:508 - Load IP Config File for RCC
2025-03-10 16:24:38,304 [WARN] IPConfigManager:3618 - IP not found : USB_OTG
2025-03-10 16:24:38,307 [WARN] CodeGenerator:4152 - IP not found : null
2025-03-10 16:24:38,347 [INFO] CodeEngine:255 - oldGeneratedFile, C:\Users\baron\skola\data\6_semestr\VST_2025\project\Core\Inc\main.h_save
2025-03-10 16:24:38,444 [INFO] CodeEngine:279 - Generated code: C:\Users\baron\skola\data\6_semestr\VST_2025\project\Core\Inc\main.h
2025-03-10 16:24:38,466 [INFO] CodeEngine:255 - oldGeneratedFile, C:\Users\baron\skola\data\6_semestr\VST_2025\project\Core\Src\main.c_save
2025-03-10 16:24:38,636 [INFO] CodeEngine:279 - Generated code: C:\Users\baron\skola\data\6_semestr\VST_2025\project\Core\Src\main.c
2025-03-10 16:24:39,277 [INFO] ProjectBuilder:3289 - Time for Copy HAL[1] : 483mS.
2025-03-10 16:24:39,283 [INFO] ProjectBuilder:4876 - Project Generator version: 4.5.0-RC5
2025-03-10 16:24:39,346 [INFO] ConfigFileManager:1579 - The Die is : DIE470
2025-03-10 16:24:39,359 [INFO] ApiDbMcu:508 - Load IP Config File for FATFS
2025-03-10 16:24:39,368 [INFO] ApiDbMcu:508 - Load IP Config File for FREERTOS
2025-03-10 16:24:39,381 [INFO] ApiDbMcu:508 - Load IP Config File for TOUCHSENSING
2025-03-10 16:24:39,393 [INFO] ApiDbMcu:508 - Load IP Config File for USB_DEVICE
2025-03-10 16:24:39,402 [INFO] ApiDbMcu:508 - Load IP Config File for USB_HOST
2025-03-10 16:24:39,952 [INFO] LogOutputStream:77 - [STDOUT_REDIRECT] 
2025-03-10 16:24:41,244 [INFO] ProjectBuilder:5154 - Time for Generating toolchain IDE Files: 1959mS.
2025-03-10 16:24:41,245 [INFO] ProjectBuilder:3146 - Time for Copy CMSIS : 1mS.
2025-03-10 16:24:41,250 [INFO] ProjectBuilder:3146 - Time for Copy CMSIS : 0mS.
2025-03-10 16:43:50,463 [ERROR] LogOutputStream:75 - [STDERR_REDIRECT] 
2025-03-10 16:44:08,627 [INFO] Activator:176 - 


2025-03-10 16:44:08,630 [INFO] Activator:177 - !SESSION log4j initialized
2025-03-10 16:44:15,276 [INFO] LogOutputStream:77 - [STDOUT_REDIRECT] 
2025-03-10 16:44:16,750 [INFO] ApplicationProperties:184 - Using Application install path: C:\ST\STM32CubeIDE_1.16.1\STM32CubeIDE\plugins\com.st.stm32cube.common.mx_6.13.0.202411220809
2025-03-10 16:44:16,775 [INFO] DbMcusXml:78 - Set database path to: C:\ST\STM32CubeIDE_1.16.1\STM32CubeIDE\plugins\com.st.stm32cube.common.mx_6.13.0.202411220809\\db\/mcu/
2025-03-10 16:44:16,775 [INFO] ApiDb:274 - Set plugin database path to: C:\ST\STM32CubeIDE_1.16.1\STM32CubeIDE\plugins\com.st.stm32cube.common.mx_6.13.0.202411220809\\db\/plugins/boardmanager/
2025-03-10 16:44:16,776 [WARN] ApiDb:259 - Overriding images path with different value:  => C:\ST\STM32CubeIDE_1.16.1\STM32CubeIDE\plugins\com.st.stm32cube.common.mx_6.13.0.202411220809\\db\/plugins/mcufinder/images/
2025-03-10 16:44:16,787 [INFO] ApiDb:250 - Set database path to: C:\Users\baron\.stmcufinder\plugins\mcufinder//mcu/
2025-03-10 16:44:16,789 [INFO] DbMcusAds:125 - Set database path to: C:\Users\baron\.stmcufinder\plugins\mcufinder//mcu/
2025-03-10 16:44:16,793 [INFO] CrossReferenceDbSqlite:203 - Set database path to: C:\Users\baron\.stmcufinder\plugins\mcufinder//mcu/cs/
2025-03-10 16:44:16,941 [INFO] RulesReader:64 - Compatibility file has been processed (297 Rules)
2025-03-10 16:44:17,083 [INFO] DbMcusXml:78 - Set database path to: C:\ST\STM32CubeIDE_1.16.1\STM32CubeIDE\plugins\com.st.stm32cube.common.mx_6.13.0.202411220809\\db\/mcu/
2025-03-10 16:44:17,083 [INFO] ApiDb:274 - Set plugin database path to: C:\ST\STM32CubeIDE_1.16.1\STM32CubeIDE\plugins\com.st.stm32cube.common.mx_6.13.0.202411220809\\db\/plugins/boardmanager/
2025-03-10 16:44:17,083 [INFO] ApiDb:261 - Set plugin images path to: C:\ST\STM32CubeIDE_1.16.1\STM32CubeIDE\plugins\com.st.stm32cube.common.mx_6.13.0.202411220809\\db\/plugins/mcufinder/images/
2025-03-10 16:44:17,083 [WARN] DbFile:41 - Overriding database path with different value: C:\Users\baron\.stmcufinder\plugins\mcufinder/ => C:\Users\baron\.stmcufinder\plugins\mcufinder
2025-03-10 16:44:17,084 [INFO] ApiDb:250 - Set database path to: C:\Users\baron\.stmcufinder\plugins\mcufinder//mcu/
2025-03-10 16:44:17,084 [WARN] DbFile:41 - Overriding database path with different value: C:\Users\baron\.stmcufinder\plugins\mcufinder/ => C:\Users\baron\.stmcufinder\plugins\mcufinder
2025-03-10 16:44:17,084 [INFO] DbMcusAds:125 - Set database path to: C:\Users\baron\.stmcufinder\plugins\mcufinder//mcu/
2025-03-10 16:44:17,084 [WARN] DbFile:41 - Overriding database path with different value: C:\Users\baron\.stmcufinder\plugins\mcufinder/ => C:\Users\baron\.stmcufinder\plugins\mcufinder
2025-03-10 16:44:17,084 [WARN] DbFile:41 - Overriding database path with different value: C:\Users\baron\.stmcufinder\plugins\mcufinder/ => C:\Users\baron\.stmcufinder\plugins\mcufinder
2025-03-10 16:44:17,084 [INFO] CrossReferenceDbSqlite:203 - Set database path to: C:\Users\baron\.stmcufinder\plugins\mcufinder//mcu/cs/
2025-03-10 16:44:17,203 [INFO] MainPanel:272 - HeapMemory: 268435456
2025-03-10 16:44:17,326 [INFO] DbMcusXml:78 - Set database path to: C:\ST\STM32CubeIDE_1.16.1\STM32CubeIDE\plugins\com.st.stm32cube.common.mx_6.13.0.202411220809\\db\/mcu/
2025-03-10 16:44:17,326 [INFO] ApiDb:274 - Set plugin database path to: C:\ST\STM32CubeIDE_1.16.1\STM32CubeIDE\plugins\com.st.stm32cube.common.mx_6.13.0.202411220809\\db\/plugins/boardmanager/
2025-03-10 16:44:17,326 [INFO] ApiDb:261 - Set plugin images path to: C:\ST\STM32CubeIDE_1.16.1\STM32CubeIDE\plugins\com.st.stm32cube.common.mx_6.13.0.202411220809\\db\/plugins/mcufinder/images/
2025-03-10 16:44:17,326 [WARN] DbFile:41 - Overriding database path with different value: C:\Users\baron\.stmcufinder\plugins\mcufinder/ => C:\Users\baron\.stmcufinder\plugins\mcufinder
2025-03-10 16:44:17,326 [INFO] ApiDb:250 - Set database path to: C:\Users\baron\.stmcufinder\plugins\mcufinder//mcu/
2025-03-10 16:44:17,326 [WARN] DbFile:41 - Overriding database path with different value: C:\Users\baron\.stmcufinder\plugins\mcufinder/ => C:\Users\baron\.stmcufinder\plugins\mcufinder
2025-03-10 16:44:17,326 [INFO] DbMcusAds:125 - Set database path to: C:\Users\baron\.stmcufinder\plugins\mcufinder//mcu/
2025-03-10 16:44:17,326 [WARN] DbFile:41 - Overriding database path with different value: C:\Users\baron\.stmcufinder\plugins\mcufinder/ => C:\Users\baron\.stmcufinder\plugins\mcufinder
2025-03-10 16:44:17,326 [WARN] DbFile:41 - Overriding database path with different value: C:\Users\baron\.stmcufinder\plugins\mcufinder/ => C:\Users\baron\.stmcufinder\plugins\mcufinder
2025-03-10 16:44:17,327 [INFO] CrossReferenceDbSqlite:203 - Set database path to: C:\Users\baron\.stmcufinder\plugins\mcufinder//mcu/cs/
2025-03-10 16:44:17,350 [INFO] ApplicationProperties:184 - Using Application install path: C:\ST\STM32CubeIDE_1.16.1\STM32CubeIDE\plugins\com.st.stm32cube.common.mx_6.13.0.202411220809
2025-03-10 16:44:17,352 [INFO] PluginManage:196 - Search for loadable plugins [exclusion list=, ]
2025-03-10 16:44:17,354 [INFO] PluginManage:310 - Check plugin analytics
2025-03-10 16:44:17,521 [INFO] AnalyticsPlugin:253 - Accepted Software Licenses: 
2025-03-10 16:44:17,521 [INFO] AnalyticsPlugin:255 - Accepted CMSIS Pack Licenses: 
2025-03-10 16:44:17,522 [INFO] AnalyticsPlugin:257 - Accepted Firmware Licenses: FW.L4.1.18.0
2025-03-10 16:44:17,525 [INFO] PluginManage:359 - Loaded plugin analytics (category:tool,tabindex:-1)
2025-03-10 16:44:17,525 [INFO] PluginManage:310 - Check plugin cadmodel
2025-03-10 16:44:17,532 [INFO] CADModel:105 - Init CAD model plugin
2025-03-10 16:44:17,532 [INFO] PluginManage:359 - Loaded plugin cadmodel (category:power,tabindex:5)
2025-03-10 16:44:17,532 [INFO] PluginManage:310 - Check plugin clock
2025-03-10 16:44:17,541 [INFO] PluginManage:359 - Loaded plugin clock (category:base,tabindex:2)
2025-03-10 16:44:17,541 [INFO] PluginManage:310 - Check plugin ddr
2025-03-10 16:44:17,544 [INFO] PluginManage:359 - Loaded plugin ddr (category:tool,tabindex:6)
2025-03-10 16:44:17,545 [INFO] PluginManage:310 - Check plugin filemanager
2025-03-10 16:44:17,705 [INFO] PluginManage:359 - Loaded plugin filemanager (category:base,tabindex:10)
2025-03-10 16:44:17,705 [INFO] PluginManage:310 - Check plugin ipmanager
2025-03-10 16:44:17,715 [INFO] PluginManage:359 - Loaded plugin ipmanager (category:base,tabindex:5)
2025-03-10 16:44:17,715 [INFO] PluginManage:310 - Check plugin lpbam
2025-03-10 16:44:17,724 [INFO] PluginManage:359 - Loaded plugin lpbam (category:base,tabindex:0)
2025-03-10 16:44:17,724 [INFO] PluginManage:310 - Check plugin memorymap
2025-03-10 16:44:17,739 [INFO] PluginManage:359 - Loaded plugin memorymap (category:base,tabindex:4)
2025-03-10 16:44:17,739 [INFO] PluginManage:310 - Check plugin pinoutandconfiguration
2025-03-10 16:44:17,746 [INFO] PluginManage:359 - Loaded plugin pinoutandconfiguration (category:base,tabindex:1)
2025-03-10 16:44:17,747 [INFO] PluginManage:310 - Check plugin pinoutconfig
2025-03-10 16:44:17,851 [WARN] SupportedApi:132 - Cannot load RTOS API schema: s4s-elt-must-match.1: The content of 'definitions' must match (annotation?, (simpleType | complexType)?, (unique | key | keyref)*)). A problem was found starting at: attribute.
2025-03-10 16:44:18,007 [INFO] PluginManage:359 - Loaded plugin pinoutconfig (category:base,tabindex:0)
2025-03-10 16:44:18,008 [INFO] PluginManage:310 - Check plugin power
2025-03-10 16:44:18,021 [INFO] PluginManage:359 - Loaded plugin power (category:power,tabindex:4)
2025-03-10 16:44:18,022 [INFO] PluginManage:310 - Check plugin projectmanager
2025-03-10 16:44:18,040 [INFO] PluginManage:359 - Loaded plugin projectmanager (category:projectmanager,tabindex:4)
2025-03-10 16:44:18,040 [INFO] PluginManage:310 - Check plugin rif
2025-03-10 16:44:18,049 [INFO] PluginManage:359 - Loaded plugin rif (category:base,tabindex:3)
2025-03-10 16:44:18,050 [INFO] PluginManage:310 - Check plugin thirdparty
2025-03-10 16:44:18,239 [WARN] IntegrityCheckThread:84 - waiting for thirdparty lock release [integrity check]
2025-03-10 16:44:18,240 [INFO] PluginManage:359 - Loaded plugin thirdparty (category:base,tabindex:-1)
2025-03-10 16:44:18,240 [INFO] IntegrityCheckThread:86 - entering critical section [integrity check]
2025-03-10 16:44:18,240 [INFO] PluginManage:310 - Check plugin tools
2025-03-10 16:44:18,240 [INFO] ThirdPartyUpdaterWithRetryManager:70 - Updater plugin not ready yet. [1/15]
2025-03-10 16:44:18,244 [INFO] PluginManage:359 - Loaded plugin tools (category:base,tabindex:7)
2025-03-10 16:44:18,244 [INFO] PluginManage:310 - Check plugin tutovideos
2025-03-10 16:44:18,482 [INFO] PluginManage:359 - Loaded plugin tutovideos (category:base,tabindex:-1)
2025-03-10 16:44:18,483 [INFO] PluginManage:310 - Check plugin updater
2025-03-10 16:44:18,505 [INFO] PluginManage:359 - Loaded plugin updater (category:base,tabindex:12)
2025-03-10 16:44:18,505 [INFO] PluginManage:310 - Check plugin userauth
2025-03-10 16:44:18,510 [INFO] UserAuth:118 - Init User Auth plugin
2025-03-10 16:44:18,511 [INFO] PluginManage:359 - Loaded plugin userauth (category:base,tabindex:14)
2025-03-10 16:44:18,513 [INFO] PluginManage:283 - PluginManage : Loaded plugins [18]
2025-03-10 16:44:18,813 [INFO] PinOutPanel:1589 - setPackage(No Configuration,No Configuration)
2025-03-10 16:44:18,947 [INFO] CADModel:165 - CPN selected for project level
2025-03-10 16:44:18,947 [INFO] CADModel:114 - Register for checkConnection events
2025-03-10 16:44:18,965 [INFO] IPUIPlugin:80 - create IPUIPlugin
2025-03-10 16:44:18,965 [INFO] PluginManager:220 - loadIPPluginJar : add adc
2025-03-10 16:44:18,969 [INFO] IPUIPlugin:80 - create IPUIPlugin
2025-03-10 16:44:18,969 [INFO] PluginManager:220 - loadIPPluginJar : add aes
2025-03-10 16:44:18,973 [INFO] IPUIPlugin:80 - create IPUIPlugin
2025-03-10 16:44:18,973 [INFO] PluginManager:220 - loadIPPluginJar : add can
2025-03-10 16:44:18,975 [INFO] IPUIPlugin:80 - create IPUIPlugin
2025-03-10 16:44:18,975 [INFO] PluginManager:220 - loadIPPluginJar : add comp
2025-03-10 16:44:18,978 [INFO] IPUIPlugin:80 - create IPUIPlugin
2025-03-10 16:44:18,978 [INFO] PluginManager:220 - loadIPPluginJar : add cryp
2025-03-10 16:44:18,982 [INFO] IPUIPlugin:80 - create IPUIPlugin
2025-03-10 16:44:18,982 [INFO] PluginManager:220 - loadIPPluginJar : add ddr_ctrl_phy
2025-03-10 16:44:18,985 [INFO] IPUIPlugin:80 - create IPUIPlugin
2025-03-10 16:44:18,985 [INFO] PluginManager:220 - loadIPPluginJar : add dfsdm
2025-03-10 16:44:18,992 [INFO] IPUIPlugin:80 - create IPUIPlugin
2025-03-10 16:44:18,992 [INFO] PluginManager:220 - loadIPPluginJar : add dma
2025-03-10 16:44:18,995 [INFO] IPUIPlugin:80 - create IPUIPlugin
2025-03-10 16:44:18,995 [INFO] PluginManager:220 - loadIPPluginJar : add dma3
2025-03-10 16:44:18,998 [INFO] IPUIPlugin:80 - create IPUIPlugin
2025-03-10 16:44:18,998 [INFO] PluginManager:220 - loadIPPluginJar : add extmemmanager
2025-03-10 16:44:19,000 [INFO] IPUIPlugin:80 - create IPUIPlugin
2025-03-10 16:44:19,000 [INFO] PluginManager:220 - loadIPPluginJar : add fatfs
2025-03-10 16:44:19,005 [INFO] IPUIPlugin:80 - create IPUIPlugin
2025-03-10 16:44:19,005 [INFO] PluginManager:220 - loadIPPluginJar : add fmc
2025-03-10 16:44:19,011 [INFO] IPUIPlugin:80 - create IPUIPlugin
2025-03-10 16:44:19,011 [INFO] PluginManager:220 - loadIPPluginJar : add freertos
2025-03-10 16:44:19,013 [INFO] IPUIPlugin:80 - create IPUIPlugin
2025-03-10 16:44:19,013 [INFO] PluginManager:220 - loadIPPluginJar : add genericplugin
2025-03-10 16:44:19,016 [INFO] IPUIPlugin:80 - create IPUIPlugin
2025-03-10 16:44:19,016 [INFO] PluginManager:220 - loadIPPluginJar : add gfxmmu
2025-03-10 16:44:19,022 [INFO] IPUIPlugin:80 - create IPUIPlugin
2025-03-10 16:44:19,022 [INFO] PluginManager:220 - loadIPPluginJar : add gic
2025-03-10 16:44:19,027 [INFO] IPUIPlugin:80 - create IPUIPlugin
2025-03-10 16:44:19,027 [INFO] PluginManager:220 - loadIPPluginJar : add gpio
2025-03-10 16:44:19,031 [INFO] IPUIPlugin:80 - create IPUIPlugin
2025-03-10 16:44:19,031 [INFO] PluginManager:220 - loadIPPluginJar : add gtzc
2025-03-10 16:44:19,034 [INFO] IPUIPlugin:80 - create IPUIPlugin
2025-03-10 16:44:19,035 [INFO] PluginManager:220 - loadIPPluginJar : add hash
2025-03-10 16:44:19,039 [INFO] IPUIPlugin:80 - create IPUIPlugin
2025-03-10 16:44:19,040 [INFO] PluginManager:220 - loadIPPluginJar : add i2c
2025-03-10 16:44:19,043 [INFO] IPUIPlugin:80 - create IPUIPlugin
2025-03-10 16:44:19,043 [INFO] PluginManager:220 - loadIPPluginJar : add i2s
2025-03-10 16:44:19,047 [INFO] IPUIPlugin:80 - create IPUIPlugin
2025-03-10 16:44:19,047 [INFO] PluginManager:220 - loadIPPluginJar : add i3c
2025-03-10 16:44:19,052 [INFO] IPUIPlugin:80 - create IPUIPlugin
2025-03-10 16:44:19,053 [INFO] PluginManager:220 - loadIPPluginJar : add ipddr
2025-03-10 16:44:19,061 [INFO] IPUIPlugin:80 - create IPUIPlugin
2025-03-10 16:44:19,061 [INFO] PluginManager:220 - loadIPPluginJar : add linkedlist
2025-03-10 16:44:19,065 [INFO] IPUIPlugin:80 - create IPUIPlugin
2025-03-10 16:44:19,066 [INFO] PluginManager:220 - loadIPPluginJar : add lorawan
2025-03-10 16:44:19,068 [INFO] IPUIPlugin:80 - create IPUIPlugin
2025-03-10 16:44:19,068 [INFO] PluginManager:220 - loadIPPluginJar : add ltdc
2025-03-10 16:44:19,075 [INFO] IPUIPlugin:80 - create IPUIPlugin
2025-03-10 16:44:19,075 [INFO] PluginManager:220 - loadIPPluginJar : add mdma
2025-03-10 16:44:19,078 [INFO] IPUIPlugin:80 - create IPUIPlugin
2025-03-10 16:44:19,078 [INFO] PluginManager:220 - loadIPPluginJar : add nvic
2025-03-10 16:44:19,082 [INFO] IPUIPlugin:80 - create IPUIPlugin
2025-03-10 16:44:19,082 [INFO] PluginManager:220 - loadIPPluginJar : add opamp
2025-03-10 16:44:19,087 [INFO] IPUIPlugin:80 - create IPUIPlugin
2025-03-10 16:44:19,087 [INFO] PluginManager:220 - loadIPPluginJar : add openamp
2025-03-10 16:44:19,091 [INFO] IPUIPlugin:80 - create IPUIPlugin
2025-03-10 16:44:19,091 [INFO] PluginManager:220 - loadIPPluginJar : add pdm2pcm
2025-03-10 16:44:19,098 [INFO] IPUIPlugin:80 - create IPUIPlugin
2025-03-10 16:44:19,100 [INFO] PluginManager:220 - loadIPPluginJar : add plateformsettings
2025-03-10 16:44:19,103 [INFO] IPUIPlugin:80 - create IPUIPlugin
2025-03-10 16:44:19,103 [INFO] PluginManager:220 - loadIPPluginJar : add quadspi
2025-03-10 16:44:19,105 [INFO] IPUIPlugin:80 - create IPUIPlugin
2025-03-10 16:44:19,106 [INFO] PluginManager:220 - loadIPPluginJar : add radio
2025-03-10 16:44:19,109 [INFO] IPUIPlugin:80 - create IPUIPlugin
2025-03-10 16:44:19,110 [INFO] PluginManager:220 - loadIPPluginJar : add resmgrutility
2025-03-10 16:44:19,113 [INFO] IPUIPlugin:80 - create IPUIPlugin
2025-03-10 16:44:19,114 [INFO] PluginManager:220 - loadIPPluginJar : add sai
2025-03-10 16:44:19,116 [INFO] IPUIPlugin:80 - create IPUIPlugin
2025-03-10 16:44:19,117 [INFO] PluginManager:220 - loadIPPluginJar : add spi
2025-03-10 16:44:19,122 [INFO] IPUIPlugin:80 - create IPUIPlugin
2025-03-10 16:44:19,122 [INFO] PluginManager:220 - loadIPPluginJar : add stm32_wpan
2025-03-10 16:44:19,125 [INFO] IPUIPlugin:80 - create IPUIPlugin
2025-03-10 16:44:19,125 [INFO] PluginManager:220 - loadIPPluginJar : add tim
2025-03-10 16:44:19,129 [INFO] IPUIPlugin:80 - create IPUIPlugin
2025-03-10 16:44:19,129 [INFO] PluginManager:220 - loadIPPluginJar : add touchsensing
2025-03-10 16:44:19,132 [INFO] IPUIPlugin:80 - create IPUIPlugin
2025-03-10 16:44:19,132 [INFO] PluginManager:220 - loadIPPluginJar : add tracer_emb
2025-03-10 16:44:19,134 [INFO] IPUIPlugin:80 - create IPUIPlugin
2025-03-10 16:44:19,134 [INFO] PluginManager:220 - loadIPPluginJar : add ts
2025-03-10 16:44:19,135 [INFO] IPUIPlugin:80 - create IPUIPlugin
2025-03-10 16:44:19,136 [INFO] PluginManager:220 - loadIPPluginJar : add tsc
2025-03-10 16:44:19,138 [INFO] IPUIPlugin:80 - create IPUIPlugin
2025-03-10 16:44:19,138 [INFO] PluginManager:220 - loadIPPluginJar : add ucpd
2025-03-10 16:44:19,142 [INFO] IPUIPlugin:80 - create IPUIPlugin
2025-03-10 16:44:19,142 [INFO] PluginManager:220 - loadIPPluginJar : add usart
2025-03-10 16:44:19,145 [INFO] IPUIPlugin:80 - create IPUIPlugin
2025-03-10 16:44:19,145 [INFO] PluginManager:220 - loadIPPluginJar : add usbx
2025-03-10 16:44:19,299 [FATAL] Updater:351 - Updater called before beeing initialized
2025-03-10 16:44:19,326 [INFO] RulesReader:64 - Compatibility file has been processed (297 Rules)
2025-03-10 16:44:19,339 [INFO] RulesReader:64 - Compatibility file has been processed (297 Rules)
2025-03-10 16:44:19,349 [INFO] CADModel:165 - CPN selected for project level
2025-03-10 16:44:19,349 [INFO] CADModel:114 - Register for checkConnection events
2025-03-10 16:44:19,350 [FATAL] Updater:351 - Updater called before beeing initialized
2025-03-10 16:44:19,350 [ERROR] CADModel:125 - Updater not yet initialized, retry later 
2025-03-10 16:44:19,540 [FATAL] Updater:351 - Updater called before beeing initialized
2025-03-10 16:44:19,543 [INFO] CADModel:165 - CPN selected for project level
2025-03-10 16:44:19,543 [INFO] CADModel:114 - Register for checkConnection events
2025-03-10 16:44:19,543 [FATAL] Updater:351 - Updater called before beeing initialized
2025-03-10 16:44:19,543 [ERROR] CADModel:125 - Updater not yet initialized, retry later 
2025-03-10 16:44:19,547 [FATAL] Updater:351 - Updater called before beeing initialized
2025-03-10 16:44:19,683 [FATAL] Updater:351 - Updater called before beeing initialized
2025-03-10 16:44:19,689 [INFO] DbMcusAds:53 - JSON generation date=Tue Dec 17 17:01:15 CET 2024 (1734451275111)
2025-03-10 16:44:19,689 [FATAL] Updater:351 - Updater called before beeing initialized
2025-03-10 16:44:19,738 [WARN] DetailPanel:346 - Failed to get advertising image, set to default
2025-03-10 16:44:20,006 [FATAL] Updater:351 - Updater called before beeing initialized
2025-03-10 16:44:20,008 [FATAL] Updater:351 - Updater called before beeing initialized
2025-03-10 16:44:20,008 [FATAL] Updater:351 - Updater called before beeing initialized
2025-03-10 16:44:20,008 [WARN] DetailPanel:346 - Failed to get advertising image, set to default
2025-03-10 16:44:20,009 [FATAL] Updater:351 - Updater called before beeing initialized
2025-03-10 16:44:20,066 [ERROR] Updater:1198 - MainUpdater not yet initialized. External WinMGr cannot be set.
2025-03-10 16:44:20,068 [INFO] Updater:1134 - Updater Version found : 6.13.0
2025-03-10 16:44:20,086 [INFO] ApplicationProperties:184 - Using Application install path: C:\ST\STM32CubeIDE_1.16.1\STM32CubeIDE\plugins\com.st.stm32cube.common.mx_6.13.0.202411220809
2025-03-10 16:44:21,241 [INFO] ThirdPartyUpdaterWithRetryManager:70 - Updater plugin not ready yet. [2/15]
2025-03-10 16:44:21,669 [ERROR] LogOutputStream:75 - [STDERR_REDIRECT] Mar 10, 2025 4:44:21 PM java.util.prefs.WindowsPreferences <init>
2025-03-10 16:44:21,670 [ERROR] LogOutputStream:75 - [STDERR_REDIRECT] WARNING: Could not open/create prefs root node Software\JavaSoft\Prefs at root 0xffffffff80000002. Windows RegCreateKeyEx(...) returned error code 5.
2025-03-10 16:44:21,670 [ERROR] LogOutputStream:75 - [STDERR_REDIRECT] 
2025-03-10 16:44:21,970 [INFO] MainUpdater:2872 - connection check result : 10
2025-03-10 16:44:21,972 [INFO] MainUpdater:289 - Updater Check For Update Now.
2025-03-10 16:44:21,972 [INFO] MicroXplorer:498 - Change Database Version : DB.6.0.130
2025-03-10 16:44:21,979 [INFO] McuFinderGlobals:63 - Set McuFinder mode to 2 (CubeIDE integrated)
2025-03-10 16:44:21,980 [INFO] UserAuth:171 - activating auth plugin
2025-03-10 16:44:21,983 [INFO] UserAuth:486 - Internet connection configuration mode: 1
2025-03-10 16:44:22,015 [INFO] JxBrowserEngine:152 - Initiate JxBrowser Engine with user profile folder
2025-03-10 16:44:22,186 [INFO] CheckServerUpdateThread:120 - End of CheckServer Thread
2025-03-10 16:44:23,264 [INFO] WebApp:168 - Instantiating new browser for Auth
2025-03-10 16:44:24,829 [WARN] PackLoader:240 - Cannot read IP mode file for STMicroelectronics.FP-SNS-MOTENVWB1.1.4.0
2025-03-10 16:44:24,860 [WARN] PackLoader:240 - Cannot read IP mode file for STMicroelectronics.FP-ATR-ASTRA1.2.0.2
2025-03-10 16:44:24,880 [WARN] PackLoader:240 - Cannot read IP mode file for STMicroelectronics.FP-ATR-ASTRA1.2.0.1
2025-03-10 16:44:24,903 [WARN] PackLoader:240 - Cannot read IP mode file for STMicroelectronics.X-CUBE-SMBUS.2.1.0
2025-03-10 16:44:24,921 [WARN] PackLoader:240 - Cannot read IP mode file for STMicroelectronics.X-CUBE-WB05N.1.1.0
2025-03-10 16:44:24,996 [WARN] PackLoader:240 - Cannot read IP mode file for STMicroelectronics.X-CUBE-AZRTOS-F7.1.1.0
2025-03-10 16:44:25,160 [WARN] PackLoader:240 - Cannot read IP mode file for STMicroelectronics.X-CUBE-MEMS1.11.0.0
2025-03-10 16:44:25,414 [INFO] WebApp:449 - Apply proxy settings
2025-03-10 16:44:25,415 [INFO] WebApp:534 - Chromium requires no authentication
2025-03-10 16:44:25,450 [INFO] WebApp:477 - Direct internet connection detected
2025-03-10 16:44:25,535 [INFO] WebApp:880 - Register for checkConnection events
2025-03-10 16:44:25,536 [INFO] WebApp:449 - Apply proxy settings
2025-03-10 16:44:25,536 [INFO] WebApp:534 - Chromium requires no authentication
2025-03-10 16:44:25,538 [INFO] WebApp:477 - Direct internet connection detected
2025-03-10 16:44:25,552 [WARN] PackLoader:240 - Cannot read IP mode file for STMicroelectronics.FP-SNS-FLIGHT1.5.0.2
2025-03-10 16:44:25,570 [WARN] PackLoader:240 - Cannot read IP mode file for STMicroelectronics.X-CUBE-DISPLAY.3.0.0
2025-03-10 16:44:25,596 [WARN] PackLoader:240 - Cannot read IP mode file for STMicroelectronics.X-CUBE-BLE1.7.0.0
2025-03-10 16:44:25,624 [WARN] PackLoader:240 - Cannot read IP mode file for STMicroelectronics.X-CUBE-NFC10.1.0.0
2025-03-10 16:44:25,649 [WARN] PackLoader:240 - Cannot read IP mode file for STMicroelectronics.X-CUBE-BLEMGR.4.0.0
2025-03-10 16:44:25,666 [WARN] PackLoader:240 - Cannot read IP mode file for emotas.I-CUBE-CANOPEN.1.3.0
2025-03-10 16:44:25,693 [WARN] PackLoader:240 - Cannot read IP mode file for STMicroelectronics.X-CUBE-BLEMGR.3.1.0
2025-03-10 16:44:25,709 [WARN] PackLoader:240 - Cannot read IP mode file for STMicroelectronics.X-CUBE-AI.10.0.0
2025-03-10 16:44:25,720 [WARN] PackLoader:240 - Cannot read IP mode file for STMicroelectronics.FP-SNS-SMARTAG2.1.2.0
2025-03-10 16:44:25,809 [WARN] PackLoader:240 - Cannot read IP mode file for STMicroelectronics.X-CUBE-MEMS1.11.1.0
2025-03-10 16:44:26,020 [INFO] LogOutputStream:77 - [STDOUT_REDIRECT] 1 : Invalid condition id : UX_CORESTACK_Condition cause : null
2025-03-10 16:44:26,022 [INFO] LogOutputStream:77 - [STDOUT_REDIRECT] 1 : Invalid condition id : UX_CORESTACK_Condition cause : null
2025-03-10 16:44:26,025 [INFO] LogOutputStream:77 - [STDOUT_REDIRECT] 1 : Invalid condition id : UX_CORESTACK_Condition cause : null
2025-03-10 16:44:26,027 [INFO] LogOutputStream:77 - [STDOUT_REDIRECT] 1 : Invalid condition id : UX_CORESTACK_Condition cause : null
2025-03-10 16:44:26,030 [INFO] LogOutputStream:77 - [STDOUT_REDIRECT] 1 : Invalid condition id : UX_CORESTACK_Condition cause : null
2025-03-10 16:44:26,036 [WARN] PackLoader:240 - Cannot read IP mode file for STMicroelectronics.X-CUBE-AZRTOS-WL.2.0.0
2025-03-10 16:44:26,052 [WARN] PackLoader:240 - Cannot read IP mode file for STMicroelectronics.FP-SNS-MOTENV1.5.0.0
2025-03-10 16:44:26,076 [WARN] PackLoader:240 - Cannot read IP mode file for wolfSSL.I-CUBE-wolfMQTT.1.19.0
2025-03-10 16:44:26,094 [WARN] PackLoader:240 - Cannot read IP mode file for WES.I-CUBE-Cesium.1.3.0
2025-03-10 16:44:26,104 [WARN] PackLoader:240 - Cannot read IP mode file for STMicroelectronics.X-CUBE-BLE2.3.3.0
2025-03-10 16:44:26,120 [WARN] PackLoader:240 - Cannot read IP mode file for STMicroelectronics.X-CUBE-NFC9.1.0.0
2025-03-10 16:44:26,135 [WARN] PackLoader:240 - Cannot read IP mode file for STMicroelectronics.X-CUBE-BLE1.7.1.0
2025-03-10 16:44:26,151 [INFO] WebApp:187 - Connection restablished
2025-03-10 16:44:26,165 [WARN] PackLoader:240 - Cannot read IP mode file for STMicroelectronics.X-CUBE-TCPP.4.1.0
2025-03-10 16:44:26,200 [WARN] PackLoader:240 - Cannot read IP mode file for STMicroelectronics.X-CUBE-AZRTOS-G0.1.1.0
2025-03-10 16:44:26,217 [WARN] PackLoader:240 - Cannot read IP mode file for STMicroelectronics.X-CUBE-SAFEA1.1.2.2
2025-03-10 16:44:26,264 [INFO] WebApp:221 - Starting web application
2025-03-10 16:44:26,265 [INFO] WebApp:579 - Web application path used C:\ST\STM32CubeIDE_1.16.1\STM32CubeIDE\plugins\com.st.stm32cube.common.mx_6.13.0.202411220809\db\plugins\mcufinder\reactClient1\index.html
2025-03-10 16:44:26,266 [WARN] PackLoader:240 - Cannot read IP mode file for STMicroelectronics.X-CUBE-NFC4.3.0.0
2025-03-10 16:44:26,290 [WARN] PackLoader:240 - Cannot read IP mode file for EmbeddedOffice.I-CUBE-FS-RTOS.1.0.1
2025-03-10 16:44:26,306 [WARN] PackLoader:240 - Cannot read IP mode file for STMicroelectronics.X-CUBE-TCPP.4.2.0
2025-03-10 16:44:26,325 [WARN] PackLoader:240 - Cannot read IP mode file for RealThread.X-CUBE-RT-Thread_Nano.4.1.1
2025-03-10 16:44:26,338 [WARN] PackLoader:240 - Cannot read IP mode file for STMicroelectronics.FP-ATR-SIGFOX1.3.2.0
2025-03-10 16:44:26,349 [WARN] PackLoader:240 - Cannot read IP mode file for wolfSSL.I-CUBE-wolfSSL.5.7.2
2025-03-10 16:44:26,367 [WARN] ConditionMgr:438 - getConditionDescription Invalid condition id : Cortex-A Device cause : null
2025-03-10 16:44:26,471 [WARN] ConditionMgr:1044 - genDependencies : Invalid condition id : Cortex-A Device cause : null
2025-03-10 16:44:26,471 [WARN] ConditionMgr:1044 - genDependencies : Invalid condition id : Cortex-A Device cause : null
2025-03-10 16:44:26,472 [WARN] ConditionMgr:1044 - genDependencies : Invalid condition id : Cortex-A Device cause : null
2025-03-10 16:44:26,489 [WARN] PackLoader:240 - Cannot read IP mode file for STMicroelectronics.X-CUBE-EEPRMA1.5.1.0
2025-03-10 16:44:26,511 [WARN] PackLoader:240 - Cannot read IP mode file for ITTIA_DB.I-CUBE-ITTIADB.8.9.0
2025-03-10 16:44:26,603 [WARN] PackLoader:240 - Cannot read IP mode file for SEGGER.I-CUBE-embOS.1.3.1
2025-03-10 16:44:26,678 [WARN] PackLoader:240 - Cannot read IP mode file for STMicroelectronics.X-CUBE-ALGOBUILD.1.4.0
2025-03-10 16:44:26,687 [WARN] PackLoader:240 - Cannot read IP mode file for STMicroelectronics.X-CUBE-AI.9.1.0
2025-03-10 16:44:26,782 [WARN] PackLoader:240 - Cannot read IP mode file for STMicroelectronics.X-CUBE-AZRTOS-F4.1.1.0
2025-03-10 16:44:26,827 [WARN] PackLoader:240 - Cannot read IP mode file for STMicroelectronics.X-CUBE-ISPU.2.1.0
2025-03-10 16:44:26,846 [WARN] PackLoader:240 - Cannot read IP mode file for STMicroelectronics.X-CUBE-FREERTOS.1.2.0
2025-03-10 16:44:26,883 [WARN] PackLoader:240 - Cannot read IP mode file for STMicroelectronics.X-CUBE-AZRTOS-L5.2.0.0
2025-03-10 16:44:26,909 [WARN] PackLoader:240 - Cannot read IP mode file for STMicroelectronics.X-CUBE-NFC6.3.1.0
2025-03-10 16:44:26,924 [WARN] PackLoader:240 - Cannot read IP mode file for STMicroelectronics.X-CUBE-DPower.1.2.0
2025-03-10 16:44:26,934 [WARN] PackLoader:240 - Cannot read IP mode file for STMicroelectronics.X-CUBE-FREERTOS.1.3.0
2025-03-10 16:44:27,018 [WARN] PackLoader:240 - Cannot read IP mode file for STMicroelectronics.X-CUBE-NFC7.1.0.1
2025-03-10 16:44:27,055 [WARN] ConditionMgr:438 - getConditionDescription Invalid condition id : LAN8742 Phy interface Condition cause : null
2025-03-10 16:44:27,056 [WARN] PackLoader:240 - Cannot read IP mode file for STMicroelectronics.X-CUBE-AZRTOS-L4.2.0.0
2025-03-10 16:44:27,059 [WARN] ConditionMgr:1044 - genDependencies : Invalid condition id : LAN8742 Phy interface Condition cause : null
2025-03-10 16:44:27,060 [WARN] ConditionMgr:1044 - genDependencies : Invalid condition id : LAN8742 Phy interface Condition cause : null
2025-03-10 16:44:27,061 [WARN] ConditionMgr:1044 - genDependencies : Invalid condition id : LAN8742 Phy interface Condition cause : null
2025-03-10 16:44:27,090 [WARN] PackLoader:240 - Cannot read IP mode file for STMicroelectronics.X-CUBE-SFXS2LP1.4.0.0
2025-03-10 16:44:27,218 [WARN] PackLoader:240 - Cannot read IP mode file for STMicroelectronics.X-CUBE-AZRTOS-H7.3.3.0
2025-03-10 16:44:27,265 [WARN] PackLoader:240 - Cannot read IP mode file for STMicroelectronics.X-CUBE-IPS.3.0.0
2025-03-10 16:44:27,390 [WARN] ConditionMgr:438 - getConditionDescription Invalid condition id : UX DEVICE CLASS RTOS Condition cause : null
2025-03-10 16:44:27,395 [WARN] ConditionMgr:438 - getConditionDescription Invalid condition id : UX DEVICE CLASS RTOS Condition cause : null
2025-03-10 16:44:27,398 [WARN] PackLoader:240 - Cannot read IP mode file for STMicroelectronics.X-CUBE-AZRTOS-WB.2.0.0
2025-03-10 16:44:27,399 [WARN] ConditionMgr:1044 - genDependencies : Invalid condition id : UX DEVICE CLASS RTOS Condition cause : null
2025-03-10 16:44:27,400 [WARN] ConditionMgr:1044 - genDependencies : Invalid condition id : UX DEVICE CLASS RTOS Condition cause : null
2025-03-10 16:44:27,400 [WARN] ConditionMgr:1044 - genDependencies : Invalid condition id : UX DEVICE CLASS RTOS Condition cause : null
2025-03-10 16:44:27,401 [WARN] ConditionMgr:1044 - genDependencies : Invalid condition id : UX DEVICE CLASS RTOS Condition cause : null
2025-03-10 16:44:27,401 [WARN] ConditionMgr:1044 - genDependencies : Invalid condition id : UX DEVICE CLASS RTOS Condition cause : null
2025-03-10 16:44:27,425 [WARN] PackLoader:240 - Cannot read IP mode file for STMicroelectronics.X-CUBE-GNSS1.7.0.0
2025-03-10 16:44:27,437 [WARN] PackLoader:240 - Cannot read IP mode file for STMicroelectronics.X-CUBE-GNSS1.7.0.1
2025-03-10 16:44:27,454 [WARN] PackLoader:240 - Cannot read IP mode file for STMicroelectronics.X-CUBE-TOUCHGFX.4.25.0
2025-03-10 16:44:27,467 [WARN] PackLoader:240 - Cannot read IP mode file for STMicroelectronics.FP-SNS-STBOX1.2.0.0
2025-03-10 16:44:27,493 [WARN] PackLoader:240 - Cannot read IP mode file for STMicroelectronics.X-CUBE-SUBG2.5.0.0
2025-03-10 16:44:27,509 [WARN] PackLoader:240 - Cannot read IP mode file for Cesanta.I-CUBE-Mongoose.7.13.0
2025-03-10 16:44:27,533 [WARN] PackLoader:240 - Cannot read IP mode file for STMicroelectronics.X-CUBE-AZRTOS-G4.2.0.0
2025-03-10 16:44:27,556 [WARN] PackLoader:240 - Cannot read IP mode file for STMicroelectronics.X-CUBE-IPS.3.1.0
2025-03-10 16:44:27,575 [WARN] PackLoader:240 - Cannot read IP mode file for STMicroelectronics.X-CUBE-ALS.1.0.2
2025-03-10 16:44:27,599 [WARN] PackLoader:240 - Cannot read IP mode file for STMicroelectronics.X-CUBE-TOUCHGFX.4.24.2
2025-03-10 16:44:27,624 [WARN] PackLoader:240 - Cannot read IP mode file for STMicroelectronics.X-CUBE-TOUCHGFX.4.24.1
2025-03-10 16:44:27,634 [WARN] PackLoader:240 - Cannot read IP mode file for wolfSSL.I-CUBE-wolfTPM.3.4.0
2025-03-10 16:44:27,647 [WARN] PackLoader:240 - Cannot read IP mode file for portGmbH.I-Cube-SoM-uGOAL.1.1.0
2025-03-10 16:44:27,712 [WARN] PackLoader:240 - Cannot read IP mode file for STMicroelectronics.X-CUBE-AZRTOS-H7RS.1.0.0
2025-03-10 16:44:27,743 [WARN] PackLoader:240 - Cannot read IP mode file for STMicroelectronics.FP-ATR-ASTRA1.2.0.0
2025-03-10 16:44:27,774 [WARN] PackLoader:240 - Cannot read IP mode file for STMicroelectronics.X-CUBE-TOF1.3.4.2
2025-03-10 16:44:27,834 [WARN] PackLoader:240 - Cannot read IP mode file for Infineon.AIROC-Wi-Fi-Bluetooth-STM32.1.6.1
2025-03-10 16:44:27,849 [WARN] PackLoader:240 - Cannot read IP mode file for wolfSSL.I-CUBE-wolfSSH.1.4.17
2025-03-10 16:44:27,850 [INFO] ThirdParty:978 - Integrity check success = true
2025-03-10 16:44:27,850 [INFO] IntegrityCheckThread:100 - exiting critical section [integrity check]
2025-03-10 16:44:27,850 [INFO] IntegrityCheckThread:103 - End integrity checks thread
