2025-02-24 14:43:12,210 [INFO] Activator:176 - 


2025-02-24 14:43:12,215 [INFO] Activator:177 - !SESSION log4j initialized
2025-02-24 14:43:17,071 [INFO] LogOutputStream:77 - [STDOUT_REDIRECT] 
2025-02-24 14:43:18,558 [INFO] ApplicationProperties:184 - Using Application install path: C:\ST\STM32CubeIDE_1.16.1\STM32CubeIDE\plugins\com.st.stm32cube.common.mx_6.13.0.202411220809
2025-02-24 14:43:18,586 [INFO] DbMcusXml:78 - Set database path to: C:\ST\STM32CubeIDE_1.16.1\STM32CubeIDE\plugins\com.st.stm32cube.common.mx_6.13.0.202411220809\\db\/mcu/
2025-02-24 14:43:18,586 [INFO] ApiDb:274 - Set plugin database path to: C:\ST\STM32CubeIDE_1.16.1\STM32CubeIDE\plugins\com.st.stm32cube.common.mx_6.13.0.202411220809\\db\/plugins/boardmanager/
2025-02-24 14:43:18,587 [WARN] ApiDb:259 - Overriding images path with different value:  => C:\ST\STM32CubeIDE_1.16.1\STM32CubeIDE\plugins\com.st.stm32cube.common.mx_6.13.0.202411220809\\db\/plugins/mcufinder/images/
2025-02-24 14:43:18,603 [INFO] ApiDb:250 - Set database path to: C:\Users\baron\.stmcufinder\plugins\mcufinder//mcu/
2025-02-24 14:43:18,605 [INFO] DbMcusAds:125 - Set database path to: C:\Users\baron\.stmcufinder\plugins\mcufinder//mcu/
2025-02-24 14:43:18,609 [INFO] CrossReferenceDbSqlite:203 - Set database path to: C:\Users\baron\.stmcufinder\plugins\mcufinder//mcu/cs/
2025-02-24 14:43:18,806 [INFO] RulesReader:64 - Compatibility file has been processed (297 Rules)
2025-02-24 14:43:18,942 [INFO] DbMcusXml:78 - Set database path to: C:\ST\STM32CubeIDE_1.16.1\STM32CubeIDE\plugins\com.st.stm32cube.common.mx_6.13.0.202411220809\\db\/mcu/
2025-02-24 14:43:18,942 [INFO] ApiDb:274 - Set plugin database path to: C:\ST\STM32CubeIDE_1.16.1\STM32CubeIDE\plugins\com.st.stm32cube.common.mx_6.13.0.202411220809\\db\/plugins/boardmanager/
2025-02-24 14:43:18,943 [INFO] ApiDb:261 - Set plugin images path to: C:\ST\STM32CubeIDE_1.16.1\STM32CubeIDE\plugins\com.st.stm32cube.common.mx_6.13.0.202411220809\\db\/plugins/mcufinder/images/
2025-02-24 14:43:18,943 [WARN] DbFile:41 - Overriding database path with different value: C:\Users\baron\.stmcufinder\plugins\mcufinder/ => C:\Users\baron\.stmcufinder\plugins\mcufinder
2025-02-24 14:43:18,943 [INFO] ApiDb:250 - Set database path to: C:\Users\baron\.stmcufinder\plugins\mcufinder//mcu/
2025-02-24 14:43:18,943 [WARN] DbFile:41 - Overriding database path with different value: C:\Users\baron\.stmcufinder\plugins\mcufinder/ => C:\Users\baron\.stmcufinder\plugins\mcufinder
2025-02-24 14:43:18,943 [INFO] DbMcusAds:125 - Set database path to: C:\Users\baron\.stmcufinder\plugins\mcufinder//mcu/
2025-02-24 14:43:18,943 [WARN] DbFile:41 - Overriding database path with different value: C:\Users\baron\.stmcufinder\plugins\mcufinder/ => C:\Users\baron\.stmcufinder\plugins\mcufinder
2025-02-24 14:43:18,944 [WARN] DbFile:41 - Overriding database path with different value: C:\Users\baron\.stmcufinder\plugins\mcufinder/ => C:\Users\baron\.stmcufinder\plugins\mcufinder
2025-02-24 14:43:18,944 [INFO] CrossReferenceDbSqlite:203 - Set database path to: C:\Users\baron\.stmcufinder\plugins\mcufinder//mcu/cs/
2025-02-24 14:43:19,065 [INFO] MainPanel:272 - HeapMemory: 268435456
2025-02-24 14:43:19,275 [INFO] DbMcusXml:78 - Set database path to: C:\ST\STM32CubeIDE_1.16.1\STM32CubeIDE\plugins\com.st.stm32cube.common.mx_6.13.0.202411220809\\db\/mcu/
2025-02-24 14:43:19,275 [INFO] ApiDb:274 - Set plugin database path to: C:\ST\STM32CubeIDE_1.16.1\STM32CubeIDE\plugins\com.st.stm32cube.common.mx_6.13.0.202411220809\\db\/plugins/boardmanager/
2025-02-24 14:43:19,275 [INFO] ApiDb:261 - Set plugin images path to: C:\ST\STM32CubeIDE_1.16.1\STM32CubeIDE\plugins\com.st.stm32cube.common.mx_6.13.0.202411220809\\db\/plugins/mcufinder/images/
2025-02-24 14:43:19,276 [WARN] DbFile:41 - Overriding database path with different value: C:\Users\baron\.stmcufinder\plugins\mcufinder/ => C:\Users\baron\.stmcufinder\plugins\mcufinder
2025-02-24 14:43:19,276 [INFO] ApiDb:250 - Set database path to: C:\Users\baron\.stmcufinder\plugins\mcufinder//mcu/
2025-02-24 14:43:19,276 [WARN] DbFile:41 - Overriding database path with different value: C:\Users\baron\.stmcufinder\plugins\mcufinder/ => C:\Users\baron\.stmcufinder\plugins\mcufinder
2025-02-24 14:43:19,276 [INFO] DbMcusAds:125 - Set database path to: C:\Users\baron\.stmcufinder\plugins\mcufinder//mcu/
2025-02-24 14:43:19,276 [WARN] DbFile:41 - Overriding database path with different value: C:\Users\baron\.stmcufinder\plugins\mcufinder/ => C:\Users\baron\.stmcufinder\plugins\mcufinder
2025-02-24 14:43:19,276 [WARN] DbFile:41 - Overriding database path with different value: C:\Users\baron\.stmcufinder\plugins\mcufinder/ => C:\Users\baron\.stmcufinder\plugins\mcufinder
2025-02-24 14:43:19,277 [INFO] CrossReferenceDbSqlite:203 - Set database path to: C:\Users\baron\.stmcufinder\plugins\mcufinder//mcu/cs/
2025-02-24 14:43:19,307 [INFO] ApplicationProperties:184 - Using Application install path: C:\ST\STM32CubeIDE_1.16.1\STM32CubeIDE\plugins\com.st.stm32cube.common.mx_6.13.0.202411220809
2025-02-24 14:43:19,309 [INFO] PluginManage:196 - Search for loadable plugins [exclusion list=, ]
2025-02-24 14:43:19,311 [INFO] PluginManage:310 - Check plugin analytics
2025-02-24 14:43:19,516 [INFO] AnalyticsPlugin:253 - Accepted Software Licenses: 
2025-02-24 14:43:19,516 [INFO] AnalyticsPlugin:255 - Accepted CMSIS Pack Licenses: 
2025-02-24 14:43:19,517 [INFO] AnalyticsPlugin:257 - Accepted Firmware Licenses: FW.L4.1.18.0
2025-02-24 14:43:19,520 [INFO] PluginManage:359 - Loaded plugin analytics (category:tool,tabindex:-1)
2025-02-24 14:43:19,520 [INFO] PluginManage:310 - Check plugin cadmodel
2025-02-24 14:43:19,629 [INFO] CADModel:105 - Init CAD model plugin
2025-02-24 14:43:19,630 [INFO] PluginManage:359 - Loaded plugin cadmodel (category:power,tabindex:5)
2025-02-24 14:43:19,630 [INFO] PluginManage:310 - Check plugin clock
2025-02-24 14:43:19,750 [INFO] PluginManage:359 - Loaded plugin clock (category:base,tabindex:2)
2025-02-24 14:43:19,750 [INFO] PluginManage:310 - Check plugin ddr
2025-02-24 14:43:19,753 [INFO] PluginManage:359 - Loaded plugin ddr (category:tool,tabindex:6)
2025-02-24 14:43:19,753 [INFO] PluginManage:310 - Check plugin filemanager
2025-02-24 14:43:19,893 [INFO] PluginManage:359 - Loaded plugin filemanager (category:base,tabindex:10)
2025-02-24 14:43:19,893 [INFO] PluginManage:310 - Check plugin ipmanager
2025-02-24 14:43:19,904 [INFO] PluginManage:359 - Loaded plugin ipmanager (category:base,tabindex:5)
2025-02-24 14:43:19,904 [INFO] PluginManage:310 - Check plugin lpbam
2025-02-24 14:43:19,985 [INFO] PluginManage:359 - Loaded plugin lpbam (category:base,tabindex:0)
2025-02-24 14:43:19,986 [INFO] PluginManage:310 - Check plugin memorymap
2025-02-24 14:43:20,072 [INFO] PluginManage:359 - Loaded plugin memorymap (category:base,tabindex:4)
2025-02-24 14:43:20,073 [INFO] PluginManage:310 - Check plugin pinoutandconfiguration
2025-02-24 14:43:20,189 [INFO] PluginManage:359 - Loaded plugin pinoutandconfiguration (category:base,tabindex:1)
2025-02-24 14:43:20,190 [INFO] PluginManage:310 - Check plugin pinoutconfig
2025-02-24 14:43:20,384 [WARN] SupportedApi:132 - Cannot load RTOS API schema: s4s-elt-must-match.1: The content of 'definitions' must match (annotation?, (simpleType | complexType)?, (unique | key | keyref)*)). A problem was found starting at: attribute.
2025-02-24 14:43:20,571 [INFO] PluginManage:359 - Loaded plugin pinoutconfig (category:base,tabindex:0)
2025-02-24 14:43:20,572 [INFO] PluginManage:310 - Check plugin power
2025-02-24 14:43:20,670 [INFO] PluginManage:359 - Loaded plugin power (category:power,tabindex:4)
2025-02-24 14:43:20,670 [INFO] PluginManage:310 - Check plugin projectmanager
2025-02-24 14:43:20,686 [INFO] PluginManage:359 - Loaded plugin projectmanager (category:projectmanager,tabindex:4)
2025-02-24 14:43:20,686 [INFO] PluginManage:310 - Check plugin rif
2025-02-24 14:43:20,785 [INFO] PluginManage:359 - Loaded plugin rif (category:base,tabindex:3)
2025-02-24 14:43:20,785 [INFO] PluginManage:310 - Check plugin thirdparty
2025-02-24 14:43:21,071 [WARN] IntegrityCheckThread:84 - waiting for thirdparty lock release [integrity check]
2025-02-24 14:43:21,071 [INFO] PluginManage:359 - Loaded plugin thirdparty (category:base,tabindex:-1)
2025-02-24 14:43:21,072 [INFO] IntegrityCheckThread:86 - entering critical section [integrity check]
2025-02-24 14:43:21,072 [INFO] PluginManage:310 - Check plugin tools
2025-02-24 14:43:21,072 [INFO] ThirdPartyUpdaterWithRetryManager:70 - Updater plugin not ready yet. [1/15]
2025-02-24 14:43:21,082 [INFO] PluginManage:359 - Loaded plugin tools (category:base,tabindex:7)
2025-02-24 14:43:21,084 [INFO] PluginManage:310 - Check plugin tutovideos
2025-02-24 14:43:21,471 [INFO] PluginManage:359 - Loaded plugin tutovideos (category:base,tabindex:-1)
2025-02-24 14:43:21,472 [INFO] PluginManage:310 - Check plugin updater
2025-02-24 14:43:21,494 [INFO] PluginManage:359 - Loaded plugin updater (category:base,tabindex:12)
2025-02-24 14:43:21,494 [INFO] PluginManage:310 - Check plugin userauth
2025-02-24 14:43:21,499 [INFO] UserAuth:118 - Init User Auth plugin
2025-02-24 14:43:21,500 [INFO] PluginManage:359 - Loaded plugin userauth (category:base,tabindex:14)
2025-02-24 14:43:21,500 [INFO] PluginManage:283 - PluginManage : Loaded plugins [18]
2025-02-24 14:43:21,776 [INFO] PinOutPanel:1589 - setPackage(No Configuration,No Configuration)
2025-02-24 14:43:21,904 [INFO] CADModel:165 - CPN selected for project level
2025-02-24 14:43:21,904 [INFO] CADModel:114 - Register for checkConnection events
2025-02-24 14:43:21,949 [INFO] IPUIPlugin:80 - create IPUIPlugin
2025-02-24 14:43:21,949 [INFO] PluginManager:220 - loadIPPluginJar : add adc
2025-02-24 14:43:21,960 [INFO] IPUIPlugin:80 - create IPUIPlugin
2025-02-24 14:43:21,960 [INFO] PluginManager:220 - loadIPPluginJar : add aes
2025-02-24 14:43:21,974 [INFO] IPUIPlugin:80 - create IPUIPlugin
2025-02-24 14:43:21,975 [INFO] PluginManager:220 - loadIPPluginJar : add can
2025-02-24 14:43:21,985 [INFO] IPUIPlugin:80 - create IPUIPlugin
2025-02-24 14:43:21,985 [INFO] PluginManager:220 - loadIPPluginJar : add comp
2025-02-24 14:43:21,997 [INFO] IPUIPlugin:80 - create IPUIPlugin
2025-02-24 14:43:21,998 [INFO] PluginManager:220 - loadIPPluginJar : add cryp
2025-02-24 14:43:22,019 [INFO] IPUIPlugin:80 - create IPUIPlugin
2025-02-24 14:43:22,019 [INFO] PluginManager:220 - loadIPPluginJar : add ddr_ctrl_phy
2025-02-24 14:43:22,031 [INFO] IPUIPlugin:80 - create IPUIPlugin
2025-02-24 14:43:22,031 [INFO] PluginManager:220 - loadIPPluginJar : add dfsdm
2025-02-24 14:43:22,057 [INFO] IPUIPlugin:80 - create IPUIPlugin
2025-02-24 14:43:22,058 [INFO] PluginManager:220 - loadIPPluginJar : add dma
2025-02-24 14:43:22,069 [INFO] IPUIPlugin:80 - create IPUIPlugin
2025-02-24 14:43:22,070 [INFO] PluginManager:220 - loadIPPluginJar : add dma3
2025-02-24 14:43:22,086 [INFO] IPUIPlugin:80 - create IPUIPlugin
2025-02-24 14:43:22,086 [INFO] PluginManager:220 - loadIPPluginJar : add extmemmanager
2025-02-24 14:43:22,094 [INFO] IPUIPlugin:80 - create IPUIPlugin
2025-02-24 14:43:22,094 [INFO] PluginManager:220 - loadIPPluginJar : add fatfs
2025-02-24 14:43:22,109 [INFO] IPUIPlugin:80 - create IPUIPlugin
2025-02-24 14:43:22,110 [INFO] PluginManager:220 - loadIPPluginJar : add fmc
2025-02-24 14:43:22,198 [INFO] IPUIPlugin:80 - create IPUIPlugin
2025-02-24 14:43:22,199 [INFO] PluginManager:220 - loadIPPluginJar : add freertos
2025-02-24 14:43:22,208 [INFO] IPUIPlugin:80 - create IPUIPlugin
2025-02-24 14:43:22,208 [INFO] PluginManager:220 - loadIPPluginJar : add genericplugin
2025-02-24 14:43:22,231 [INFO] IPUIPlugin:80 - create IPUIPlugin
2025-02-24 14:43:22,232 [INFO] PluginManager:220 - loadIPPluginJar : add gfxmmu
2025-02-24 14:43:22,263 [INFO] IPUIPlugin:80 - create IPUIPlugin
2025-02-24 14:43:22,263 [INFO] PluginManager:220 - loadIPPluginJar : add gic
2025-02-24 14:43:22,317 [INFO] IPUIPlugin:80 - create IPUIPlugin
2025-02-24 14:43:22,317 [INFO] PluginManager:220 - loadIPPluginJar : add gpio
2025-02-24 14:43:22,338 [INFO] IPUIPlugin:80 - create IPUIPlugin
2025-02-24 14:43:22,339 [INFO] PluginManager:220 - loadIPPluginJar : add gtzc
2025-02-24 14:43:22,347 [INFO] IPUIPlugin:80 - create IPUIPlugin
2025-02-24 14:43:22,348 [INFO] PluginManager:220 - loadIPPluginJar : add hash
2025-02-24 14:43:22,361 [INFO] IPUIPlugin:80 - create IPUIPlugin
2025-02-24 14:43:22,362 [INFO] PluginManager:220 - loadIPPluginJar : add i2c
2025-02-24 14:43:22,371 [INFO] IPUIPlugin:80 - create IPUIPlugin
2025-02-24 14:43:22,371 [INFO] PluginManager:220 - loadIPPluginJar : add i2s
2025-02-24 14:43:22,384 [INFO] IPUIPlugin:80 - create IPUIPlugin
2025-02-24 14:43:22,384 [INFO] PluginManager:220 - loadIPPluginJar : add i3c
2025-02-24 14:43:22,397 [INFO] IPUIPlugin:80 - create IPUIPlugin
2025-02-24 14:43:22,397 [INFO] PluginManager:220 - loadIPPluginJar : add ipddr
2025-02-24 14:43:22,420 [INFO] IPUIPlugin:80 - create IPUIPlugin
2025-02-24 14:43:22,421 [INFO] PluginManager:220 - loadIPPluginJar : add linkedlist
2025-02-24 14:43:22,432 [INFO] IPUIPlugin:80 - create IPUIPlugin
2025-02-24 14:43:22,432 [INFO] PluginManager:220 - loadIPPluginJar : add lorawan
2025-02-24 14:43:22,443 [INFO] IPUIPlugin:80 - create IPUIPlugin
2025-02-24 14:43:22,443 [INFO] PluginManager:220 - loadIPPluginJar : add ltdc
2025-02-24 14:43:22,482 [INFO] IPUIPlugin:80 - create IPUIPlugin
2025-02-24 14:43:22,483 [INFO] PluginManager:220 - loadIPPluginJar : add mdma
2025-02-24 14:43:22,518 [INFO] IPUIPlugin:80 - create IPUIPlugin
2025-02-24 14:43:22,519 [INFO] PluginManager:220 - loadIPPluginJar : add nvic
2025-02-24 14:43:22,530 [INFO] IPUIPlugin:80 - create IPUIPlugin
2025-02-24 14:43:22,531 [INFO] PluginManager:220 - loadIPPluginJar : add opamp
2025-02-24 14:43:22,548 [INFO] IPUIPlugin:80 - create IPUIPlugin
2025-02-24 14:43:22,548 [INFO] PluginManager:220 - loadIPPluginJar : add openamp
2025-02-24 14:43:22,561 [INFO] IPUIPlugin:80 - create IPUIPlugin
2025-02-24 14:43:22,561 [INFO] PluginManager:220 - loadIPPluginJar : add pdm2pcm
2025-02-24 14:43:22,604 [INFO] IPUIPlugin:80 - create IPUIPlugin
2025-02-24 14:43:22,607 [INFO] PluginManager:220 - loadIPPluginJar : add plateformsettings
2025-02-24 14:43:22,614 [INFO] IPUIPlugin:80 - create IPUIPlugin
2025-02-24 14:43:22,614 [INFO] PluginManager:220 - loadIPPluginJar : add quadspi
2025-02-24 14:43:22,620 [INFO] IPUIPlugin:80 - create IPUIPlugin
2025-02-24 14:43:22,621 [INFO] PluginManager:220 - loadIPPluginJar : add radio
2025-02-24 14:43:22,741 [INFO] IPUIPlugin:80 - create IPUIPlugin
2025-02-24 14:43:22,741 [INFO] PluginManager:220 - loadIPPluginJar : add resmgrutility
2025-02-24 14:43:22,755 [INFO] IPUIPlugin:80 - create IPUIPlugin
2025-02-24 14:43:22,755 [INFO] PluginManager:220 - loadIPPluginJar : add sai
2025-02-24 14:43:22,764 [INFO] IPUIPlugin:80 - create IPUIPlugin
2025-02-24 14:43:22,764 [INFO] PluginManager:220 - loadIPPluginJar : add spi
2025-02-24 14:43:22,780 [INFO] IPUIPlugin:80 - create IPUIPlugin
2025-02-24 14:43:22,780 [INFO] PluginManager:220 - loadIPPluginJar : add stm32_wpan
2025-02-24 14:43:22,787 [INFO] IPUIPlugin:80 - create IPUIPlugin
2025-02-24 14:43:22,787 [INFO] PluginManager:220 - loadIPPluginJar : add tim
2025-02-24 14:43:22,804 [INFO] IPUIPlugin:80 - create IPUIPlugin
2025-02-24 14:43:22,804 [INFO] PluginManager:220 - loadIPPluginJar : add touchsensing
2025-02-24 14:43:22,812 [INFO] IPUIPlugin:80 - create IPUIPlugin
2025-02-24 14:43:22,812 [INFO] PluginManager:220 - loadIPPluginJar : add tracer_emb
2025-02-24 14:43:22,819 [INFO] IPUIPlugin:80 - create IPUIPlugin
2025-02-24 14:43:22,819 [INFO] PluginManager:220 - loadIPPluginJar : add ts
2025-02-24 14:43:22,825 [INFO] IPUIPlugin:80 - create IPUIPlugin
2025-02-24 14:43:22,825 [INFO] PluginManager:220 - loadIPPluginJar : add tsc
2025-02-24 14:43:22,831 [INFO] IPUIPlugin:80 - create IPUIPlugin
2025-02-24 14:43:22,831 [INFO] PluginManager:220 - loadIPPluginJar : add ucpd
2025-02-24 14:43:22,840 [INFO] IPUIPlugin:80 - create IPUIPlugin
2025-02-24 14:43:22,840 [INFO] PluginManager:220 - loadIPPluginJar : add usart
2025-02-24 14:43:22,851 [INFO] IPUIPlugin:80 - create IPUIPlugin
2025-02-24 14:43:22,852 [INFO] PluginManager:220 - loadIPPluginJar : add usbx
2025-02-24 14:43:22,989 [FATAL] Updater:351 - Updater called before beeing initialized
2025-02-24 14:43:23,012 [INFO] RulesReader:64 - Compatibility file has been processed (297 Rules)
2025-02-24 14:43:23,022 [INFO] RulesReader:64 - Compatibility file has been processed (297 Rules)
2025-02-24 14:43:23,029 [INFO] CADModel:165 - CPN selected for project level
2025-02-24 14:43:23,029 [INFO] CADModel:114 - Register for checkConnection events
2025-02-24 14:43:23,029 [FATAL] Updater:351 - Updater called before beeing initialized
2025-02-24 14:43:23,029 [ERROR] CADModel:125 - Updater not yet initialized, retry later 
2025-02-24 14:43:23,210 [FATAL] Updater:351 - Updater called before beeing initialized
2025-02-24 14:43:23,213 [INFO] CADModel:165 - CPN selected for project level
2025-02-24 14:43:23,213 [INFO] CADModel:114 - Register for checkConnection events
2025-02-24 14:43:23,213 [FATAL] Updater:351 - Updater called before beeing initialized
2025-02-24 14:43:23,214 [ERROR] CADModel:125 - Updater not yet initialized, retry later 
2025-02-24 14:43:23,219 [FATAL] Updater:351 - Updater called before beeing initialized
2025-02-24 14:43:23,371 [FATAL] Updater:351 - Updater called before beeing initialized
2025-02-24 14:43:23,378 [INFO] DbMcusAds:53 - JSON generation date=Tue Dec 17 17:01:15 CET 2024 (1734451275111)
2025-02-24 14:43:23,379 [FATAL] Updater:351 - Updater called before beeing initialized
2025-02-24 14:43:23,437 [WARN] DetailPanel:346 - Failed to get advertising image, set to default
2025-02-24 14:43:23,772 [FATAL] Updater:351 - Updater called before beeing initialized
2025-02-24 14:43:23,775 [FATAL] Updater:351 - Updater called before beeing initialized
2025-02-24 14:43:23,776 [FATAL] Updater:351 - Updater called before beeing initialized
2025-02-24 14:43:23,776 [WARN] DetailPanel:346 - Failed to get advertising image, set to default
2025-02-24 14:43:23,778 [FATAL] Updater:351 - Updater called before beeing initialized
2025-02-24 14:43:23,879 [ERROR] Updater:1198 - MainUpdater not yet initialized. External WinMGr cannot be set.
2025-02-24 14:43:23,883 [INFO] Updater:1134 - Updater Version found : 6.13.0
2025-02-24 14:43:23,909 [INFO] ApplicationProperties:184 - Using Application install path: C:\ST\STM32CubeIDE_1.16.1\STM32CubeIDE\plugins\com.st.stm32cube.common.mx_6.13.0.202411220809
2025-02-24 14:43:24,073 [INFO] ThirdPartyUpdaterWithRetryManager:70 - Updater plugin not ready yet. [2/15]
2025-02-24 14:43:25,501 [ERROR] LogOutputStream:75 - [STDERR_REDIRECT] Feb 24, 2025 2:43:25 PM java.util.prefs.WindowsPreferences <init>
2025-02-24 14:43:25,505 [ERROR] LogOutputStream:75 - [STDERR_REDIRECT] WARNING: Could not open/create prefs root node Software\JavaSoft\Prefs at root 0xffffffff80000002. Windows RegCreateKeyEx(...) returned error code 5.
2025-02-24 14:43:25,506 [ERROR] LogOutputStream:75 - [STDERR_REDIRECT] 
2025-02-24 14:43:25,903 [INFO] MainUpdater:2872 - connection check result : 10
2025-02-24 14:43:25,903 [INFO] MainUpdater:3566 - Updater definition file requires update
2025-02-24 14:43:25,905 [INFO] MainUpdater:289 - Updater Check For Update Now.
2025-02-24 14:43:25,905 [INFO] MicroXplorer:498 - Change Database Version : DB.6.0.130
2025-02-24 14:43:25,914 [INFO] McuFinderGlobals:63 - Set McuFinder mode to 2 (CubeIDE integrated)
2025-02-24 14:43:25,914 [INFO] UserAuth:171 - activating auth plugin
2025-02-24 14:43:25,918 [INFO] UserAuth:486 - Internet connection configuration mode: 1
2025-02-24 14:43:25,949 [INFO] JxBrowserEngine:152 - Initiate JxBrowser Engine with user profile folder
2025-02-24 14:43:26,037 [INFO] ServerAccessManage:473 - Download File updaters.zip
2025-02-24 14:43:26,148 [INFO] FileExtend:240 - Unzip File : updaters.zip
2025-02-24 14:43:26,149 [INFO] FileExtend:255 - Standard Zip Deflate
2025-02-24 14:43:27,074 [WARN] MainUpdater:1193 - Updater busy. Cannot search thirdparties
2025-02-24 14:43:27,075 [INFO] ThirdPartyUpdaterWithRetryManager:96 - Updater plugin is busy. [1/15]
2025-02-24 14:43:28,088 [INFO] WebApp:168 - Instantiating new browser for Auth
2025-02-24 14:43:29,160 [INFO] ServerAccessManage:473 - Download File PacksControlFlags.xml
2025-02-24 14:43:29,328 [INFO] ServerAccessManage:473 - Download File cubemx.pidx
2025-02-24 14:43:29,608 [INFO] LoadServerUpdatesThread:375 - End of LoadServerUpdate Thread
2025-02-24 14:43:29,854 [INFO] CheckServerUpdateThread:120 - End of CheckServer Thread
2025-02-24 14:43:30,481 [WARN] PackLoader:240 - Cannot read IP mode file for STMicroelectronics.FP-SNS-MOTENVWB1.1.4.0
2025-02-24 14:43:30,499 [WARN] PackLoader:240 - Cannot read IP mode file for STMicroelectronics.FP-ATR-ASTRA1.2.0.1
2025-02-24 14:43:30,513 [WARN] PackLoader:240 - Cannot read IP mode file for STMicroelectronics.X-CUBE-SMBUS.2.1.0
2025-02-24 14:43:30,528 [WARN] PackLoader:240 - Cannot read IP mode file for STMicroelectronics.X-CUBE-WB05N.1.1.0
2025-02-24 14:43:30,587 [WARN] PackLoader:240 - Cannot read IP mode file for STMicroelectronics.X-CUBE-AZRTOS-F7.1.1.0
2025-02-24 14:43:30,689 [WARN] PackLoader:240 - Cannot read IP mode file for STMicroelectronics.X-CUBE-MEMS1.11.0.0
2025-02-24 14:43:30,927 [WARN] PackLoader:240 - Cannot read IP mode file for STMicroelectronics.FP-SNS-FLIGHT1.5.0.2
2025-02-24 14:43:30,947 [WARN] PackLoader:240 - Cannot read IP mode file for STMicroelectronics.X-CUBE-DISPLAY.3.0.0
2025-02-24 14:43:30,968 [WARN] PackLoader:240 - Cannot read IP mode file for STMicroelectronics.X-CUBE-BLE1.7.0.0
2025-02-24 14:43:30,984 [WARN] PackLoader:240 - Cannot read IP mode file for STMicroelectronics.X-CUBE-NFC10.1.0.0
2025-02-24 14:43:31,009 [WARN] PackLoader:240 - Cannot read IP mode file for STMicroelectronics.X-CUBE-BLEMGR.4.0.0
2025-02-24 14:43:31,028 [WARN] PackLoader:240 - Cannot read IP mode file for emotas.I-CUBE-CANOPEN.1.3.0
2025-02-24 14:43:31,048 [WARN] PackLoader:240 - Cannot read IP mode file for STMicroelectronics.X-CUBE-BLEMGR.3.1.0
2025-02-24 14:43:31,062 [WARN] PackLoader:240 - Cannot read IP mode file for STMicroelectronics.X-CUBE-AI.10.0.0
2025-02-24 14:43:31,075 [WARN] PackLoader:240 - Cannot read IP mode file for STMicroelectronics.FP-SNS-SMARTAG2.1.2.0
2025-02-24 14:43:31,171 [WARN] PackLoader:240 - Cannot read IP mode file for STMicroelectronics.X-CUBE-MEMS1.11.1.0
2025-02-24 14:43:31,405 [INFO] LogOutputStream:77 - [STDOUT_REDIRECT] 1 : Invalid condition id : UX_CORESTACK_Condition cause : null
2025-02-24 14:43:31,405 [INFO] LogOutputStream:77 - [STDOUT_REDIRECT] 1 : Invalid condition id : UX_CORESTACK_Condition cause : null
2025-02-24 14:43:31,407 [INFO] LogOutputStream:77 - [STDOUT_REDIRECT] 1 : Invalid condition id : UX_CORESTACK_Condition cause : null
2025-02-24 14:43:31,409 [INFO] LogOutputStream:77 - [STDOUT_REDIRECT] 1 : Invalid condition id : UX_CORESTACK_Condition cause : null
2025-02-24 14:43:31,411 [INFO] LogOutputStream:77 - [STDOUT_REDIRECT] 1 : Invalid condition id : UX_CORESTACK_Condition cause : null
2025-02-24 14:43:31,415 [WARN] PackLoader:240 - Cannot read IP mode file for STMicroelectronics.X-CUBE-AZRTOS-WL.2.0.0
2025-02-24 14:43:31,430 [WARN] PackLoader:240 - Cannot read IP mode file for STMicroelectronics.FP-SNS-MOTENV1.5.0.0
2025-02-24 14:43:31,446 [WARN] PackLoader:240 - Cannot read IP mode file for wolfSSL.I-CUBE-wolfMQTT.1.19.0
2025-02-24 14:43:31,463 [WARN] PackLoader:240 - Cannot read IP mode file for WES.I-CUBE-Cesium.1.3.0
2025-02-24 14:43:31,476 [WARN] PackLoader:240 - Cannot read IP mode file for STMicroelectronics.X-CUBE-BLE2.3.3.0
2025-02-24 14:43:31,490 [WARN] PackLoader:240 - Cannot read IP mode file for STMicroelectronics.X-CUBE-NFC9.1.0.0
2025-02-24 14:43:31,508 [WARN] PackLoader:240 - Cannot read IP mode file for STMicroelectronics.X-CUBE-TCPP.4.1.0
2025-02-24 14:43:31,556 [WARN] PackLoader:240 - Cannot read IP mode file for STMicroelectronics.X-CUBE-AZRTOS-G0.1.1.0
2025-02-24 14:43:31,578 [WARN] PackLoader:240 - Cannot read IP mode file for STMicroelectronics.X-CUBE-SAFEA1.1.2.2
2025-02-24 14:43:31,596 [WARN] PackLoader:240 - Cannot read IP mode file for STMicroelectronics.X-CUBE-NFC4.3.0.0
2025-02-24 14:43:31,618 [WARN] PackLoader:240 - Cannot read IP mode file for EmbeddedOffice.I-CUBE-FS-RTOS.1.0.1
2025-02-24 14:43:31,631 [WARN] PackLoader:240 - Cannot read IP mode file for STMicroelectronics.X-CUBE-TCPP.4.2.0
2025-02-24 14:43:31,647 [WARN] PackLoader:240 - Cannot read IP mode file for RealThread.X-CUBE-RT-Thread_Nano.4.1.1
2025-02-24 14:43:31,658 [WARN] PackLoader:240 - Cannot read IP mode file for STMicroelectronics.FP-ATR-SIGFOX1.3.2.0
2025-02-24 14:43:31,668 [WARN] PackLoader:240 - Cannot read IP mode file for wolfSSL.I-CUBE-wolfSSL.5.7.2
2025-02-24 14:43:31,679 [WARN] ConditionMgr:438 - getConditionDescription Invalid condition id : Cortex-A Device cause : null
2025-02-24 14:43:31,704 [WARN] ConditionMgr:1044 - genDependencies : Invalid condition id : Cortex-A Device cause : null
2025-02-24 14:43:31,704 [WARN] ConditionMgr:1044 - genDependencies : Invalid condition id : Cortex-A Device cause : null
2025-02-24 14:43:31,705 [WARN] ConditionMgr:1044 - genDependencies : Invalid condition id : Cortex-A Device cause : null
2025-02-24 14:43:31,720 [WARN] PackLoader:240 - Cannot read IP mode file for STMicroelectronics.X-CUBE-EEPRMA1.5.1.0
2025-02-24 14:43:31,740 [WARN] PackLoader:240 - Cannot read IP mode file for ITTIA_DB.I-CUBE-ITTIADB.8.9.0
2025-02-24 14:43:31,783 [WARN] PackLoader:240 - Cannot read IP mode file for SEGGER.I-CUBE-embOS.1.3.1
2025-02-24 14:43:31,844 [WARN] PackLoader:240 - Cannot read IP mode file for STMicroelectronics.X-CUBE-ALGOBUILD.1.4.0
2025-02-24 14:43:31,854 [WARN] PackLoader:240 - Cannot read IP mode file for STMicroelectronics.X-CUBE-AI.9.1.0
2025-02-24 14:43:31,894 [WARN] PackLoader:240 - Cannot read IP mode file for STMicroelectronics.X-CUBE-AZRTOS-F4.1.1.0
2025-02-24 14:43:31,908 [WARN] PackLoader:240 - Cannot read IP mode file for STMicroelectronics.X-CUBE-ISPU.2.1.0
2025-02-24 14:43:31,919 [WARN] PackLoader:240 - Cannot read IP mode file for STMicroelectronics.X-CUBE-FREERTOS.1.2.0
2025-02-24 14:43:31,960 [WARN] PackLoader:240 - Cannot read IP mode file for STMicroelectronics.X-CUBE-AZRTOS-L5.2.0.0
2025-02-24 14:43:31,981 [WARN] PackLoader:240 - Cannot read IP mode file for STMicroelectronics.X-CUBE-NFC6.3.1.0
2025-02-24 14:43:32,001 [WARN] PackLoader:240 - Cannot read IP mode file for STMicroelectronics.X-CUBE-DPower.1.2.0
2025-02-24 14:43:32,014 [WARN] PackLoader:240 - Cannot read IP mode file for STMicroelectronics.X-CUBE-FREERTOS.1.3.0
2025-02-24 14:43:32,029 [WARN] PackLoader:240 - Cannot read IP mode file for STMicroelectronics.X-CUBE-NFC7.1.0.1
2025-02-24 14:43:32,083 [WARN] ConditionMgr:438 - getConditionDescription Invalid condition id : LAN8742 Phy interface Condition cause : null
2025-02-24 14:43:32,084 [WARN] PackLoader:240 - Cannot read IP mode file for STMicroelectronics.X-CUBE-AZRTOS-L4.2.0.0
2025-02-24 14:43:32,086 [WARN] ConditionMgr:1044 - genDependencies : Invalid condition id : LAN8742 Phy interface Condition cause : null
2025-02-24 14:43:32,087 [WARN] ConditionMgr:1044 - genDependencies : Invalid condition id : LAN8742 Phy interface Condition cause : null
2025-02-24 14:43:32,087 [WARN] ConditionMgr:1044 - genDependencies : Invalid condition id : LAN8742 Phy interface Condition cause : null
2025-02-24 14:43:32,105 [WARN] PackLoader:240 - Cannot read IP mode file for STMicroelectronics.X-CUBE-SFXS2LP1.4.0.0
2025-02-24 14:43:32,155 [WARN] PackLoader:240 - Cannot read IP mode file for STMicroelectronics.X-CUBE-AZRTOS-H7.3.3.0
2025-02-24 14:43:32,181 [WARN] PackLoader:240 - Cannot read IP mode file for STMicroelectronics.X-CUBE-IPS.3.0.0
2025-02-24 14:43:32,228 [WARN] ConditionMgr:438 - getConditionDescription Invalid condition id : UX DEVICE CLASS RTOS Condition cause : null
2025-02-24 14:43:32,228 [WARN] ConditionMgr:438 - getConditionDescription Invalid condition id : UX DEVICE CLASS RTOS Condition cause : null
2025-02-24 14:43:32,232 [WARN] PackLoader:240 - Cannot read IP mode file for STMicroelectronics.X-CUBE-AZRTOS-WB.2.0.0
2025-02-24 14:43:32,233 [WARN] ConditionMgr:1044 - genDependencies : Invalid condition id : UX DEVICE CLASS RTOS Condition cause : null
2025-02-24 14:43:32,233 [WARN] ConditionMgr:1044 - genDependencies : Invalid condition id : UX DEVICE CLASS RTOS Condition cause : null
2025-02-24 14:43:32,234 [WARN] ConditionMgr:1044 - genDependencies : Invalid condition id : UX DEVICE CLASS RTOS Condition cause : null
2025-02-24 14:43:32,234 [WARN] ConditionMgr:1044 - genDependencies : Invalid condition id : UX DEVICE CLASS RTOS Condition cause : null
2025-02-24 14:43:32,234 [WARN] ConditionMgr:1044 - genDependencies : Invalid condition id : UX DEVICE CLASS RTOS Condition cause : null
2025-02-24 14:43:32,259 [WARN] PackLoader:240 - Cannot read IP mode file for STMicroelectronics.X-CUBE-GNSS1.7.0.0
2025-02-24 14:43:32,274 [WARN] PackLoader:240 - Cannot read IP mode file for STMicroelectronics.X-CUBE-GNSS1.7.0.1
2025-02-24 14:43:32,290 [WARN] PackLoader:240 - Cannot read IP mode file for STMicroelectronics.FP-SNS-STBOX1.2.0.0
2025-02-24 14:43:32,312 [WARN] PackLoader:240 - Cannot read IP mode file for STMicroelectronics.X-CUBE-SUBG2.5.0.0
2025-02-24 14:43:32,328 [WARN] PackLoader:240 - Cannot read IP mode file for Cesanta.I-CUBE-Mongoose.7.13.0
2025-02-24 14:43:32,355 [WARN] PackLoader:240 - Cannot read IP mode file for STMicroelectronics.X-CUBE-AZRTOS-G4.2.0.0
2025-02-24 14:43:32,376 [WARN] PackLoader:240 - Cannot read IP mode file for STMicroelectronics.X-CUBE-IPS.3.1.0
2025-02-24 14:43:32,395 [WARN] PackLoader:240 - Cannot read IP mode file for STMicroelectronics.X-CUBE-ALS.1.0.2
2025-02-24 14:43:32,409 [WARN] PackLoader:240 - Cannot read IP mode file for STMicroelectronics.X-CUBE-TOUCHGFX.4.24.2
2025-02-24 14:43:32,420 [WARN] PackLoader:240 - Cannot read IP mode file for STMicroelectronics.X-CUBE-TOUCHGFX.4.24.1
2025-02-24 14:43:32,430 [WARN] PackLoader:240 - Cannot read IP mode file for wolfSSL.I-CUBE-wolfTPM.3.4.0
2025-02-24 14:43:32,448 [WARN] PackLoader:240 - Cannot read IP mode file for portGmbH.I-Cube-SoM-uGOAL.1.1.0
2025-02-24 14:43:32,499 [WARN] PackLoader:240 - Cannot read IP mode file for STMicroelectronics.X-CUBE-AZRTOS-H7RS.1.0.0
2025-02-24 14:43:32,517 [WARN] PackLoader:240 - Cannot read IP mode file for STMicroelectronics.FP-ATR-ASTRA1.2.0.0
2025-02-24 14:43:32,549 [WARN] PackLoader:240 - Cannot read IP mode file for STMicroelectronics.X-CUBE-TOF1.3.4.2
2025-02-24 14:43:32,624 [WARN] PackLoader:240 - Cannot read IP mode file for Infineon.AIROC-Wi-Fi-Bluetooth-STM32.1.6.1
2025-02-24 14:43:32,644 [WARN] PackLoader:240 - Cannot read IP mode file for wolfSSL.I-CUBE-wolfSSH.1.4.17
2025-02-24 14:43:32,645 [INFO] ThirdParty:978 - Integrity check success = true
2025-02-24 14:43:32,645 [INFO] IntegrityCheckThread:100 - exiting critical section [integrity check]
2025-02-24 14:43:32,646 [INFO] IntegrityCheckThread:103 - End integrity checks thread
2025-02-24 14:43:33,652 [INFO] WebApp:449 - Apply proxy settings
2025-02-24 14:43:33,653 [INFO] WebApp:534 - Chromium requires no authentication
2025-02-24 14:43:33,669 [INFO] WebApp:477 - Direct internet connection detected
2025-02-24 14:43:33,708 [INFO] WebApp:880 - Register for checkConnection events
2025-02-24 14:43:33,709 [INFO] WebApp:449 - Apply proxy settings
2025-02-24 14:43:33,709 [INFO] WebApp:534 - Chromium requires no authentication
2025-02-24 14:43:33,709 [INFO] WebApp:477 - Direct internet connection detected
2025-02-24 14:43:34,037 [INFO] WebApp:221 - Starting web application
2025-02-24 14:43:34,038 [INFO] WebApp:579 - Web application path used C:\ST\STM32CubeIDE_1.16.1\STM32CubeIDE\plugins\com.st.stm32cube.common.mx_6.13.0.202411220809\db\plugins\mcufinder\reactClient1\index.html
2025-02-24 14:43:34,132 [INFO] WebApp:187 - Connection restablished
2025-02-24 14:50:33,839 [INFO] WebApp:190 - Connection lost
2025-02-24 14:50:34,030 [INFO] WebApp:187 - Connection restablished
2025-02-24 14:52:21,360 [INFO] McuFinderGlobals:63 - Set McuFinder mode to 2 (CubeIDE integrated)
2025-02-24 14:52:21,371 [INFO] MainUpdater:2872 - connection check result : 10
2025-02-24 14:52:21,373 [INFO] MainUpdater:2872 - connection check result : 10
2025-02-24 14:52:21,425 [INFO] MicroXplorer:468 - Change Database Path : 
2025-02-24 14:52:21,425 [INFO] MicroXplorer:498 - Change Database Version : DB.6.0.130
2025-02-24 14:52:21,432 [WARN] ThirdParty:871 - waiting for thirdparty lock release [close project]
2025-02-24 14:52:21,433 [INFO] ThirdParty:873 - entering critical section [close project]
2025-02-24 14:52:21,434 [INFO] ThirdParty:883 - exiting critical section [close project]
2025-02-24 14:52:21,438 [INFO] PinOutPanel:1589 - setPackage(No Configuration,No Configuration)
2025-02-24 14:52:21,443 [INFO] UtilMem:75 - Begin LoadConfig() Used Memory: 593205288 Bytes (1073741824)
2025-02-24 14:52:21,445 [INFO] MicroXplorer:468 - Change Database Path : 
2025-02-24 14:52:21,445 [INFO] MicroXplorer:498 - Change Database Version : DB.6.0.130
2025-02-24 14:52:21,445 [INFO] OpenFileManager:332 - Change cursor
2025-02-24 14:52:21,520 [INFO] Mcu:2035 - Initializing MCU STM32L4R5Z(G-I)Tx STM32L4R5ZITx STM32L4R5ZIT6
2025-02-24 14:52:23,842 [INFO] Context:748 - Trying to add GPIOservice into a context  which must be forbidden
2025-02-24 14:52:24,498 [INFO] RtosManager:555 - Registered RTOS mode: class=CMSIS, group=RTOS, mode=CMSIS_V1, owner=FREERTOS
2025-02-24 14:52:24,499 [INFO] RtosManager:555 - Registered RTOS mode: class=CMSIS, group=RTOS2, mode=CMSIS_V2, owner=FREERTOS
2025-02-24 14:52:24,499 [INFO] RtosManager:555 - Registered RTOS mode: class=RTOS, group=Core, mode=CMSIS_V1, owner=FREERTOS
2025-02-24 14:52:24,499 [INFO] RtosManager:555 - Registered RTOS mode: class=RTOS, group=Core, mode=CMSIS_V2, owner=FREERTOS
2025-02-24 14:52:24,499 [WARN] ModelIntegratedComponent:184 - Missing modes for component STMicroelectronics:FreeRTOS:0.0.1:STMicroelectronics:RTOS:FreeRTOS:Core:::10.2.0:
2025-02-24 14:52:24,517 [WARN] ModelIntegratedComponent:63 - No mode defined for component null
2025-02-24 14:52:24,517 [WARN] ModelIntegratedComponent:63 - No mode defined for component null
2025-02-24 14:52:24,517 [WARN] ModelIntegratedComponent:63 - No mode defined for component null
2025-02-24 14:52:24,517 [WARN] ModelIntegratedComponent:63 - No mode defined for component null
2025-02-24 14:52:24,517 [WARN] ModelIntegratedComponent:63 - No mode defined for component null
2025-02-24 14:52:24,517 [WARN] ModelIntegratedComponent:63 - No mode defined for component null
2025-02-24 14:52:24,517 [WARN] ModelIntegratedComponent:63 - No mode defined for component null
2025-02-24 14:52:24,517 [WARN] ModelIntegratedComponent:63 - No mode defined for component null
2025-02-24 14:52:24,517 [WARN] ModelIntegratedComponent:63 - No mode defined for component null
2025-02-24 14:52:24,518 [WARN] ModelIntegratedComponent:63 - No mode defined for component null
2025-02-24 14:52:24,518 [WARN] ModelIntegratedComponent:63 - No mode defined for component null
2025-02-24 14:52:24,518 [WARN] ModelIntegratedComponent:63 - No mode defined for component null
2025-02-24 14:52:24,518 [WARN] ModelIntegratedComponent:63 - No mode defined for component null
2025-02-24 14:52:24,518 [WARN] ModelIntegratedComponent:63 - No mode defined for component null
2025-02-24 14:52:24,518 [WARN] ModelIntegratedComponent:63 - No mode defined for component null
2025-02-24 14:52:24,518 [WARN] ModelIntegratedComponent:63 - No mode defined for component null
2025-02-24 14:52:24,518 [WARN] ModelIntegratedComponent:63 - No mode defined for component null
2025-02-24 14:52:24,518 [WARN] ModelIntegratedComponent:63 - No mode defined for component null
2025-02-24 14:52:24,518 [WARN] ModelIntegratedComponent:63 - No mode defined for component null
2025-02-24 14:52:24,518 [WARN] ModelIntegratedComponent:63 - No mode defined for component null
2025-02-24 14:52:24,518 [WARN] ModelIntegratedComponent:63 - No mode defined for component null
2025-02-24 14:52:24,518 [WARN] ModelIntegratedComponent:63 - No mode defined for component null
2025-02-24 14:52:24,518 [WARN] ModelIntegratedComponent:63 - No mode defined for component null
2025-02-24 14:52:24,518 [WARN] ModelIntegratedComponent:63 - No mode defined for component null
2025-02-24 14:52:24,518 [WARN] ModelIntegratedComponent:63 - No mode defined for component null
2025-02-24 14:52:24,518 [WARN] ModelIntegratedComponent:63 - No mode defined for component null
2025-02-24 14:52:24,518 [WARN] ModelIntegratedComponent:63 - No mode defined for component null
2025-02-24 14:52:24,518 [WARN] ModelIntegratedComponent:63 - No mode defined for component null
2025-02-24 14:52:24,518 [WARN] ModelIntegratedComponent:63 - No mode defined for component null
2025-02-24 14:52:24,518 [WARN] ModelIntegratedComponent:63 - No mode defined for component null
2025-02-24 14:52:24,518 [WARN] ModelIntegratedComponent:63 - No mode defined for component null
2025-02-24 14:52:24,518 [WARN] ModelIntegratedComponent:63 - No mode defined for component null
2025-02-24 14:52:24,518 [WARN] ModelIntegratedComponent:63 - No mode defined for component null
2025-02-24 14:52:24,519 [WARN] ModelIntegratedComponent:63 - No mode defined for component null
2025-02-24 14:52:24,519 [WARN] ModelIntegratedComponent:63 - No mode defined for component null
2025-02-24 14:52:24,519 [WARN] ModelPack:524 - Component already loaded: STMicroelectronics:HAL Drivers:0.0.0:STMicroelectronics:Device:STMicro_Driver:XSPI:HAL::0.0.1:HAL_XSPI
2025-02-24 14:52:24,610 [INFO] ThirdPartyModel:298 - Start build external matchings
2025-02-24 14:52:24,967 [INFO] ThirdPartyModel:316 - End build external matchings
2025-02-24 14:52:24,983 [INFO] ImportTextPane:218 - (OptionalMessage_ERROR) IP (RCC) : Invalid parameter (48MHZClocksFreq_Value)
2025-02-24 14:52:24,983 [INFO] ImportTextPane:218 - (OptionalMessage_ERROR) IP (RCC) : Invalid parameter (ADC12outputFreq_Value)
2025-02-24 14:52:24,984 [INFO] ImportTextPane:218 - (OptionalMessage_ERROR) IP (RCC) : Invalid parameter (ADC34outputFreq_Value)
2025-02-24 14:52:24,984 [INFO] ImportTextPane:218 - (OptionalMessage_ERROR) IP (RCC) : Invalid parameter (DFSDM2Freq_Value)
2025-02-24 14:52:24,984 [INFO] ImportTextPane:218 - (OptionalMessage_ERROR) IP (RCC) : Invalid parameter (EthernetFreq_Value)
2025-02-24 14:52:24,984 [INFO] ImportTextPane:218 - (OptionalMessage_ERROR) IP (RCC) : Invalid parameter (FMPI2C1Freq_Value)
2025-02-24 14:52:24,984 [INFO] ImportTextPane:218 - (OptionalMessage_ERROR) IP (RCC) : Invalid parameter (FamilyName)
2025-02-24 14:52:24,984 [INFO] ImportTextPane:218 - (OptionalMessage_ERROR) IP (RCC) : Invalid parameter (I2S1Freq_Value)
2025-02-24 14:52:24,984 [INFO] ImportTextPane:218 - (OptionalMessage_ERROR) IP (RCC) : Invalid parameter (I2S2Freq_Value)
2025-02-24 14:52:24,984 [INFO] ImportTextPane:218 - (OptionalMessage_ERROR) IP (RCC) : Invalid parameter (I2SClocksFreq_Value)
2025-02-24 14:52:24,984 [INFO] ImportTextPane:218 - (OptionalMessage_ERROR) IP (RCC) : Invalid parameter (LPTimerFreq_Value)
2025-02-24 14:52:24,984 [INFO] ImportTextPane:218 - (OptionalMessage_ERROR) IP (RCC) : Invalid parameter (MCO2PinFreq_Value)
2025-02-24 14:52:24,985 [INFO] ImportTextPane:218 - (OptionalMessage_ERROR) IP (RCC) : Invalid parameter (MCOFreq_Value)
2025-02-24 14:52:24,985 [INFO] ImportTextPane:218 - (OptionalMessage_ERROR) IP (RCC) : Invalid parameter (PLLCLKFreq_Value)
2025-02-24 14:52:24,985 [INFO] ImportTextPane:218 - (OptionalMessage_ERROR) IP (RCC) : Parameter (PLLDSIVCOFreq_Value) has invalid value (320000000)
2025-02-24 14:52:24,985 [INFO] ImportTextPane:218 - (OptionalMessage_ERROR) IP (RCC) : Invalid parameter (PLLI2SPCLKFreq_Value)
2025-02-24 14:52:24,985 [INFO] ImportTextPane:218 - (OptionalMessage_ERROR) IP (RCC) : Invalid parameter (PLLI2SQCLKFreq_Value)
2025-02-24 14:52:24,985 [INFO] ImportTextPane:218 - (OptionalMessage_ERROR) IP (RCC) : Invalid parameter (PLLI2SQoutputFreq_Value)
2025-02-24 14:52:24,985 [INFO] ImportTextPane:218 - (OptionalMessage_ERROR) IP (RCC) : Invalid parameter (PLLI2SRCLKFreq_Value)
2025-02-24 14:52:24,985 [INFO] ImportTextPane:218 - (OptionalMessage_ERROR) IP (RCC) : Invalid parameter (PLLI2SoutputFreq_Value)
2025-02-24 14:52:24,985 [INFO] ImportTextPane:218 - (OptionalMessage_ERROR) IP (RCC) : Invalid parameter (PLLMCOFreq_Value)
2025-02-24 14:52:24,985 [INFO] ImportTextPane:218 - (OptionalMessage_ERROR) IP (RCC) : Invalid parameter (PLLMUL)
2025-02-24 14:52:24,985 [INFO] ImportTextPane:218 - (OptionalMessage_ERROR) IP (RCC) : Invalid parameter (PLLQCLKFreq_Value)
2025-02-24 14:52:24,986 [INFO] ImportTextPane:218 - (OptionalMessage_ERROR) IP (RCC) : Invalid parameter (PLLRoutputFreq_Value)
2025-02-24 14:52:24,986 [INFO] ImportTextPane:218 - (OptionalMessage_ERROR) IP (RCC) : Invalid parameter (PRESCALERUSB)
2025-02-24 14:52:24,986 [INFO] ImportTextPane:218 - (OptionalMessage_ERROR) IP (RCC) : Invalid parameter (RTCHSEDivFreq_Value)
2025-02-24 14:52:24,986 [INFO] ImportTextPane:218 - (OptionalMessage_ERROR) IP (RCC) : Invalid parameter (SAI1AFreq_Value)
2025-02-24 14:52:24,986 [INFO] ImportTextPane:218 - (OptionalMessage_ERROR) IP (RCC) : Invalid parameter (SAI1BFreq_Value)
2025-02-24 14:52:24,986 [INFO] ImportTextPane:218 - (OptionalMessage_ERROR) IP (RCC) : Invalid parameter (SDIOFreq_Value)
2025-02-24 14:52:24,987 [INFO] ImportTextPane:218 - (OptionalMessage_ERROR) IP (RCC) : Invalid parameter (SYSCLKSourceVirtual)
2025-02-24 14:52:24,987 [INFO] ImportTextPane:218 - (OptionalMessage_ERROR) IP (RCC) : Invalid parameter (TIM15Freq_Value)
2025-02-24 14:52:24,987 [INFO] ImportTextPane:218 - (OptionalMessage_ERROR) IP (RCC) : Invalid parameter (TIM16Freq_Value)
2025-02-24 14:52:24,987 [INFO] ImportTextPane:218 - (OptionalMessage_ERROR) IP (RCC) : Invalid parameter (TIM17Freq_Value)
2025-02-24 14:52:24,987 [INFO] ImportTextPane:218 - (OptionalMessage_ERROR) IP (RCC) : Invalid parameter (TIM1Freq_Value)
2025-02-24 14:52:24,987 [INFO] ImportTextPane:218 - (OptionalMessage_ERROR) IP (RCC) : Invalid parameter (TIM20Freq_Value)
2025-02-24 14:52:24,987 [INFO] ImportTextPane:218 - (OptionalMessage_ERROR) IP (RCC) : Invalid parameter (TIM2Freq_Value)
2025-02-24 14:52:24,987 [INFO] ImportTextPane:218 - (OptionalMessage_ERROR) IP (RCC) : Invalid parameter (TIM3Freq_Value)
2025-02-24 14:52:24,987 [INFO] ImportTextPane:218 - (OptionalMessage_ERROR) IP (RCC) : Invalid parameter (TIM8Freq_Value)
2025-02-24 14:52:24,987 [INFO] ImportTextPane:218 - (OptionalMessage_ERROR) IP (RCC) : Invalid parameter (VCOI2SInputFreq_Value)
2025-02-24 14:52:24,987 [INFO] ImportTextPane:218 - (OptionalMessage_ERROR) IP (RCC) : Invalid parameter (VCOI2SOutputFreq_Value)
2025-02-24 14:52:24,988 [INFO] ImportTextPane:218 - (OptionalMessage_ERROR) IP (RCC) : Invalid parameter (VCOInputMFreq_Value)
2025-02-24 14:52:24,988 [INFO] ImportTextPane:218 - (OptionalMessage_ERROR) IP (RCC) : Invalid parameter (VCOOutput2Freq_Value)
2025-02-24 14:52:24,988 [INFO] ImportTextPane:218 - (OptionalMessage_ERROR) IP (RCC) : Invalid parameter (VcooutputI2S)
2025-02-24 14:52:25,479 [INFO] ApiDb:581 - Connected to CubeFinder SQLite database (C:\Users\baron\.stmcufinder\plugins\mcufinder\mcu\cube-finder-db.db)
2025-02-24 14:52:25,617 [INFO] ApiDb:668 - CubeFinder database Data Model version=2.1
2025-02-24 14:52:25,617 [INFO] ApiDb:669 - CubeFinder database Configuration version=3.0.39
2025-02-24 14:52:25,618 [INFO] ApiDb:670 - CubeFinder database generation date=2025-02-07 (1738919966)
2025-02-24 14:52:25,618 [INFO] ApiDb:671 - CubeFinder database FW Pack versions=[FP-ATR-ASTRA1_V2.0.0, FP-SNS-FLIGHT1_V5.0.2, FP-SNS-MOTENV1_V5.0.0, FP-SNS-MOTENVWB1_V1.4.0, FP-SNS-SMARTAG2_V1.2.0, FP-SNS-STBOX1_V2.0.0, STM32Cube_FW_C0_V1.3.0, STM32Cube_FW_F4_V1.28.1, STM32Cube_FW_F7_V1.17.2, STM32Cube_FW_G0_V1.6.2, STM32Cube_FW_G4_V1.6.1, STM32Cube_FW_H5_V1.4.0, STM32Cube_FW_H7RS_V1.1.0, STM32Cube_FW_H7_V1.12.0, STM32Cube_FW_L0_V1.12.2, STM32Cube_FW_L4_V1.18.1, STM32Cube_FW_L5_V1.5.1, STM32Cube_FW_N6_V1.0.0, STM32Cube_FW_U0_V1.2.0, STM32Cube_FW_U3_V1.0.0, STM32Cube_FW_U5_V1.7.0, STM32Cube_FW_WB0_V1.1.0, STM32Cube_FW_WBA_V1.5.0, STM32Cube_FW_WB_V1.21.0, STM32Cube_FW_WL3_V1.0.0, STM32Cube_FW_WL_V1.3.0, X-CUBE-ALGOBUILD_V1.4.0, X-CUBE-ALS_V1.0.2, X-CUBE-AZRTOS-F4_V1.1.0, X-CUBE-AZRTOS-F7_V1.1.0, X-CUBE-AZRTOS-G0_V1.1.0, X-CUBE-AZRTOS-G4_V2.0.0, X-CUBE-AZRTOS-H7RS_V1.0.0, X-CUBE-AZRTOS-H7_V3.3.0, X-CUBE-AZRTOS-L4_V2.0.0, X-CUBE-AZRTOS-L5_V2.0.0, X-CUBE-AZRTOS-WB_V2.0.0, X-CUBE-AZRTOS-WL_V2.0.0, X-CUBE-BLE1_V7.0.0, X-CUBE-BLE2_V3.3.0, X-CUBE-BLEMGR_V4.0.0, X-CUBE-EEPRMA1_V5.1.0, X-CUBE-FREERTOS_V1.2.0, X-CUBE-GNSS1_V6.0.0, X-CUBE-MEMS1_V11.1.0, X-CUBE-NFC4_V3.0.0, X-CUBE-NFC7_V1.0.1, X-CUBE-SFXS2LP1_V4.0.0, X-CUBE-SUBG2_V5.0.0, X-CUBE-TOF1_V3.4.2]
2025-02-24 14:52:25,740 [INFO] DbBoardsSqlite:226 - include board P-NUCLEO-WB55-NUCLEO as a kit item of type 'Nucleo-64'
2025-02-24 14:52:25,740 [INFO] DbBoardsSqlite:226 - include board P-NUCLEO-WB55-USBDONGLE as a kit item of type 'Nucleo USB Dongle'
2025-02-24 14:52:25,741 [INFO] DbBoardsSqlite:226 - include board STEVAL-IDP005V1 as a kit item of type 'Evaluation Board'
2025-02-24 14:52:25,741 [INFO] DbBoardsSqlite:226 - include board STEVAL-IDP005V2 as a kit item of type 'Evaluation Board'
2025-02-24 14:52:26,291 [INFO] ApiDb:240 - Found 858 in-development CPN: [B-G473E-ZEST1S, B-WB1M-WPAN1, B-WBA5M-WPAN, B-WL5M-SUBG1, NUCLEO-C031C6, NUCLEO-C051C8, NUCLEO-C071RB, NUCLEO-C092RC, NUCLEO-H503RB, NUCLEO-H533RE, NUCLEO-H563ZI, NUCLEO-H7S3L8, NUCLEO-N657X0-Q, NUCLEO-U031R8, NUCLEO-U083RC, NUCLEO-U385RG-Q, NUCLEO-U545RE-Q, NUCLEO-U5A5ZJ-Q, NUCLEO-WB05KZ, NUCLEO-WB07CC, NUCLEO-WB09KE, NUCLEO-WBA52CG, NUCLEO-WBA55CG, NUCLEO-WL33CC1, NUCLEO-WL33CC2, STEVAL-PROTEUS1, STEVAL-SMARTAG2, STEVAL-STWINBX1, STM320518-EVAL, STM32C0116-DK, STM32C011D6Y3TR, STM32C011D6Y6TR, STM32C011F4P3, STM32C011F4P6, STM32C011F4U3, STM32C011F4U6TR, STM32C011F6P3, STM32C011F6P6, STM32C011F6U3, STM32C011F6U6TR, STM32C011J4M3, STM32C011J4M6, STM32C011J6M3, STM32C011J6M6, STM32C0316-DK, STM32C031C4T3, STM32C031C4T6, STM32C031C4U3, STM32C031C4U6, STM32C031C6T3, STM32C031C6T6, STM32C031C6U3, STM32C031C6U6, STM32C031F4P3, STM32C031F4P6, STM32C031F6P3, STM32C031F6P6, STM32C031G4U3, STM32C031G4U6, STM32C031G6U3, STM32C031G6U6, STM32C031K4T3, STM32C031K4T6, STM32C031K4U3, STM32C031K4U6, STM32C031K6T3, STM32C031K6T6, STM32C031K6U3, STM32C031K6U6, STM32C051C6T6, STM32C051C6U6, STM32C051C8T6, STM32C051C8U6, STM32C051D8Y6TR, STM32C051F6P6, STM32C051F8P6, STM32C051G6U6, STM32C051G8U6, STM32C051K6T6, STM32C051K6U6, STM32C051K8T6, STM32C071C8T6, STM32C071C8T6N, STM32C071C8U6, STM32C071C8U6N, STM32C071CBT6, STM32C071CBT6N, STM32C071CBU6, STM32C071CBU6N, STM32C071F8P6, STM32C071F8P6N, STM32C071FBP6, STM32C071FBP6N, STM32C071FBY6TR, STM32C071G8U6, STM32C071G8U6N, STM32C071GBU6, STM32C071GBU6N, STM32C071K8T6, STM32C071K8T6N, STM32C071K8U6, STM32C071K8U6N, STM32C071KBT6, STM32C071KBT6N, STM32C071KBU6, STM32C071KBU6N, STM32C071R8T6, STM32C071R8T6N, STM32C071RBI6N, STM32C071RBT6, STM32C071RBT6N, STM32C091CBT6, STM32C091CBU6, STM32C091CCT6, STM32C091CCU6, STM32C091ECY6TR, STM32C091FBP6, STM32C091FCP6, STM32C091GBU6, STM32C091GCU6, STM32C091KBT6, STM32C091KBU6, STM32C091KCT6, STM32C091KCU6, STM32C091RBT6, STM32C091RCI6, STM32C091RCT6, STM32C092CBT6, STM32C092CBU6, STM32C092CCT6, STM32C092CCU6, STM32C092ECY6TR, STM32C092FBP6, STM32C092FCP6, STM32C092GBU6, STM32C092GCU6, STM32C092KBT6, STM32C092KBU6, STM32C092KCT6, STM32C092KCU6, STM32C092RBT6, STM32C092RCI6, STM32C092RCT6, STM32G071K8TXN, STM32G071K8UXN, STM32G081GBU6N, STM32G081KBT6N, STM32G081KBUXN, STM32G0B1CCT6N, STM32G0B1KCT6, STM32G0B1NEY6TR, STM32G0B1RCT6N, STM32G0C1CCT6, STM32G0C1CCT6N, STM32G0C1CCU6N, STM32G0C1CET6N, STM32G0C1CEU6N, STM32G0C1KCT6, STM32G0C1NEY6TR, STM32G0C1RCI6N, STM32G0C1RCT6N, STM32G0C1REI6N, STM32G0C1RET6N, STM32G0C1VCI6, STM32G0C1VEI6, STM32G411C6T3, STM32G411C6T6, STM32G411C6U3, STM32G411C6U6, STM32G411C8T3, STM32G411C8T6, STM32G411C8U3, STM32G411C8U6, STM32G411CBT3, STM32G411CBT6, STM32G411CBU3, STM32G411CBU6, STM32G411CCT3, STM32G411CCT6, STM32G411CCU3, STM32G411CCU6, STM32G411K6T3, STM32G411K6T6, STM32G411K6U3, STM32G411K6U6, STM32G411K8T3, STM32G411K8T6, STM32G411K8U3, STM32G411K8U6, STM32G411KBT3, STM32G411KBT6, STM32G411KBU3, STM32G411KBU6, STM32G411M6T3, STM32G411M6T6, STM32G411M8T3, STM32G411M8T6, STM32G411MBT3, STM32G411MBT6, STM32G411MCT3, STM32G411MCT6, STM32G411R6T3, STM32G411R6T6, STM32G411R8T3, STM32G411R8T6, STM32G411RBT3, STM32G411RBT6, STM32G411RCT3, STM32G411RCT6, STM32G414CBT3, STM32G414CBT6, STM32G414CBU3, STM32G414CBU6, STM32G414CCT3, STM32G414CCT6, STM32G414CCU3, STM32G414CCU6, STM32G414MBT3, STM32G414MBT6, STM32G414MCT3, STM32G414MCT6, STM32G414RBT3, STM32G414RBT6, STM32G414RCT3, STM32G414RCT6, STM32G414VBT3, STM32G414VBT6, STM32G414VCT3, STM32G414VCT6, STM32G431CBT3Z, STM32G431RBT3Z, STM32G471CCT6, STM32G471CCU6, STM32G471CET3, STM32G471CET6, STM32G471CEU3, STM32G471CEU6, STM32G471MCT6, STM32G471MET3, STM32G471MET6, STM32G471MEY6TR, STM32G471QCT6, STM32G471QET3, STM32G471RCT6, STM32G471RET3, STM32G471RET6, STM32G471VCH6, STM32G471VCI6, STM32G471VCT6, STM32G471VEH3, STM32G471VEH6, STM32G471VEI3, STM32G471VEI6, STM32G471VET3, STM32G471VET6, STM32G473QET3Z, STM32G473RET3Z, STM32G474CCT6, STM32G491RET3Z, STM32H503CBT6, STM32H503CBU6, STM32H503EBY6TR, STM32H503KBU6, STM32H503RBT6, STM32H523CCT6, STM32H523CCU6, STM32H523CET6, STM32H523CEU6, STM32H523HEY6TR, STM32H523RCT6, STM32H523RET6, STM32H523VCI6, STM32H523VCT6, STM32H523VEI6, STM32H523VET6, STM32H523ZCJ6, STM32H523ZCT6, STM32H523ZEJ6, STM32H523ZET6, STM32H533CET6, STM32H533CEU6, STM32H533HEY6TR, STM32H533RET6, STM32H533VEI6, STM32H533VET6, STM32H533ZEJ6, STM32H533ZET6, STM32H562AGI6, STM32H562AII6, STM32H562IGK6, STM32H562IGT6, STM32H562IIK6, STM32H562IIT6, STM32H562RGT6, STM32H562RGV6, STM32H562RIT6, STM32H562RIV6, STM32H562VGT6, STM32H562VIT6, STM32H562ZGT6, STM32H562ZIT6, STM32H563AGI6, STM32H563AII3Q, STM32H563AII6, STM32H563IGK6, STM32H563IGT6, STM32H563IIK3Q, STM32H563IIK6, STM32H563IIT3Q, STM32H563IIT6, STM32H563MIY3QTR, STM32H563RGT6, STM32H563RGV6, STM32H563RIT6, STM32H563RIV6, STM32H563VGT6, STM32H563VIT3Q, STM32H563VIT6, STM32H563ZGT6, STM32H563ZIT3Q, STM32H563ZIT6, STM32H573AII3Q, STM32H573AII6, STM32H573I-DK, STM32H573IIK3Q, STM32H573IIK6, STM32H573IIT3Q, STM32H573IIT6, STM32H573MIY3QTR, STM32H573RIT6, STM32H573RIV6, STM32H573VIT3Q, STM32H573VIT6, STM32H573ZIT3Q, STM32H573ZIT6, STM32H7R3A8I6, STM32H7R3I8K6, STM32H7R3I8T6, STM32H7R3L8H6, STM32H7R3L8H6H, STM32H7R3R8V6, STM32H7R3V8H6, STM32H7R3V8T6, STM32H7R3V8Y6TR, STM32H7R3Z8J6, STM32H7R3Z8T6, STM32H7R7A8I6, STM32H7R7I8K6, STM32H7R7I8T6, STM32H7R7L8H6, STM32H7R7L8H6H, STM32H7R7Z8J6, STM32H7S3A8I6, STM32H7S3I8K6, STM32H7S3I8T6, STM32H7S3L8H6, STM32H7S3L8H6H, STM32H7S3R8V6, STM32H7S3V8H6, STM32H7S3V8T6, STM32H7S3V8Y6TR, STM32H7S3Z8J6, STM32H7S3Z8T6, STM32H7S78-DK, STM32H7S7A8I6, STM32H7S7I8K6, STM32H7S7I8T6, STM32H7S7L8H6, STM32H7S7L8H6H, STM32H7S7Z8J6, STM32L4R5QGI6STR, STM32MP131AAE3, STM32MP131AAF3, STM32MP131AAG3, STM32MP131CAE3, STM32MP131CAF3, STM32MP131CAG3, STM32MP131DAE7, STM32MP131DAF7, STM32MP131DAG7, STM32MP131FAE7, STM32MP131FAF7, STM32MP131FAG7, STM32MP133AAE3, STM32MP133AAF3, STM32MP133AAG3, STM32MP133CAE3, STM32MP133CAF3, STM32MP133CAG3, STM32MP133DAE7, STM32MP133DAF7, STM32MP133DAG7, STM32MP133FAE7, STM32MP133FAF7, STM32MP133FAG7, STM32MP135AAE3, STM32MP135AAF3, STM32MP135AAG3, STM32MP135CAE3, STM32MP135CAF3, STM32MP135CAG3, STM32MP135DAE7, STM32MP135DAF7, STM32MP135DAG7, STM32MP135F-DK, STM32MP135FAE7, STM32MP135FAF7, STM32MP135FAF7T, STM32MP135FAF7U, STM32MP135FAG7, STM32MP231AAJ3, STM32MP231AAK3, STM32MP231AAL3, STM32MP231CAJ3, STM32MP231CAK3, STM32MP231CAL3, STM32MP231DAJ3, STM32MP231DAK3, STM32MP231DAL3, STM32MP231FAJ3, STM32MP231FAK3, STM32MP231FAL3, STM32MP233AAJ3, STM32MP233AAK3, STM32MP233AAL3, STM32MP233CAJ3, STM32MP233CAK3, STM32MP233CAL3, STM32MP233DAJ3, STM32MP233DAK3, STM32MP233DAL3, STM32MP233FAJ3, STM32MP233FAK3, STM32MP233FAL3, STM32MP235AAJ3, STM32MP235AAK3, STM32MP235AAL3, STM32MP235CAJ3, STM32MP235CAK3, STM32MP235CAL3, STM32MP235DAJ3, STM32MP235DAK3, STM32MP235DAL3, STM32MP235FAJ3, STM32MP235FAK3, STM32MP235FAL3, STM32MP251AAI3, STM32MP251AAJ3, STM32MP251AAK3, STM32MP251AAL3, STM32MP251CAI3, STM32MP251CAJ3, STM32MP251CAK3, STM32MP251CAL3, STM32MP251DAI3, STM32MP251DAJ3, STM32MP251DAK3, STM32MP251DAL3, STM32MP251FAI3, STM32MP251FAJ3, STM32MP251FAK3, STM32MP251FAL3, STM32MP253AAI3, STM32MP253AAJ3, STM32MP253AAK3, STM32MP253AAL3, STM32MP253CAI3, STM32MP253CAJ3, STM32MP253CAK3, STM32MP253CAL3, STM32MP253DAI3, STM32MP253DAJ3, STM32MP253DAK3, STM32MP253DAL3, STM32MP253FAI3, STM32MP253FAJ3, STM32MP253FAK3, STM32MP253FAL3, STM32MP255AAI3, STM32MP255AAJ3, STM32MP255AAK3, STM32MP255AAL3, STM32MP255CAI3, STM32MP255CAJ3, STM32MP255CAK3, STM32MP255CAL3, STM32MP255DAI3, STM32MP255DAJ3, STM32MP255DAK3, STM32MP255DAL3, STM32MP255FAI3, STM32MP255FAJ3, STM32MP255FAK3, STM32MP255FAL3, STM32MP257AAI3, STM32MP257AAJ3, STM32MP257AAK3, STM32MP257AAL3, STM32MP257CAI3, STM32MP257CAJ3, STM32MP257CAK3, STM32MP257CAL3, STM32MP257DAI3, STM32MP257DAJ3, STM32MP257DAK3, STM32MP257DAL3, STM32MP257F-DK, STM32MP257F-EV1, STM32MP257FAI3, STM32MP257FAJ3, STM32MP257FAK3, STM32MP257FAL3, STM32N645A0H3Q, STM32N645B0H3Q, STM32N645I0H3Q, STM32N645L0H3Q, STM32N645X0H3Q, STM32N645Z0H3Q, STM32N647A0H3Q, STM32N647B0H3Q, STM32N647I0H3Q, STM32N647L0H3Q, STM32N647X0H3Q, STM32N647Z0H3Q, STM32N655A0H3Q, STM32N655B0H3Q, STM32N655I0H3Q, STM32N655L0H3Q, STM32N655X0H3Q, STM32N655Z0H3Q, STM32N6570-DK, STM32N657A0H3Q, STM32N657B0H3Q, STM32N657I0H3Q, STM32N657L0H3Q, STM32N657X0H3Q, STM32N657Z0H3Q, STM32U031C6T6, STM32U031C6U6, STM32U031C8T6, STM32U031C8U6, STM32U031F4P6, STM32U031F6P6, STM32U031F8P6, STM32U031G6Y6TR, STM32U031G8Y6TR, STM32U031K4U6, STM32U031K6U6, STM32U031K8U6, STM32U031R6I6, STM32U031R6T6, STM32U031R8I6, STM32U031R8T6, STM32U073C8T6, STM32U073C8U6, STM32U073CBT6, STM32U073CBU6, STM32U073CCT6, STM32U073CCU6, STM32U073H8Y6TR, STM32U073HBY6TR, STM32U073HCY6TR, STM32U073K8U6, STM32U073KBU6, STM32U073KCU6, STM32U073M8I6, STM32U073M8T6, STM32U073MBI6, STM32U073MBT6, STM32U073MCI6, STM32U073MCT6, STM32U073R8I6, STM32U073R8T6, STM32U073RBI6, STM32U073RBT6, STM32U073RCI6, STM32U073RCT6, STM32U083C-DK, STM32U083CCT6, STM32U083CCU6, STM32U083HCY6TR, STM32U083KCU6, STM32U083MCI6, STM32U083MCT6, STM32U083RCI6, STM32U083RCT6, STM32U375CET6, STM32U375CET6Q, STM32U375CEU6, STM32U375CEU6Q, STM32U375CEY6QTR, STM32U375CGT6, STM32U375CGT6Q, STM32U375CGU6, STM32U375CGU6Q, STM32U375CGY6QTR, STM32U375KEU6, STM32U375KGU6, STM32U375REI6, STM32U375REI6Q, STM32U375RET6, STM32U375RET6Q, STM32U375REY6GTR, STM32U375REY6QTR, STM32U375RGI6, STM32U375RGI6Q, STM32U375RGT6, STM32U375RGT6Q, STM32U375RGY6GTR, STM32U375RGY6QTR, STM32U375VEI6, STM32U375VEI6Q, STM32U375VET6, STM32U375VET6Q, STM32U375VGI6, STM32U375VGI6Q, STM32U375VGT6, STM32U375VGT6Q, STM32U385CGT6, STM32U385CGT6Q, STM32U385CGU6, STM32U385CGU6Q, STM32U385CGY6QTR, STM32U385KGU6, STM32U385RGI6, STM32U385RGI6Q, STM32U385RGT6, STM32U385RGT6Q, STM32U385RGY6GTR, STM32U385RGY6QTR, STM32U385VGI6, STM32U385VGI6Q, STM32U385VGT6, STM32U385VGT6Q, STM32U535CBT6, STM32U535CBT6Q, STM32U535CBU6, STM32U535CBU6Q, STM32U535CCT6, STM32U535CCT6Q, STM32U535CCU6, STM32U535CCU6Q, STM32U535CET6, STM32U535CET6Q, STM32U535CEU6, STM32U535CEU6Q, STM32U535JEY6QTR, STM32U535NCY6QTR, STM32U535NEY6QTR, STM32U535RBI6, STM32U535RBI6Q, STM32U535RBT6, STM32U535RBT6Q, STM32U535RCI6, STM32U535RCI6Q, STM32U535RCT6, STM32U535RCT6Q, STM32U535REI6, STM32U535REI6Q, STM32U535RET6, STM32U535RET6Q, STM32U535VCI6, STM32U535VCI6Q, STM32U535VCT6, STM32U535VCT6Q, STM32U535VEI6, STM32U535VEI6Q, STM32U535VET6, STM32U535VET6Q, STM32U545CET6, STM32U545CET6Q, STM32U545CEU6, STM32U545CEU6Q, STM32U545JEY6QTR, STM32U545NEY6QTR, STM32U545REI6, STM32U545REI6Q, STM32U545RET6, STM32U545RET6Q, STM32U545VEI6, STM32U545VEI6Q, STM32U545VET6, STM32U545VET6Q, STM32U595AIH6, STM32U595AIH6Q, STM32U595AJH6, STM32U595AJH6Q, STM32U595QII6, STM32U595QII6Q, STM32U595QJI6, STM32U595QJI6Q, STM32U595RIT6, STM32U595RIT6Q, STM32U595RJT6, STM32U595RJT6Q, STM32U595VIT6, STM32U595VIT6Q, STM32U595VJT6, STM32U595VJT6Q, STM32U595ZIT6, STM32U595ZIT6Q, STM32U595ZIY6QTR, STM32U595ZJT6, STM32U595ZJT6Q, STM32U595ZJY6QTR, STM32U599BJY6QTR, STM32U599NIH6Q, STM32U599NJH6Q, STM32U599VIT6Q, STM32U599VJT6, STM32U599VJT6Q, STM32U599ZIT6Q, STM32U599ZIY6QTR, STM32U599ZJT6Q, STM32U599ZJY6QTR, STM32U5A5AJH6, STM32U5A5AJH6Q, STM32U5A5QII3Q , STM32U5A5QJI6, STM32U5A5QJI6Q, STM32U5A5RJT6, STM32U5A5RJT6Q, STM32U5A5VJT6, STM32U5A5VJT6Q, STM32U5A5ZJT6, STM32U5A5ZJT6Q, STM32U5A5ZJY6QTR, STM32U5A9BJY6QTR, STM32U5A9J-DK, STM32U5A9NJH6Q, STM32U5A9VJT6Q, STM32U5A9ZJT6Q, STM32U5A9ZJY6QTR, STM32U5F7VIT6, STM32U5F7VIT6Q, STM32U5F7VJT6, STM32U5F7VJT6Q, STM32U5F9BJY6QTR, STM32U5F9NJH6Q, STM32U5F9VIT6Q, STM32U5F9VJT6Q, STM32U5F9ZIJ6QTR, STM32U5F9ZIT6Q, STM32U5F9ZJJ6QTR, STM32U5F9ZJT6Q, STM32U5G7VJT6, STM32U5G7VJT6Q, STM32U5G9BJY6QTR, STM32U5G9J-DK1, STM32U5G9J-DK2, STM32U5G9NJH6Q, STM32U5G9VJT6Q, STM32U5G9ZJJ6QTR, STM32U5G9ZJT6Q, STM32WB05KZV6TR, STM32WB05KZV7TR, STM32WB05TZF6TR, STM32WB05TZF7TR, STM32WB06CCF6TR, STM32WB06CCF7TR, STM32WB06CCV6TR, STM32WB06CCV7TR, STM32WB06KCV6TR, STM32WB06KCV7TR, STM32WB07CCF6TR, STM32WB07CCF7TR, STM32WB07CCV6TR, STM32WB07CCV7TR, STM32WB07KCV6TR, STM32WB07KCV7TR, STM32WB09KEV6TR, STM32WB09KEV7TR, STM32WB09TEF6TR, STM32WB09TEF7TR, STM32WB1MMCH6, STM32WBA50KGU6, STM32WBA50KGU6TR, STM32WBA52CEU6, STM32WBA52CEU6TR, STM32WBA52CEU7, STM32WBA52CEU7TR, STM32WBA52CGU6, STM32WBA52CGU6TR, STM32WBA52CGU6U, STM32WBA52CGU7, STM32WBA52CGU7TR, STM32WBA52KEU6, STM32WBA52KEU6TR, STM32WBA52KGU6, STM32WBA52KGU6TR, STM32WBA54CEU6, STM32WBA54CEU6TR, STM32WBA54CEU7, STM32WBA54CEU7TR, STM32WBA54CGU6, STM32WBA54CGU6TR, STM32WBA54CGU7, STM32WBA54CGU7TR, STM32WBA54KEU6, STM32WBA54KEU6TR, STM32WBA54KEU7, STM32WBA54KEU7TR, STM32WBA54KGU6, STM32WBA54KGU6TR, STM32WBA54KGU7, STM32WBA54KGU7TR, STM32WBA55CEU6, STM32WBA55CEU6TR, STM32WBA55CEU7, STM32WBA55CEU7TR, STM32WBA55CGU6, STM32WBA55CGU6TR, STM32WBA55CGU6U, STM32WBA55CGU7, STM32WBA55CGU7TR, STM32WBA55G-DK1, STM32WBA55HEF6, STM32WBA55HEF7, STM32WBA55HGF6, STM32WBA55HGF7, STM32WBA55UEI6, STM32WBA55UEI6TR, STM32WBA55UEI7, STM32WBA55UEI7TR, STM32WBA55UGI6, STM32WBA55UGI6TR, STM32WBA55UGI7, STM32WBA55UGI7TR, STM32WBA5MJGH6TR, STM32WBA5MJGH6U, STM32WL33C8V6, STM32WL33C8V6TR, STM32WL33C8V7, STM32WL33C8V7TR, STM32WL33CBV6, STM32WL33CBV6TR, STM32WL33CBV7, STM32WL33CBV7TR, STM32WL33CCV6, STM32WL33CCV6TR, STM32WL33CCV7, STM32WL33CCV7A, STM32WL33CCV7ATR, STM32WL33CCV7TR, STM32WL33K8V6, STM32WL33K8V6TR, STM32WL33K8V7, STM32WL33K8V7TR, STM32WL33KBV6, STM32WL33KBV6TR, STM32WL33KBV7, STM32WL33KBV7TR, STM32WL33KCV6, STM32WL33KCV6TR, STM32WL33KCV7, STM32WL33KCV7TR, STM32WL5MOCH6, STM32WL5MOCH6TR]
2025-02-24 14:52:26,494 [INFO] BoardInfo:889 - No configuration file found for board P-NUCLEO-WB55
2025-02-24 14:52:26,495 [INFO] DbBoards:161 - Kit is not supported: P-NUCLEO-WB55
2025-02-24 14:52:26,501 [INFO] BoardInfo:889 - No configuration file found for board STEVAL-BFA001V1B
2025-02-24 14:52:26,503 [INFO] DbBoards:161 - Kit is not supported: STEVAL-BFA001V1B
2025-02-24 14:52:26,503 [INFO] BoardInfo:889 - No configuration file found for board STEVAL-BFA001V2B
2025-02-24 14:52:26,505 [INFO] DbBoards:161 - Kit is not supported: STEVAL-BFA001V2B
2025-02-24 14:52:26,710 [INFO] DbBoards:168 - Found 209 boards, 206 are supported
2025-02-24 14:52:26,710 [INFO] DbBoards:169 - Found 209 boards, 42 of them is supported for  Bsp
2025-02-24 14:52:26,714 [INFO] ApiDb:668 - CubeFinder database Data Model version=2.1
2025-02-24 14:52:26,714 [INFO] ApiDb:669 - CubeFinder database Configuration version=3.0.39
2025-02-24 14:52:26,714 [INFO] ApiDb:670 - CubeFinder database generation date=2025-02-07 (1738919966)
2025-02-24 14:52:26,714 [INFO] ApiDb:671 - CubeFinder database FW Pack versions=[FP-ATR-ASTRA1_V2.0.0, FP-SNS-FLIGHT1_V5.0.2, FP-SNS-MOTENV1_V5.0.0, FP-SNS-MOTENVWB1_V1.4.0, FP-SNS-SMARTAG2_V1.2.0, FP-SNS-STBOX1_V2.0.0, STM32Cube_FW_C0_V1.3.0, STM32Cube_FW_F4_V1.28.1, STM32Cube_FW_F7_V1.17.2, STM32Cube_FW_G0_V1.6.2, STM32Cube_FW_G4_V1.6.1, STM32Cube_FW_H5_V1.4.0, STM32Cube_FW_H7RS_V1.1.0, STM32Cube_FW_H7_V1.12.0, STM32Cube_FW_L0_V1.12.2, STM32Cube_FW_L4_V1.18.1, STM32Cube_FW_L5_V1.5.1, STM32Cube_FW_N6_V1.0.0, STM32Cube_FW_U0_V1.2.0, STM32Cube_FW_U3_V1.0.0, STM32Cube_FW_U5_V1.7.0, STM32Cube_FW_WB0_V1.1.0, STM32Cube_FW_WBA_V1.5.0, STM32Cube_FW_WB_V1.21.0, STM32Cube_FW_WL3_V1.0.0, STM32Cube_FW_WL_V1.3.0, X-CUBE-ALGOBUILD_V1.4.0, X-CUBE-ALS_V1.0.2, X-CUBE-AZRTOS-F4_V1.1.0, X-CUBE-AZRTOS-F7_V1.1.0, X-CUBE-AZRTOS-G0_V1.1.0, X-CUBE-AZRTOS-G4_V2.0.0, X-CUBE-AZRTOS-H7RS_V1.0.0, X-CUBE-AZRTOS-H7_V3.3.0, X-CUBE-AZRTOS-L4_V2.0.0, X-CUBE-AZRTOS-L5_V2.0.0, X-CUBE-AZRTOS-WB_V2.0.0, X-CUBE-AZRTOS-WL_V2.0.0, X-CUBE-BLE1_V7.0.0, X-CUBE-BLE2_V3.3.0, X-CUBE-BLEMGR_V4.0.0, X-CUBE-EEPRMA1_V5.1.0, X-CUBE-FREERTOS_V1.2.0, X-CUBE-GNSS1_V6.0.0, X-CUBE-MEMS1_V11.1.0, X-CUBE-NFC4_V3.0.0, X-CUBE-NFC7_V1.0.1, X-CUBE-SFXS2LP1_V4.0.0, X-CUBE-SUBG2_V5.0.0, X-CUBE-TOF1_V3.4.2]
2025-02-24 14:52:28,185 [INFO] ApiDb:240 - Found 858 in-development CPN: [B-G473E-ZEST1S, B-WB1M-WPAN1, B-WBA5M-WPAN, B-WL5M-SUBG1, NUCLEO-C031C6, NUCLEO-C051C8, NUCLEO-C071RB, NUCLEO-C092RC, NUCLEO-H503RB, NUCLEO-H533RE, NUCLEO-H563ZI, NUCLEO-H7S3L8, NUCLEO-N657X0-Q, NUCLEO-U031R8, NUCLEO-U083RC, NUCLEO-U385RG-Q, NUCLEO-U545RE-Q, NUCLEO-U5A5ZJ-Q, NUCLEO-WB05KZ, NUCLEO-WB07CC, NUCLEO-WB09KE, NUCLEO-WBA52CG, NUCLEO-WBA55CG, NUCLEO-WL33CC1, NUCLEO-WL33CC2, STEVAL-PROTEUS1, STEVAL-SMARTAG2, STEVAL-STWINBX1, STM320518-EVAL, STM32C0116-DK, STM32C011D6Y3TR, STM32C011D6Y6TR, STM32C011F4P3, STM32C011F4P6, STM32C011F4U3, STM32C011F4U6TR, STM32C011F6P3, STM32C011F6P6, STM32C011F6U3, STM32C011F6U6TR, STM32C011J4M3, STM32C011J4M6, STM32C011J6M3, STM32C011J6M6, STM32C0316-DK, STM32C031C4T3, STM32C031C4T6, STM32C031C4U3, STM32C031C4U6, STM32C031C6T3, STM32C031C6T6, STM32C031C6U3, STM32C031C6U6, STM32C031F4P3, STM32C031F4P6, STM32C031F6P3, STM32C031F6P6, STM32C031G4U3, STM32C031G4U6, STM32C031G6U3, STM32C031G6U6, STM32C031K4T3, STM32C031K4T6, STM32C031K4U3, STM32C031K4U6, STM32C031K6T3, STM32C031K6T6, STM32C031K6U3, STM32C031K6U6, STM32C051C6T6, STM32C051C6U6, STM32C051C8T6, STM32C051C8U6, STM32C051D8Y6TR, STM32C051F6P6, STM32C051F8P6, STM32C051G6U6, STM32C051G8U6, STM32C051K6T6, STM32C051K6U6, STM32C051K8T6, STM32C071C8T6, STM32C071C8T6N, STM32C071C8U6, STM32C071C8U6N, STM32C071CBT6, STM32C071CBT6N, STM32C071CBU6, STM32C071CBU6N, STM32C071F8P6, STM32C071F8P6N, STM32C071FBP6, STM32C071FBP6N, STM32C071FBY6TR, STM32C071G8U6, STM32C071G8U6N, STM32C071GBU6, STM32C071GBU6N, STM32C071K8T6, STM32C071K8T6N, STM32C071K8U6, STM32C071K8U6N, STM32C071KBT6, STM32C071KBT6N, STM32C071KBU6, STM32C071KBU6N, STM32C071R8T6, STM32C071R8T6N, STM32C071RBI6N, STM32C071RBT6, STM32C071RBT6N, STM32C091CBT6, STM32C091CBU6, STM32C091CCT6, STM32C091CCU6, STM32C091ECY6TR, STM32C091FBP6, STM32C091FCP6, STM32C091GBU6, STM32C091GCU6, STM32C091KBT6, STM32C091KBU6, STM32C091KCT6, STM32C091KCU6, STM32C091RBT6, STM32C091RCI6, STM32C091RCT6, STM32C092CBT6, STM32C092CBU6, STM32C092CCT6, STM32C092CCU6, STM32C092ECY6TR, STM32C092FBP6, STM32C092FCP6, STM32C092GBU6, STM32C092GCU6, STM32C092KBT6, STM32C092KBU6, STM32C092KCT6, STM32C092KCU6, STM32C092RBT6, STM32C092RCI6, STM32C092RCT6, STM32G071K8TXN, STM32G071K8UXN, STM32G081GBU6N, STM32G081KBT6N, STM32G081KBUXN, STM32G0B1CCT6N, STM32G0B1KCT6, STM32G0B1NEY6TR, STM32G0B1RCT6N, STM32G0C1CCT6, STM32G0C1CCT6N, STM32G0C1CCU6N, STM32G0C1CET6N, STM32G0C1CEU6N, STM32G0C1KCT6, STM32G0C1NEY6TR, STM32G0C1RCI6N, STM32G0C1RCT6N, STM32G0C1REI6N, STM32G0C1RET6N, STM32G0C1VCI6, STM32G0C1VEI6, STM32G411C6T3, STM32G411C6T6, STM32G411C6U3, STM32G411C6U6, STM32G411C8T3, STM32G411C8T6, STM32G411C8U3, STM32G411C8U6, STM32G411CBT3, STM32G411CBT6, STM32G411CBU3, STM32G411CBU6, STM32G411CCT3, STM32G411CCT6, STM32G411CCU3, STM32G411CCU6, STM32G411K6T3, STM32G411K6T6, STM32G411K6U3, STM32G411K6U6, STM32G411K8T3, STM32G411K8T6, STM32G411K8U3, STM32G411K8U6, STM32G411KBT3, STM32G411KBT6, STM32G411KBU3, STM32G411KBU6, STM32G411M6T3, STM32G411M6T6, STM32G411M8T3, STM32G411M8T6, STM32G411MBT3, STM32G411MBT6, STM32G411MCT3, STM32G411MCT6, STM32G411R6T3, STM32G411R6T6, STM32G411R8T3, STM32G411R8T6, STM32G411RBT3, STM32G411RBT6, STM32G411RCT3, STM32G411RCT6, STM32G414CBT3, STM32G414CBT6, STM32G414CBU3, STM32G414CBU6, STM32G414CCT3, STM32G414CCT6, STM32G414CCU3, STM32G414CCU6, STM32G414MBT3, STM32G414MBT6, STM32G414MCT3, STM32G414MCT6, STM32G414RBT3, STM32G414RBT6, STM32G414RCT3, STM32G414RCT6, STM32G414VBT3, STM32G414VBT6, STM32G414VCT3, STM32G414VCT6, STM32G431CBT3Z, STM32G431RBT3Z, STM32G471CCT6, STM32G471CCU6, STM32G471CET3, STM32G471CET6, STM32G471CEU3, STM32G471CEU6, STM32G471MCT6, STM32G471MET3, STM32G471MET6, STM32G471MEY6TR, STM32G471QCT6, STM32G471QET3, STM32G471RCT6, STM32G471RET3, STM32G471RET6, STM32G471VCH6, STM32G471VCI6, STM32G471VCT6, STM32G471VEH3, STM32G471VEH6, STM32G471VEI3, STM32G471VEI6, STM32G471VET3, STM32G471VET6, STM32G473QET3Z, STM32G473RET3Z, STM32G474CCT6, STM32G491RET3Z, STM32H503CBT6, STM32H503CBU6, STM32H503EBY6TR, STM32H503KBU6, STM32H503RBT6, STM32H523CCT6, STM32H523CCU6, STM32H523CET6, STM32H523CEU6, STM32H523HEY6TR, STM32H523RCT6, STM32H523RET6, STM32H523VCI6, STM32H523VCT6, STM32H523VEI6, STM32H523VET6, STM32H523ZCJ6, STM32H523ZCT6, STM32H523ZEJ6, STM32H523ZET6, STM32H533CET6, STM32H533CEU6, STM32H533HEY6TR, STM32H533RET6, STM32H533VEI6, STM32H533VET6, STM32H533ZEJ6, STM32H533ZET6, STM32H562AGI6, STM32H562AII6, STM32H562IGK6, STM32H562IGT6, STM32H562IIK6, STM32H562IIT6, STM32H562RGT6, STM32H562RGV6, STM32H562RIT6, STM32H562RIV6, STM32H562VGT6, STM32H562VIT6, STM32H562ZGT6, STM32H562ZIT6, STM32H563AGI6, STM32H563AII3Q, STM32H563AII6, STM32H563IGK6, STM32H563IGT6, STM32H563IIK3Q, STM32H563IIK6, STM32H563IIT3Q, STM32H563IIT6, STM32H563MIY3QTR, STM32H563RGT6, STM32H563RGV6, STM32H563RIT6, STM32H563RIV6, STM32H563VGT6, STM32H563VIT3Q, STM32H563VIT6, STM32H563ZGT6, STM32H563ZIT3Q, STM32H563ZIT6, STM32H573AII3Q, STM32H573AII6, STM32H573I-DK, STM32H573IIK3Q, STM32H573IIK6, STM32H573IIT3Q, STM32H573IIT6, STM32H573MIY3QTR, STM32H573RIT6, STM32H573RIV6, STM32H573VIT3Q, STM32H573VIT6, STM32H573ZIT3Q, STM32H573ZIT6, STM32H7R3A8I6, STM32H7R3I8K6, STM32H7R3I8T6, STM32H7R3L8H6, STM32H7R3L8H6H, STM32H7R3R8V6, STM32H7R3V8H6, STM32H7R3V8T6, STM32H7R3V8Y6TR, STM32H7R3Z8J6, STM32H7R3Z8T6, STM32H7R7A8I6, STM32H7R7I8K6, STM32H7R7I8T6, STM32H7R7L8H6, STM32H7R7L8H6H, STM32H7R7Z8J6, STM32H7S3A8I6, STM32H7S3I8K6, STM32H7S3I8T6, STM32H7S3L8H6, STM32H7S3L8H6H, STM32H7S3R8V6, STM32H7S3V8H6, STM32H7S3V8T6, STM32H7S3V8Y6TR, STM32H7S3Z8J6, STM32H7S3Z8T6, STM32H7S78-DK, STM32H7S7A8I6, STM32H7S7I8K6, STM32H7S7I8T6, STM32H7S7L8H6, STM32H7S7L8H6H, STM32H7S7Z8J6, STM32L4R5QGI6STR, STM32MP131AAE3, STM32MP131AAF3, STM32MP131AAG3, STM32MP131CAE3, STM32MP131CAF3, STM32MP131CAG3, STM32MP131DAE7, STM32MP131DAF7, STM32MP131DAG7, STM32MP131FAE7, STM32MP131FAF7, STM32MP131FAG7, STM32MP133AAE3, STM32MP133AAF3, STM32MP133AAG3, STM32MP133CAE3, STM32MP133CAF3, STM32MP133CAG3, STM32MP133DAE7, STM32MP133DAF7, STM32MP133DAG7, STM32MP133FAE7, STM32MP133FAF7, STM32MP133FAG7, STM32MP135AAE3, STM32MP135AAF3, STM32MP135AAG3, STM32MP135CAE3, STM32MP135CAF3, STM32MP135CAG3, STM32MP135DAE7, STM32MP135DAF7, STM32MP135DAG7, STM32MP135F-DK, STM32MP135FAE7, STM32MP135FAF7, STM32MP135FAF7T, STM32MP135FAF7U, STM32MP135FAG7, STM32MP231AAJ3, STM32MP231AAK3, STM32MP231AAL3, STM32MP231CAJ3, STM32MP231CAK3, STM32MP231CAL3, STM32MP231DAJ3, STM32MP231DAK3, STM32MP231DAL3, STM32MP231FAJ3, STM32MP231FAK3, STM32MP231FAL3, STM32MP233AAJ3, STM32MP233AAK3, STM32MP233AAL3, STM32MP233CAJ3, STM32MP233CAK3, STM32MP233CAL3, STM32MP233DAJ3, STM32MP233DAK3, STM32MP233DAL3, STM32MP233FAJ3, STM32MP233FAK3, STM32MP233FAL3, STM32MP235AAJ3, STM32MP235AAK3, STM32MP235AAL3, STM32MP235CAJ3, STM32MP235CAK3, STM32MP235CAL3, STM32MP235DAJ3, STM32MP235DAK3, STM32MP235DAL3, STM32MP235FAJ3, STM32MP235FAK3, STM32MP235FAL3, STM32MP251AAI3, STM32MP251AAJ3, STM32MP251AAK3, STM32MP251AAL3, STM32MP251CAI3, STM32MP251CAJ3, STM32MP251CAK3, STM32MP251CAL3, STM32MP251DAI3, STM32MP251DAJ3, STM32MP251DAK3, STM32MP251DAL3, STM32MP251FAI3, STM32MP251FAJ3, STM32MP251FAK3, STM32MP251FAL3, STM32MP253AAI3, STM32MP253AAJ3, STM32MP253AAK3, STM32MP253AAL3, STM32MP253CAI3, STM32MP253CAJ3, STM32MP253CAK3, STM32MP253CAL3, STM32MP253DAI3, STM32MP253DAJ3, STM32MP253DAK3, STM32MP253DAL3, STM32MP253FAI3, STM32MP253FAJ3, STM32MP253FAK3, STM32MP253FAL3, STM32MP255AAI3, STM32MP255AAJ3, STM32MP255AAK3, STM32MP255AAL3, STM32MP255CAI3, STM32MP255CAJ3, STM32MP255CAK3, STM32MP255CAL3, STM32MP255DAI3, STM32MP255DAJ3, STM32MP255DAK3, STM32MP255DAL3, STM32MP255FAI3, STM32MP255FAJ3, STM32MP255FAK3, STM32MP255FAL3, STM32MP257AAI3, STM32MP257AAJ3, STM32MP257AAK3, STM32MP257AAL3, STM32MP257CAI3, STM32MP257CAJ3, STM32MP257CAK3, STM32MP257CAL3, STM32MP257DAI3, STM32MP257DAJ3, STM32MP257DAK3, STM32MP257DAL3, STM32MP257F-DK, STM32MP257F-EV1, STM32MP257FAI3, STM32MP257FAJ3, STM32MP257FAK3, STM32MP257FAL3, STM32N645A0H3Q, STM32N645B0H3Q, STM32N645I0H3Q, STM32N645L0H3Q, STM32N645X0H3Q, STM32N645Z0H3Q, STM32N647A0H3Q, STM32N647B0H3Q, STM32N647I0H3Q, STM32N647L0H3Q, STM32N647X0H3Q, STM32N647Z0H3Q, STM32N655A0H3Q, STM32N655B0H3Q, STM32N655I0H3Q, STM32N655L0H3Q, STM32N655X0H3Q, STM32N655Z0H3Q, STM32N6570-DK, STM32N657A0H3Q, STM32N657B0H3Q, STM32N657I0H3Q, STM32N657L0H3Q, STM32N657X0H3Q, STM32N657Z0H3Q, STM32U031C6T6, STM32U031C6U6, STM32U031C8T6, STM32U031C8U6, STM32U031F4P6, STM32U031F6P6, STM32U031F8P6, STM32U031G6Y6TR, STM32U031G8Y6TR, STM32U031K4U6, STM32U031K6U6, STM32U031K8U6, STM32U031R6I6, STM32U031R6T6, STM32U031R8I6, STM32U031R8T6, STM32U073C8T6, STM32U073C8U6, STM32U073CBT6, STM32U073CBU6, STM32U073CCT6, STM32U073CCU6, STM32U073H8Y6TR, STM32U073HBY6TR, STM32U073HCY6TR, STM32U073K8U6, STM32U073KBU6, STM32U073KCU6, STM32U073M8I6, STM32U073M8T6, STM32U073MBI6, STM32U073MBT6, STM32U073MCI6, STM32U073MCT6, STM32U073R8I6, STM32U073R8T6, STM32U073RBI6, STM32U073RBT6, STM32U073RCI6, STM32U073RCT6, STM32U083C-DK, STM32U083CCT6, STM32U083CCU6, STM32U083HCY6TR, STM32U083KCU6, STM32U083MCI6, STM32U083MCT6, STM32U083RCI6, STM32U083RCT6, STM32U375CET6, STM32U375CET6Q, STM32U375CEU6, STM32U375CEU6Q, STM32U375CEY6QTR, STM32U375CGT6, STM32U375CGT6Q, STM32U375CGU6, STM32U375CGU6Q, STM32U375CGY6QTR, STM32U375KEU6, STM32U375KGU6, STM32U375REI6, STM32U375REI6Q, STM32U375RET6, STM32U375RET6Q, STM32U375REY6GTR, STM32U375REY6QTR, STM32U375RGI6, STM32U375RGI6Q, STM32U375RGT6, STM32U375RGT6Q, STM32U375RGY6GTR, STM32U375RGY6QTR, STM32U375VEI6, STM32U375VEI6Q, STM32U375VET6, STM32U375VET6Q, STM32U375VGI6, STM32U375VGI6Q, STM32U375VGT6, STM32U375VGT6Q, STM32U385CGT6, STM32U385CGT6Q, STM32U385CGU6, STM32U385CGU6Q, STM32U385CGY6QTR, STM32U385KGU6, STM32U385RGI6, STM32U385RGI6Q, STM32U385RGT6, STM32U385RGT6Q, STM32U385RGY6GTR, STM32U385RGY6QTR, STM32U385VGI6, STM32U385VGI6Q, STM32U385VGT6, STM32U385VGT6Q, STM32U535CBT6, STM32U535CBT6Q, STM32U535CBU6, STM32U535CBU6Q, STM32U535CCT6, STM32U535CCT6Q, STM32U535CCU6, STM32U535CCU6Q, STM32U535CET6, STM32U535CET6Q, STM32U535CEU6, STM32U535CEU6Q, STM32U535JEY6QTR, STM32U535NCY6QTR, STM32U535NEY6QTR, STM32U535RBI6, STM32U535RBI6Q, STM32U535RBT6, STM32U535RBT6Q, STM32U535RCI6, STM32U535RCI6Q, STM32U535RCT6, STM32U535RCT6Q, STM32U535REI6, STM32U535REI6Q, STM32U535RET6, STM32U535RET6Q, STM32U535VCI6, STM32U535VCI6Q, STM32U535VCT6, STM32U535VCT6Q, STM32U535VEI6, STM32U535VEI6Q, STM32U535VET6, STM32U535VET6Q, STM32U545CET6, STM32U545CET6Q, STM32U545CEU6, STM32U545CEU6Q, STM32U545JEY6QTR, STM32U545NEY6QTR, STM32U545REI6, STM32U545REI6Q, STM32U545RET6, STM32U545RET6Q, STM32U545VEI6, STM32U545VEI6Q, STM32U545VET6, STM32U545VET6Q, STM32U595AIH6, STM32U595AIH6Q, STM32U595AJH6, STM32U595AJH6Q, STM32U595QII6, STM32U595QII6Q, STM32U595QJI6, STM32U595QJI6Q, STM32U595RIT6, STM32U595RIT6Q, STM32U595RJT6, STM32U595RJT6Q, STM32U595VIT6, STM32U595VIT6Q, STM32U595VJT6, STM32U595VJT6Q, STM32U595ZIT6, STM32U595ZIT6Q, STM32U595ZIY6QTR, STM32U595ZJT6, STM32U595ZJT6Q, STM32U595ZJY6QTR, STM32U599BJY6QTR, STM32U599NIH6Q, STM32U599NJH6Q, STM32U599VIT6Q, STM32U599VJT6, STM32U599VJT6Q, STM32U599ZIT6Q, STM32U599ZIY6QTR, STM32U599ZJT6Q, STM32U599ZJY6QTR, STM32U5A5AJH6, STM32U5A5AJH6Q, STM32U5A5QII3Q , STM32U5A5QJI6, STM32U5A5QJI6Q, STM32U5A5RJT6, STM32U5A5RJT6Q, STM32U5A5VJT6, STM32U5A5VJT6Q, STM32U5A5ZJT6, STM32U5A5ZJT6Q, STM32U5A5ZJY6QTR, STM32U5A9BJY6QTR, STM32U5A9J-DK, STM32U5A9NJH6Q, STM32U5A9VJT6Q, STM32U5A9ZJT6Q, STM32U5A9ZJY6QTR, STM32U5F7VIT6, STM32U5F7VIT6Q, STM32U5F7VJT6, STM32U5F7VJT6Q, STM32U5F9BJY6QTR, STM32U5F9NJH6Q, STM32U5F9VIT6Q, STM32U5F9VJT6Q, STM32U5F9ZIJ6QTR, STM32U5F9ZIT6Q, STM32U5F9ZJJ6QTR, STM32U5F9ZJT6Q, STM32U5G7VJT6, STM32U5G7VJT6Q, STM32U5G9BJY6QTR, STM32U5G9J-DK1, STM32U5G9J-DK2, STM32U5G9NJH6Q, STM32U5G9VJT6Q, STM32U5G9ZJJ6QTR, STM32U5G9ZJT6Q, STM32WB05KZV6TR, STM32WB05KZV7TR, STM32WB05TZF6TR, STM32WB05TZF7TR, STM32WB06CCF6TR, STM32WB06CCF7TR, STM32WB06CCV6TR, STM32WB06CCV7TR, STM32WB06KCV6TR, STM32WB06KCV7TR, STM32WB07CCF6TR, STM32WB07CCF7TR, STM32WB07CCV6TR, STM32WB07CCV7TR, STM32WB07KCV6TR, STM32WB07KCV7TR, STM32WB09KEV6TR, STM32WB09KEV7TR, STM32WB09TEF6TR, STM32WB09TEF7TR, STM32WB1MMCH6, STM32WBA50KGU6, STM32WBA50KGU6TR, STM32WBA52CEU6, STM32WBA52CEU6TR, STM32WBA52CEU7, STM32WBA52CEU7TR, STM32WBA52CGU6, STM32WBA52CGU6TR, STM32WBA52CGU6U, STM32WBA52CGU7, STM32WBA52CGU7TR, STM32WBA52KEU6, STM32WBA52KEU6TR, STM32WBA52KGU6, STM32WBA52KGU6TR, STM32WBA54CEU6, STM32WBA54CEU6TR, STM32WBA54CEU7, STM32WBA54CEU7TR, STM32WBA54CGU6, STM32WBA54CGU6TR, STM32WBA54CGU7, STM32WBA54CGU7TR, STM32WBA54KEU6, STM32WBA54KEU6TR, STM32WBA54KEU7, STM32WBA54KEU7TR, STM32WBA54KGU6, STM32WBA54KGU6TR, STM32WBA54KGU7, STM32WBA54KGU7TR, STM32WBA55CEU6, STM32WBA55CEU6TR, STM32WBA55CEU7, STM32WBA55CEU7TR, STM32WBA55CGU6, STM32WBA55CGU6TR, STM32WBA55CGU6U, STM32WBA55CGU7, STM32WBA55CGU7TR, STM32WBA55G-DK1, STM32WBA55HEF6, STM32WBA55HEF7, STM32WBA55HGF6, STM32WBA55HGF7, STM32WBA55UEI6, STM32WBA55UEI6TR, STM32WBA55UEI7, STM32WBA55UEI7TR, STM32WBA55UGI6, STM32WBA55UGI6TR, STM32WBA55UGI7, STM32WBA55UGI7TR, STM32WBA5MJGH6TR, STM32WBA5MJGH6U, STM32WL33C8V6, STM32WL33C8V6TR, STM32WL33C8V7, STM32WL33C8V7TR, STM32WL33CBV6, STM32WL33CBV6TR, STM32WL33CBV7, STM32WL33CBV7TR, STM32WL33CCV6, STM32WL33CCV6TR, STM32WL33CCV7, STM32WL33CCV7A, STM32WL33CCV7ATR, STM32WL33CCV7TR, STM32WL33K8V6, STM32WL33K8V6TR, STM32WL33K8V7, STM32WL33K8V7TR, STM32WL33KBV6, STM32WL33KBV6TR, STM32WL33KBV7, STM32WL33KBV7TR, STM32WL33KCV6, STM32WL33KCV6TR, STM32WL33KCV7, STM32WL33KCV7TR, STM32WL5MOCH6, STM32WL5MOCH6TR]
2025-02-24 14:52:28,189 [INFO] DbMcus:218 - Found 4545 MCUs, 4545 are supported
2025-02-24 14:52:28,190 [INFO] ApiDb:423 - Load user favorites file C:\Users\baron/.stm32cubeide/favorites.mcus.txt: 0 item(s)
2025-02-24 14:52:28,190 [INFO] ApiDb:427 - User favorites MCUs=[]
2025-02-24 14:52:28,190 [INFO] DbMcus:224 - Set 0 / 0 favorites MCUs
2025-02-24 14:52:28,499 [INFO] ApiDb:423 - Load user favorites file C:\Users\baron/.stm32cubeide/favorites.boards.txt: 0 item(s)
2025-02-24 14:52:28,499 [INFO] ApiDb:427 - User favorites Boards=[]
2025-02-24 14:52:28,499 [INFO] DbBoards:198 - Set 0 / 0 favorites Boards
2025-02-24 14:52:28,564 [INFO] UtilMem:75 - End LoadConfig() Used Memory: 384616040 Bytes (867172352)
2025-02-24 14:52:28,715 [WARN] ThirdParty:833 - waiting for thirdparty lock release [change project]
2025-02-24 14:52:28,715 [INFO] ThirdParty:835 - entering critical section [change project]
2025-02-24 14:52:28,716 [INFO] ThirdParty:1030 - CMSIS Pack Vendor :STMicroelectronics USBPD 4.1
2025-02-24 14:52:28,716 [INFO] ThirdParty:1030 - CMSIS Pack Vendor :STMicroelectronics X-CUBE-AZRTOS-H7 3.3.0
2025-02-24 14:52:28,716 [INFO] ThirdParty:1030 - CMSIS Pack Vendor :STMicroelectronics X-CUBE-NFC9 1.0.0
2025-02-24 14:52:28,716 [INFO] ThirdParty:1030 - CMSIS Pack Vendor :STMicroelectronics USB_HOST 2.0.0
2025-02-24 14:52:28,716 [INFO] ThirdParty:1030 - CMSIS Pack Vendor :STMicroelectronics FP-SNS-MOTENVWB1 1.4.0
2025-02-24 14:52:28,716 [INFO] ThirdParty:1030 - CMSIS Pack Vendor :STMicroelectronics X-CUBE-AZRTOS-F4 1.1.0
2025-02-24 14:52:28,716 [INFO] ThirdParty:1030 - CMSIS Pack Vendor :STMicroelectronics LIBJPEG 8.0.0
2025-02-24 14:52:28,716 [INFO] ThirdParty:1030 - CMSIS Pack Vendor :STMicroelectronics FP-ATR-ASTRA1 2.0.1
2025-02-24 14:52:28,716 [INFO] ThirdParty:1030 - CMSIS Pack Vendor :STMicroelectronics X-CUBE-SMBUS 2.1.0
2025-02-24 14:52:28,716 [INFO] ThirdParty:1030 - CMSIS Pack Vendor :STMicroelectronics X-CUBE-WB05N 1.1.0
2025-02-24 14:52:28,716 [INFO] ThirdParty:1030 - CMSIS Pack Vendor :STMicroelectronics USB_DEVICE 3.0.0
2025-02-24 14:52:28,716 [INFO] ThirdParty:1030 - CMSIS Pack Vendor :STMicroelectronics X-CUBE-TCPP 4.1.0
2025-02-24 14:52:28,716 [INFO] ThirdParty:1030 - CMSIS Pack Vendor :STMicroelectronics X-CUBE-ISPU 2.1.0
2025-02-24 14:52:28,716 [INFO] ThirdParty:1030 - CMSIS Pack Vendor :STMicroelectronics X-CUBE-FREERTOS 1.2.0
2025-02-24 14:52:28,716 [INFO] ThirdParty:1030 - CMSIS Pack Vendor :STMicroelectronics X-CUBE-IPS 3.0.0
2025-02-24 14:52:28,716 [INFO] ThirdParty:1030 - CMSIS Pack Vendor :STMicroelectronics X-CUBE-AZRTOS-WB 2.0.0
2025-02-24 14:52:28,716 [INFO] ThirdParty:1030 - CMSIS Pack Vendor :STMicroelectronics X-CUBE-GNSS1 7.0.0
2025-02-24 14:52:28,716 [INFO] ThirdParty:1030 - CMSIS Pack Vendor :STMicroelectronics X-CUBE-GNSS1 7.0.1
2025-02-24 14:52:28,716 [INFO] ThirdParty:1030 - CMSIS Pack Vendor :STMicroelectronics X-CUBE-AZRTOS-F7 1.1.0
2025-02-24 14:52:28,716 [INFO] ThirdParty:1030 - CMSIS Pack Vendor :STMicroelectronics X-CUBE-AZRTOS-L5 2.0.0
2025-02-24 14:52:28,716 [INFO] ThirdParty:1030 - CMSIS Pack Vendor :STMicroelectronics USB_DEVICE 2.0.0
2025-02-24 14:52:28,716 [INFO] ThirdParty:1030 - CMSIS Pack Vendor :STMicroelectronics X-CUBE-NFC6 3.1.0
2025-02-24 14:52:28,716 [INFO] ThirdParty:1030 - CMSIS Pack Vendor :STMicroelectronics FP-SNS-STBOX1 2.0.0
2025-02-24 14:52:28,716 [INFO] ThirdParty:1030 - CMSIS Pack Vendor :STMicroelectronics X-CUBE-MEMS1 11.0.0
2025-02-24 14:52:28,717 [INFO] ThirdParty:1030 - CMSIS Pack Vendor :STMicroelectronics FreeRTOS 0.0.1
2025-02-24 14:52:28,717 [INFO] ThirdParty:1030 - CMSIS Pack Vendor :STMicroelectronics X-CUBE-AZRTOS-G0 1.1.0
2025-02-24 14:52:28,717 [INFO] ThirdParty:1030 - CMSIS Pack Vendor :STMicroelectronics X-CUBE-SAFEA1 1.2.2
2025-02-24 14:52:28,717 [INFO] ThirdParty:1030 - CMSIS Pack Vendor :STMicroelectronics X-CUBE-NFC4 3.0.0
2025-02-24 14:52:28,717 [INFO] ThirdParty:1030 - CMSIS Pack Vendor :STMicroelectronics X-CUBE-DPower 1.2.0
2025-02-24 14:52:28,717 [INFO] ThirdParty:1030 - CMSIS Pack Vendor :STMicroelectronics X-CUBE-SUBG2 5.0.0
2025-02-24 14:52:28,717 [INFO] ThirdParty:1030 - CMSIS Pack Vendor :STMicroelectronics STM32_WPAN 1.0.0
2025-02-24 14:52:28,717 [INFO] ThirdParty:1030 - CMSIS Pack Vendor :EmbeddedOffice I-CUBE-FS-RTOS 1.0.1
2025-02-24 14:52:28,717 [INFO] ThirdParty:1030 - CMSIS Pack Vendor :STMicroelectronics lwIP 2.0.3
2025-02-24 14:52:28,717 [INFO] ThirdParty:1030 - CMSIS Pack Vendor :STMicroelectronics FP-SNS-FLIGHT1 5.0.2
2025-02-24 14:52:28,717 [INFO] ThirdParty:1030 - CMSIS Pack Vendor :Cesanta I-CUBE-Mongoose 7.13.0
2025-02-24 14:52:28,717 [INFO] ThirdParty:1030 - CMSIS Pack Vendor :STMicroelectronics USB_HOST 1.0.0
2025-02-24 14:52:28,717 [INFO] ThirdParty:1030 - CMSIS Pack Vendor :STMicroelectronics X-CUBE-AZRTOS-G4 2.0.0
2025-02-24 14:52:28,717 [INFO] ThirdParty:1030 - CMSIS Pack Vendor :STMicroelectronics PDM2PCM 3.1.0
2025-02-24 14:52:28,717 [INFO] ThirdParty:1030 - CMSIS Pack Vendor :STMicroelectronics PDM2PCM 3.3.0
2025-02-24 14:52:28,717 [INFO] ThirdParty:1030 - CMSIS Pack Vendor :STMicroelectronics X-CUBE-DISPLAY 3.0.0
2025-02-24 14:52:28,717 [INFO] ThirdParty:1030 - CMSIS Pack Vendor :STMicroelectronics X-CUBE-TCPP 4.2.0
2025-02-24 14:52:28,717 [INFO] ThirdParty:1030 - CMSIS Pack Vendor :RealThread X-CUBE-RT-Thread_Nano 4.1.1
2025-02-24 14:52:28,718 [INFO] ThirdParty:1030 - CMSIS Pack Vendor :STMicroelectronics X-CUBE-BLE1 7.0.0
2025-02-24 14:52:28,718 [INFO] ThirdParty:1030 - CMSIS Pack Vendor :STMicroelectronics FP-ATR-SIGFOX1 3.2.0
2025-02-24 14:52:28,718 [INFO] ThirdParty:1030 - CMSIS Pack Vendor :STMicroelectronics X-CUBE-NFC10 1.0.0
2025-02-24 14:52:28,718 [INFO] ThirdParty:1030 - CMSIS Pack Vendor :wolfSSL I-CUBE-wolfSSL 5.7.2
2025-02-24 14:52:28,718 [INFO] ThirdParty:1030 - CMSIS Pack Vendor :quantropi X-CUBE-qispace-sdk-base 1.9.3
2025-02-24 14:52:28,718 [INFO] ThirdParty:1030 - CMSIS Pack Vendor :STMicroelectronics X-CUBE-BLEMGR 4.0.0
2025-02-24 14:52:28,718 [INFO] ThirdParty:1030 - CMSIS Pack Vendor :STMicroelectronics X-CUBE-EEPRMA1 5.1.0
2025-02-24 14:52:28,718 [INFO] ThirdParty:1030 - CMSIS Pack Vendor :STMicroelectronics HAL Drivers 0.0.0
2025-02-24 14:52:28,718 [INFO] ThirdParty:1030 - CMSIS Pack Vendor :STMicroelectronics MBEDTLS 2.16.2
2025-02-24 14:52:28,718 [INFO] ThirdParty:1030 - CMSIS Pack Vendor :STMicroelectronics X-CUBE-IPS 3.1.0
2025-02-24 14:52:28,718 [INFO] ThirdParty:1030 - CMSIS Pack Vendor :STMicroelectronics X-CUBE-ALS 1.0.2
2025-02-24 14:52:28,718 [INFO] ThirdParty:1030 - CMSIS Pack Vendor :emotas I-CUBE-CANOPEN 1.3.0
2025-02-24 14:52:28,718 [INFO] ThirdParty:1030 - CMSIS Pack Vendor :STMicroelectronics X-CUBE-FREERTOS 1.3.0
2025-02-24 14:52:28,718 [INFO] ThirdParty:1030 - CMSIS Pack Vendor :STMicroelectronics X-CUBE-NFC7 1.0.1
2025-02-24 14:52:28,718 [INFO] ThirdParty:1030 - CMSIS Pack Vendor :STMicroelectronics MBEDTLS 2.14.1
2025-02-24 14:52:28,718 [INFO] ThirdParty:1030 - CMSIS Pack Vendor :ITTIA_DB I-CUBE-ITTIADB 8.9.0
2025-02-24 14:52:28,718 [INFO] ThirdParty:1030 - CMSIS Pack Vendor :STMicroelectronics X-CUBE-TOUCHGFX 4.24.2
2025-02-24 14:52:28,718 [INFO] ThirdParty:1030 - CMSIS Pack Vendor :STMicroelectronics X-CUBE-TOUCHGFX 4.24.1
2025-02-24 14:52:28,718 [INFO] ThirdParty:1030 - CMSIS Pack Vendor :wolfSSL I-CUBE-wolfTPM 3.4.0
2025-02-24 14:52:28,718 [INFO] ThirdParty:1030 - CMSIS Pack Vendor :portGmbH I-Cube-SoM-uGOAL 1.1.0
2025-02-24 14:52:28,718 [INFO] ThirdParty:1030 - CMSIS Pack Vendor :STMicroelectronics X-CUBE-BLEMGR 3.1.0
2025-02-24 14:52:28,718 [INFO] ThirdParty:1030 - CMSIS Pack Vendor :STMicroelectronics X-CUBE-AI 10.0.0
2025-02-24 14:52:28,718 [INFO] ThirdParty:1030 - CMSIS Pack Vendor :STMicroelectronics ThreadX 1.0.0
2025-02-24 14:52:28,719 [INFO] ThirdParty:1030 - CMSIS Pack Vendor :STMicroelectronics FP-SNS-SMARTAG2 1.2.0
2025-02-24 14:52:28,719 [INFO] ThirdParty:1030 - CMSIS Pack Vendor :STMicroelectronics X-CUBE-MEMS1 11.1.0
2025-02-24 14:52:28,719 [INFO] ThirdParty:1030 - CMSIS Pack Vendor :STMicroelectronics X-CUBE-AZRTOS-WL 2.0.0
2025-02-24 14:52:28,719 [INFO] ThirdParty:1030 - CMSIS Pack Vendor :SEGGER I-CUBE-embOS 1.3.1
2025-02-24 14:52:28,719 [INFO] ThirdParty:1030 - CMSIS Pack Vendor :STMicroelectronics X-CUBE-ALGOBUILD 1.4.0
2025-02-24 14:52:28,719 [INFO] ThirdParty:1030 - CMSIS Pack Vendor :STMicroelectronics FP-SNS-MOTENV1 5.0.0
2025-02-24 14:52:28,719 [INFO] ThirdParty:1030 - CMSIS Pack Vendor :STMicroelectronics USB_DEVICE 1.0.0
2025-02-24 14:52:28,719 [INFO] ThirdParty:1030 - CMSIS Pack Vendor :STMicroelectronics X-CUBE-AZRTOS-H7RS 1.0.0
2025-02-24 14:52:28,719 [INFO] ThirdParty:1030 - CMSIS Pack Vendor :wolfSSL I-CUBE-wolfMQTT 1.19.0
2025-02-24 14:52:28,719 [INFO] ThirdParty:1030 - CMSIS Pack Vendor :STMicroelectronics X-CUBE-AZRTOS-L4 2.0.0
2025-02-24 14:52:28,719 [INFO] ThirdParty:1030 - CMSIS Pack Vendor :STMicroelectronics ThreadX 0.0.2
2025-02-24 14:52:28,719 [INFO] ThirdParty:1030 - CMSIS Pack Vendor :WES I-CUBE-Cesium 1.3.0
2025-02-24 14:52:28,719 [INFO] ThirdParty:1030 - CMSIS Pack Vendor :STMicroelectronics FP-ATR-ASTRA1 2.0.0
2025-02-24 14:52:28,719 [INFO] ThirdParty:1030 - CMSIS Pack Vendor :STMicroelectronics lwIP 2.1.2
2025-02-24 14:52:28,719 [INFO] ThirdParty:1030 - CMSIS Pack Vendor :STMicroelectronics X-CUBE-SFXS2LP1 4.0.0
2025-02-24 14:52:28,720 [INFO] ThirdParty:1030 - CMSIS Pack Vendor :STMicroelectronics X-CUBE-BLE2 3.3.0
2025-02-24 14:52:28,720 [INFO] ThirdParty:1030 - CMSIS Pack Vendor :STMicroelectronics X-CUBE-TOF1 3.4.2
2025-02-24 14:52:28,720 [INFO] ThirdParty:1030 - CMSIS Pack Vendor :STMicroelectronics X-CUBE-AI 9.1.0
2025-02-24 14:52:28,720 [INFO] ThirdParty:1030 - CMSIS Pack Vendor :Infineon AIROC-Wi-Fi-Bluetooth-STM32 1.6.1
2025-02-24 14:52:28,720 [INFO] ThirdParty:1030 - CMSIS Pack Vendor :STMicroelectronics PDM2PCM 3.2.0
2025-02-24 14:52:28,720 [INFO] ThirdParty:1030 - CMSIS Pack Vendor :wolfSSL I-CUBE-wolfSSH 1.4.17
2025-02-24 14:52:28,720 [INFO] ThirdParty:841 - exiting critical section [change project]
2025-02-24 14:52:29,206 [INFO] PinOutPanel:1589 - setPackage(No Configuration,No Configuration)
2025-02-24 14:52:29,207 [INFO] PinOutPanel:1589 - setPackage(STM32L4R5ZITx,LQFP144)
2025-02-24 14:52:29,990 [INFO] UtilMem:75 - Before build in PCC Used Memory: 451411968 Bytes (867172352)
2025-02-24 14:52:30,939 [INFO] UtilMem:75 - After build in PCC Used Memory: 594672576 Bytes (867172352)
2025-02-24 14:52:30,973 [INFO] IPUIPlugin:80 - create IPUIPlugin
2025-02-24 14:52:30,973 [INFO] IPUIPlugin:80 - create IPUIPlugin
2025-02-24 14:52:30,973 [INFO] IPUIPlugin:80 - create IPUIPlugin
2025-02-24 14:52:30,973 [INFO] IPUIPlugin:80 - create IPUIPlugin
2025-02-24 14:52:30,973 [INFO] IPUIPlugin:80 - create IPUIPlugin
2025-02-24 14:52:30,974 [INFO] IPUIPlugin:80 - create IPUIPlugin
2025-02-24 14:52:30,974 [INFO] IPUIPlugin:80 - create IPUIPlugin
2025-02-24 14:52:30,974 [INFO] IPUIPlugin:80 - create IPUIPlugin
2025-02-24 14:52:30,974 [INFO] IPUIPlugin:80 - create IPUIPlugin
2025-02-24 14:52:30,974 [INFO] IPUIPlugin:80 - create IPUIPlugin
2025-02-24 14:52:30,974 [INFO] IPUIPlugin:80 - create IPUIPlugin
2025-02-24 14:52:30,974 [INFO] IPUIPlugin:80 - create IPUIPlugin
2025-02-24 14:52:30,974 [INFO] IPUIPlugin:80 - create IPUIPlugin
2025-02-24 14:52:30,974 [INFO] IPUIPlugin:80 - create IPUIPlugin
2025-02-24 14:52:30,974 [INFO] IPUIPlugin:80 - create IPUIPlugin
2025-02-24 14:52:30,975 [INFO] IPUIPlugin:80 - create IPUIPlugin
2025-02-24 14:52:30,975 [INFO] IPUIPlugin:80 - create IPUIPlugin
2025-02-24 14:52:30,975 [INFO] IPUIPlugin:80 - create IPUIPlugin
2025-02-24 14:52:30,975 [INFO] IPUIPlugin:80 - create IPUIPlugin
2025-02-24 14:52:30,975 [INFO] IPUIPlugin:80 - create IPUIPlugin
2025-02-24 14:52:30,975 [INFO] IPUIPlugin:80 - create IPUIPlugin
2025-02-24 14:52:30,975 [INFO] IPUIPlugin:80 - create IPUIPlugin
2025-02-24 14:52:30,976 [INFO] IPUIPlugin:80 - create IPUIPlugin
2025-02-24 14:52:30,976 [INFO] IPUIPlugin:80 - create IPUIPlugin
2025-02-24 14:52:30,976 [INFO] IPUIPlugin:80 - create IPUIPlugin
2025-02-24 14:52:30,976 [INFO] IPUIPlugin:80 - create IPUIPlugin
2025-02-24 14:52:30,976 [INFO] IPUIPlugin:80 - create IPUIPlugin
2025-02-24 14:52:30,977 [INFO] IPUIPlugin:80 - create IPUIPlugin
2025-02-24 14:52:30,977 [INFO] IPUIPlugin:80 - create IPUIPlugin
2025-02-24 14:52:30,977 [INFO] IPUIPlugin:80 - create IPUIPlugin
2025-02-24 14:52:30,977 [INFO] IPUIPlugin:80 - create IPUIPlugin
2025-02-24 14:52:30,977 [INFO] IPUIPlugin:80 - create IPUIPlugin
2025-02-24 14:52:30,978 [INFO] IPUIPlugin:80 - create IPUIPlugin
2025-02-24 14:52:30,978 [INFO] IPUIPlugin:80 - create IPUIPlugin
2025-02-24 14:52:30,978 [INFO] IPUIPlugin:80 - create IPUIPlugin
2025-02-24 14:52:30,978 [INFO] IPUIPlugin:80 - create IPUIPlugin
2025-02-24 14:52:30,979 [INFO] IPUIPlugin:80 - create IPUIPlugin
2025-02-24 14:52:30,979 [INFO] IPUIPlugin:80 - create IPUIPlugin
2025-02-24 14:52:30,979 [INFO] IPUIPlugin:80 - create IPUIPlugin
2025-02-24 14:52:30,979 [INFO] IPUIPlugin:80 - create IPUIPlugin
2025-02-24 14:52:30,980 [INFO] IPUIPlugin:80 - create IPUIPlugin
2025-02-24 14:52:30,980 [INFO] IPUIPlugin:80 - create IPUIPlugin
2025-02-24 14:52:30,980 [INFO] IPUIPlugin:80 - create IPUIPlugin
2025-02-24 14:52:30,980 [INFO] IPUIPlugin:80 - create IPUIPlugin
2025-02-24 14:52:30,980 [INFO] IPUIPlugin:80 - create IPUIPlugin
2025-02-24 14:52:30,981 [INFO] IPUIPlugin:80 - create IPUIPlugin
2025-02-24 14:52:30,981 [INFO] IPUIPlugin:80 - create IPUIPlugin
2025-02-24 14:52:30,981 [INFO] IPUIPlugin:80 - create IPUIPlugin
2025-02-24 14:52:30,981 [INFO] IPUIPlugin:80 - create IPUIPlugin
2025-02-24 14:52:30,981 [INFO] IPUIPlugin:80 - create IPUIPlugin
2025-02-24 14:52:30,982 [INFO] IPUIPlugin:80 - create IPUIPlugin
2025-02-24 14:52:30,982 [INFO] IPUIPlugin:80 - create IPUIPlugin
2025-02-24 14:52:30,982 [INFO] IPUIPlugin:80 - create IPUIPlugin
2025-02-24 14:52:30,982 [INFO] IPUIPlugin:80 - create IPUIPlugin
2025-02-24 14:52:30,983 [INFO] IPUIPlugin:80 - create IPUIPlugin
2025-02-24 14:52:30,983 [INFO] IPUIPlugin:80 - create IPUIPlugin
2025-02-24 14:52:30,983 [INFO] IPUIPlugin:80 - create IPUIPlugin
2025-02-24 14:52:30,983 [INFO] IPUIPlugin:80 - create IPUIPlugin
2025-02-24 14:52:30,984 [INFO] IPUIPlugin:80 - create IPUIPlugin
2025-02-24 14:52:30,984 [INFO] IPUIPlugin:80 - create IPUIPlugin
2025-02-24 14:52:30,984 [INFO] IPUIPlugin:80 - create IPUIPlugin
2025-02-24 14:52:31,248 [INFO] CADModel:165 - CPN selected for project levelSTM32L4R5ZIT6
2025-02-24 14:52:31,248 [INFO] CADModel:114 - Register for checkConnection events
2025-02-24 14:52:31,301 [INFO] OpenFileManager:363 - Restore cursor
2025-02-24 14:59:02,332 [INFO] WebApp:190 - Connection lost
2025-02-24 14:59:02,574 [INFO] WebApp:187 - Connection restablished
2025-02-24 15:23:31,185 [INFO] WebApp:190 - Connection lost
2025-02-24 15:23:35,702 [INFO] WebApp:187 - Connection restablished
2025-02-24 15:23:39,302 [INFO] WebApp:190 - Connection lost
2025-02-24 15:23:39,801 [INFO] WebApp:187 - Connection restablished
2025-02-24 15:35:39,242 [INFO] WebApp:190 - Connection lost
2025-02-24 15:35:46,769 [ERROR] LogOutputStream:75 - [STDERR_REDIRECT] 15:35:46.763 ERROR Chromium process exit code: -2,147,483,645
2025-02-24 15:35:46,770 [ERROR] LogOutputStream:75 - [STDERR_REDIRECT] 
2025-02-24 15:35:46,774 [ERROR] LogOutputStream:75 - [STDERR_REDIRECT] 15:35:46.770 ERROR Crash dump dir: C:\Users\baron\AppData\Local\JxBrowser\7.39.2\CrashReports
2025-02-24 15:35:46,774 [ERROR] LogOutputStream:75 - [STDERR_REDIRECT] 
2025-02-24 15:35:46,780 [ERROR] WebApp:398 - JxBrowser engine crashed! Exit code: -2147483645
2025-02-24 15:44:12,942 [ERROR] LogOutputStream:75 - [STDERR_REDIRECT] 
2025-02-24 15:58:38,140 [INFO] Activator:176 - 


2025-02-24 15:58:38,146 [INFO] Activator:177 - !SESSION log4j initialized
2025-02-24 15:58:45,102 [INFO] LogOutputStream:77 - [STDOUT_REDIRECT] 
2025-02-24 15:58:46,631 [INFO] ApplicationProperties:184 - Using Application install path: C:\ST\STM32CubeIDE_1.16.1\STM32CubeIDE\plugins\com.st.stm32cube.common.mx_6.13.0.202411220809
2025-02-24 15:58:46,659 [INFO] DbMcusXml:78 - Set database path to: C:\ST\STM32CubeIDE_1.16.1\STM32CubeIDE\plugins\com.st.stm32cube.common.mx_6.13.0.202411220809\\db\/mcu/
2025-02-24 15:58:46,659 [INFO] ApiDb:274 - Set plugin database path to: C:\ST\STM32CubeIDE_1.16.1\STM32CubeIDE\plugins\com.st.stm32cube.common.mx_6.13.0.202411220809\\db\/plugins/boardmanager/
2025-02-24 15:58:46,660 [WARN] ApiDb:259 - Overriding images path with different value:  => C:\ST\STM32CubeIDE_1.16.1\STM32CubeIDE\plugins\com.st.stm32cube.common.mx_6.13.0.202411220809\\db\/plugins/mcufinder/images/
2025-02-24 15:58:46,674 [INFO] ApiDb:250 - Set database path to: C:\Users\baron\.stmcufinder\plugins\mcufinder//mcu/
2025-02-24 15:58:46,676 [INFO] DbMcusAds:125 - Set database path to: C:\Users\baron\.stmcufinder\plugins\mcufinder//mcu/
2025-02-24 15:58:46,680 [INFO] CrossReferenceDbSqlite:203 - Set database path to: C:\Users\baron\.stmcufinder\plugins\mcufinder//mcu/cs/
2025-02-24 15:58:46,849 [INFO] RulesReader:64 - Compatibility file has been processed (297 Rules)
2025-02-24 15:58:47,020 [INFO] DbMcusXml:78 - Set database path to: C:\ST\STM32CubeIDE_1.16.1\STM32CubeIDE\plugins\com.st.stm32cube.common.mx_6.13.0.202411220809\\db\/mcu/
2025-02-24 15:58:47,020 [INFO] ApiDb:274 - Set plugin database path to: C:\ST\STM32CubeIDE_1.16.1\STM32CubeIDE\plugins\com.st.stm32cube.common.mx_6.13.0.202411220809\\db\/plugins/boardmanager/
2025-02-24 15:58:47,021 [INFO] ApiDb:261 - Set plugin images path to: C:\ST\STM32CubeIDE_1.16.1\STM32CubeIDE\plugins\com.st.stm32cube.common.mx_6.13.0.202411220809\\db\/plugins/mcufinder/images/
2025-02-24 15:58:47,021 [WARN] DbFile:41 - Overriding database path with different value: C:\Users\baron\.stmcufinder\plugins\mcufinder/ => C:\Users\baron\.stmcufinder\plugins\mcufinder
2025-02-24 15:58:47,021 [INFO] ApiDb:250 - Set database path to: C:\Users\baron\.stmcufinder\plugins\mcufinder//mcu/
2025-02-24 15:58:47,021 [WARN] DbFile:41 - Overriding database path with different value: C:\Users\baron\.stmcufinder\plugins\mcufinder/ => C:\Users\baron\.stmcufinder\plugins\mcufinder
2025-02-24 15:58:47,021 [INFO] DbMcusAds:125 - Set database path to: C:\Users\baron\.stmcufinder\plugins\mcufinder//mcu/
2025-02-24 15:58:47,021 [WARN] DbFile:41 - Overriding database path with different value: C:\Users\baron\.stmcufinder\plugins\mcufinder/ => C:\Users\baron\.stmcufinder\plugins\mcufinder
2025-02-24 15:58:47,022 [WARN] DbFile:41 - Overriding database path with different value: C:\Users\baron\.stmcufinder\plugins\mcufinder/ => C:\Users\baron\.stmcufinder\plugins\mcufinder
2025-02-24 15:58:47,022 [INFO] CrossReferenceDbSqlite:203 - Set database path to: C:\Users\baron\.stmcufinder\plugins\mcufinder//mcu/cs/
2025-02-24 15:58:47,151 [INFO] MainPanel:272 - HeapMemory: 268435456
2025-02-24 15:58:47,330 [INFO] DbMcusXml:78 - Set database path to: C:\ST\STM32CubeIDE_1.16.1\STM32CubeIDE\plugins\com.st.stm32cube.common.mx_6.13.0.202411220809\\db\/mcu/
2025-02-24 15:58:47,330 [INFO] ApiDb:274 - Set plugin database path to: C:\ST\STM32CubeIDE_1.16.1\STM32CubeIDE\plugins\com.st.stm32cube.common.mx_6.13.0.202411220809\\db\/plugins/boardmanager/
2025-02-24 15:58:47,330 [INFO] ApiDb:261 - Set plugin images path to: C:\ST\STM32CubeIDE_1.16.1\STM32CubeIDE\plugins\com.st.stm32cube.common.mx_6.13.0.202411220809\\db\/plugins/mcufinder/images/
2025-02-24 15:58:47,331 [WARN] DbFile:41 - Overriding database path with different value: C:\Users\baron\.stmcufinder\plugins\mcufinder/ => C:\Users\baron\.stmcufinder\plugins\mcufinder
2025-02-24 15:58:47,332 [INFO] ApiDb:250 - Set database path to: C:\Users\baron\.stmcufinder\plugins\mcufinder//mcu/
2025-02-24 15:58:47,332 [WARN] DbFile:41 - Overriding database path with different value: C:\Users\baron\.stmcufinder\plugins\mcufinder/ => C:\Users\baron\.stmcufinder\plugins\mcufinder
2025-02-24 15:58:47,332 [INFO] DbMcusAds:125 - Set database path to: C:\Users\baron\.stmcufinder\plugins\mcufinder//mcu/
2025-02-24 15:58:47,332 [WARN] DbFile:41 - Overriding database path with different value: C:\Users\baron\.stmcufinder\plugins\mcufinder/ => C:\Users\baron\.stmcufinder\plugins\mcufinder
2025-02-24 15:58:47,332 [WARN] DbFile:41 - Overriding database path with different value: C:\Users\baron\.stmcufinder\plugins\mcufinder/ => C:\Users\baron\.stmcufinder\plugins\mcufinder
2025-02-24 15:58:47,333 [INFO] CrossReferenceDbSqlite:203 - Set database path to: C:\Users\baron\.stmcufinder\plugins\mcufinder//mcu/cs/
2025-02-24 15:58:47,367 [INFO] ApplicationProperties:184 - Using Application install path: C:\ST\STM32CubeIDE_1.16.1\STM32CubeIDE\plugins\com.st.stm32cube.common.mx_6.13.0.202411220809
2025-02-24 15:58:47,369 [INFO] PluginManage:196 - Search for loadable plugins [exclusion list=, ]
2025-02-24 15:58:47,372 [INFO] PluginManage:310 - Check plugin analytics
2025-02-24 15:58:47,599 [INFO] AnalyticsPlugin:253 - Accepted Software Licenses: 
2025-02-24 15:58:47,599 [INFO] AnalyticsPlugin:255 - Accepted CMSIS Pack Licenses: 
2025-02-24 15:58:47,599 [INFO] AnalyticsPlugin:257 - Accepted Firmware Licenses: FW.L4.1.18.0
2025-02-24 15:58:47,604 [INFO] PluginManage:359 - Loaded plugin analytics (category:tool,tabindex:-1)
2025-02-24 15:58:47,604 [INFO] PluginManage:310 - Check plugin cadmodel
2025-02-24 15:58:47,614 [INFO] CADModel:105 - Init CAD model plugin
2025-02-24 15:58:47,614 [INFO] PluginManage:359 - Loaded plugin cadmodel (category:power,tabindex:5)
2025-02-24 15:58:47,614 [INFO] PluginManage:310 - Check plugin clock
2025-02-24 15:58:47,627 [INFO] PluginManage:359 - Loaded plugin clock (category:base,tabindex:2)
2025-02-24 15:58:47,627 [INFO] PluginManage:310 - Check plugin ddr
2025-02-24 15:58:47,630 [INFO] PluginManage:359 - Loaded plugin ddr (category:tool,tabindex:6)
2025-02-24 15:58:47,630 [INFO] PluginManage:310 - Check plugin filemanager
2025-02-24 15:58:47,873 [INFO] PluginManage:359 - Loaded plugin filemanager (category:base,tabindex:10)
2025-02-24 15:58:47,874 [INFO] PluginManage:310 - Check plugin ipmanager
2025-02-24 15:58:47,892 [INFO] PluginManage:359 - Loaded plugin ipmanager (category:base,tabindex:5)
2025-02-24 15:58:47,892 [INFO] PluginManage:310 - Check plugin lpbam
2025-02-24 15:58:47,905 [INFO] PluginManage:359 - Loaded plugin lpbam (category:base,tabindex:0)
2025-02-24 15:58:47,906 [INFO] PluginManage:310 - Check plugin memorymap
2025-02-24 15:58:47,929 [INFO] PluginManage:359 - Loaded plugin memorymap (category:base,tabindex:4)
2025-02-24 15:58:47,929 [INFO] PluginManage:310 - Check plugin pinoutandconfiguration
2025-02-24 15:58:47,942 [INFO] PluginManage:359 - Loaded plugin pinoutandconfiguration (category:base,tabindex:1)
2025-02-24 15:58:47,942 [INFO] PluginManage:310 - Check plugin pinoutconfig
2025-02-24 15:58:48,034 [WARN] SupportedApi:132 - Cannot load RTOS API schema: s4s-elt-must-match.1: The content of 'definitions' must match (annotation?, (simpleType | complexType)?, (unique | key | keyref)*)). A problem was found starting at: attribute.
2025-02-24 15:58:48,185 [INFO] PluginManage:359 - Loaded plugin pinoutconfig (category:base,tabindex:0)
2025-02-24 15:58:48,185 [INFO] PluginManage:310 - Check plugin power
2025-02-24 15:58:48,201 [INFO] PluginManage:359 - Loaded plugin power (category:power,tabindex:4)
2025-02-24 15:58:48,201 [INFO] PluginManage:310 - Check plugin projectmanager
2025-02-24 15:58:48,224 [INFO] PluginManage:359 - Loaded plugin projectmanager (category:projectmanager,tabindex:4)
2025-02-24 15:58:48,225 [INFO] PluginManage:310 - Check plugin rif
2025-02-24 15:58:48,238 [INFO] PluginManage:359 - Loaded plugin rif (category:base,tabindex:3)
2025-02-24 15:58:48,238 [INFO] PluginManage:310 - Check plugin thirdparty
2025-02-24 15:58:48,466 [WARN] IntegrityCheckThread:84 - waiting for thirdparty lock release [integrity check]
2025-02-24 15:58:48,466 [INFO] PluginManage:359 - Loaded plugin thirdparty (category:base,tabindex:-1)
2025-02-24 15:58:48,467 [INFO] PluginManage:310 - Check plugin tools
2025-02-24 15:58:48,467 [INFO] IntegrityCheckThread:86 - entering critical section [integrity check]
2025-02-24 15:58:48,467 [INFO] ThirdPartyUpdaterWithRetryManager:70 - Updater plugin not ready yet. [1/15]
2025-02-24 15:58:48,472 [INFO] PluginManage:359 - Loaded plugin tools (category:base,tabindex:7)
2025-02-24 15:58:48,472 [INFO] PluginManage:310 - Check plugin tutovideos
2025-02-24 15:58:48,709 [INFO] PluginManage:359 - Loaded plugin tutovideos (category:base,tabindex:-1)
2025-02-24 15:58:48,709 [INFO] PluginManage:310 - Check plugin updater
2025-02-24 15:58:48,737 [INFO] PluginManage:359 - Loaded plugin updater (category:base,tabindex:12)
2025-02-24 15:58:48,737 [INFO] PluginManage:310 - Check plugin userauth
2025-02-24 15:58:48,745 [INFO] UserAuth:118 - Init User Auth plugin
2025-02-24 15:58:48,746 [INFO] PluginManage:359 - Loaded plugin userauth (category:base,tabindex:14)
2025-02-24 15:58:48,747 [INFO] PluginManage:283 - PluginManage : Loaded plugins [18]
2025-02-24 15:58:49,019 [INFO] PinOutPanel:1589 - setPackage(No Configuration,No Configuration)
2025-02-24 15:58:49,131 [INFO] CADModel:165 - CPN selected for project level
2025-02-24 15:58:49,132 [INFO] CADModel:114 - Register for checkConnection events
2025-02-24 15:58:49,154 [INFO] IPUIPlugin:80 - create IPUIPlugin
2025-02-24 15:58:49,154 [INFO] PluginManager:220 - loadIPPluginJar : add adc
2025-02-24 15:58:49,157 [INFO] IPUIPlugin:80 - create IPUIPlugin
2025-02-24 15:58:49,158 [INFO] PluginManager:220 - loadIPPluginJar : add aes
2025-02-24 15:58:49,161 [INFO] IPUIPlugin:80 - create IPUIPlugin
2025-02-24 15:58:49,161 [INFO] PluginManager:220 - loadIPPluginJar : add can
2025-02-24 15:58:49,163 [INFO] IPUIPlugin:80 - create IPUIPlugin
2025-02-24 15:58:49,164 [INFO] PluginManager:220 - loadIPPluginJar : add comp
2025-02-24 15:58:49,168 [INFO] IPUIPlugin:80 - create IPUIPlugin
2025-02-24 15:58:49,168 [INFO] PluginManager:220 - loadIPPluginJar : add cryp
2025-02-24 15:58:49,172 [INFO] IPUIPlugin:80 - create IPUIPlugin
2025-02-24 15:58:49,172 [INFO] PluginManager:220 - loadIPPluginJar : add ddr_ctrl_phy
2025-02-24 15:58:49,176 [INFO] IPUIPlugin:80 - create IPUIPlugin
2025-02-24 15:58:49,177 [INFO] PluginManager:220 - loadIPPluginJar : add dfsdm
2025-02-24 15:58:49,183 [INFO] IPUIPlugin:80 - create IPUIPlugin
2025-02-24 15:58:49,184 [INFO] PluginManager:220 - loadIPPluginJar : add dma
2025-02-24 15:58:49,188 [INFO] IPUIPlugin:80 - create IPUIPlugin
2025-02-24 15:58:49,188 [INFO] PluginManager:220 - loadIPPluginJar : add dma3
2025-02-24 15:58:49,193 [INFO] IPUIPlugin:80 - create IPUIPlugin
2025-02-24 15:58:49,193 [INFO] PluginManager:220 - loadIPPluginJar : add extmemmanager
2025-02-24 15:58:49,195 [INFO] IPUIPlugin:80 - create IPUIPlugin
2025-02-24 15:58:49,195 [INFO] PluginManager:220 - loadIPPluginJar : add fatfs
2025-02-24 15:58:49,201 [INFO] IPUIPlugin:80 - create IPUIPlugin
2025-02-24 15:58:49,201 [INFO] PluginManager:220 - loadIPPluginJar : add fmc
2025-02-24 15:58:49,208 [INFO] IPUIPlugin:80 - create IPUIPlugin
2025-02-24 15:58:49,209 [INFO] PluginManager:220 - loadIPPluginJar : add freertos
2025-02-24 15:58:49,211 [INFO] IPUIPlugin:80 - create IPUIPlugin
2025-02-24 15:58:49,211 [INFO] PluginManager:220 - loadIPPluginJar : add genericplugin
2025-02-24 15:58:49,214 [INFO] IPUIPlugin:80 - create IPUIPlugin
2025-02-24 15:58:49,214 [INFO] PluginManager:220 - loadIPPluginJar : add gfxmmu
2025-02-24 15:58:49,220 [INFO] IPUIPlugin:80 - create IPUIPlugin
2025-02-24 15:58:49,220 [INFO] PluginManager:220 - loadIPPluginJar : add gic
2025-02-24 15:58:49,225 [INFO] IPUIPlugin:80 - create IPUIPlugin
2025-02-24 15:58:49,226 [INFO] PluginManager:220 - loadIPPluginJar : add gpio
2025-02-24 15:58:49,229 [INFO] IPUIPlugin:80 - create IPUIPlugin
2025-02-24 15:58:49,230 [INFO] PluginManager:220 - loadIPPluginJar : add gtzc
2025-02-24 15:58:49,234 [INFO] IPUIPlugin:80 - create IPUIPlugin
2025-02-24 15:58:49,234 [INFO] PluginManager:220 - loadIPPluginJar : add hash
2025-02-24 15:58:49,238 [INFO] IPUIPlugin:80 - create IPUIPlugin
2025-02-24 15:58:49,238 [INFO] PluginManager:220 - loadIPPluginJar : add i2c
2025-02-24 15:58:49,242 [INFO] IPUIPlugin:80 - create IPUIPlugin
2025-02-24 15:58:49,242 [INFO] PluginManager:220 - loadIPPluginJar : add i2s
2025-02-24 15:58:49,246 [INFO] IPUIPlugin:80 - create IPUIPlugin
2025-02-24 15:58:49,247 [INFO] PluginManager:220 - loadIPPluginJar : add i3c
2025-02-24 15:58:49,251 [INFO] IPUIPlugin:80 - create IPUIPlugin
2025-02-24 15:58:49,252 [INFO] PluginManager:220 - loadIPPluginJar : add ipddr
2025-02-24 15:58:49,260 [INFO] IPUIPlugin:80 - create IPUIPlugin
2025-02-24 15:58:49,260 [INFO] PluginManager:220 - loadIPPluginJar : add linkedlist
2025-02-24 15:58:49,264 [INFO] IPUIPlugin:80 - create IPUIPlugin
2025-02-24 15:58:49,264 [INFO] PluginManager:220 - loadIPPluginJar : add lorawan
2025-02-24 15:58:49,266 [INFO] IPUIPlugin:80 - create IPUIPlugin
2025-02-24 15:58:49,267 [INFO] PluginManager:220 - loadIPPluginJar : add ltdc
2025-02-24 15:58:49,276 [INFO] IPUIPlugin:80 - create IPUIPlugin
2025-02-24 15:58:49,276 [INFO] PluginManager:220 - loadIPPluginJar : add mdma
2025-02-24 15:58:49,281 [INFO] IPUIPlugin:80 - create IPUIPlugin
2025-02-24 15:58:49,281 [INFO] PluginManager:220 - loadIPPluginJar : add nvic
2025-02-24 15:58:49,286 [INFO] IPUIPlugin:80 - create IPUIPlugin
2025-02-24 15:58:49,286 [INFO] PluginManager:220 - loadIPPluginJar : add opamp
2025-02-24 15:58:49,290 [INFO] IPUIPlugin:80 - create IPUIPlugin
2025-02-24 15:58:49,291 [INFO] PluginManager:220 - loadIPPluginJar : add openamp
2025-02-24 15:58:49,296 [INFO] IPUIPlugin:80 - create IPUIPlugin
2025-02-24 15:58:49,296 [INFO] PluginManager:220 - loadIPPluginJar : add pdm2pcm
2025-02-24 15:58:49,304 [INFO] IPUIPlugin:80 - create IPUIPlugin
2025-02-24 15:58:49,307 [INFO] PluginManager:220 - loadIPPluginJar : add plateformsettings
2025-02-24 15:58:49,310 [INFO] IPUIPlugin:80 - create IPUIPlugin
2025-02-24 15:58:49,310 [INFO] PluginManager:220 - loadIPPluginJar : add quadspi
2025-02-24 15:58:49,313 [INFO] IPUIPlugin:80 - create IPUIPlugin
2025-02-24 15:58:49,314 [INFO] PluginManager:220 - loadIPPluginJar : add radio
2025-02-24 15:58:49,320 [INFO] IPUIPlugin:80 - create IPUIPlugin
2025-02-24 15:58:49,320 [INFO] PluginManager:220 - loadIPPluginJar : add resmgrutility
2025-02-24 15:58:49,325 [INFO] IPUIPlugin:80 - create IPUIPlugin
2025-02-24 15:58:49,325 [INFO] PluginManager:220 - loadIPPluginJar : add sai
2025-02-24 15:58:49,328 [INFO] IPUIPlugin:80 - create IPUIPlugin
2025-02-24 15:58:49,328 [INFO] PluginManager:220 - loadIPPluginJar : add spi
2025-02-24 15:58:49,337 [INFO] IPUIPlugin:80 - create IPUIPlugin
2025-02-24 15:58:49,337 [INFO] PluginManager:220 - loadIPPluginJar : add stm32_wpan
2025-02-24 15:58:49,340 [INFO] IPUIPlugin:80 - create IPUIPlugin
2025-02-24 15:58:49,340 [INFO] PluginManager:220 - loadIPPluginJar : add tim
2025-02-24 15:58:49,345 [INFO] IPUIPlugin:80 - create IPUIPlugin
2025-02-24 15:58:49,346 [INFO] PluginManager:220 - loadIPPluginJar : add touchsensing
2025-02-24 15:58:49,349 [INFO] IPUIPlugin:80 - create IPUIPlugin
2025-02-24 15:58:49,349 [INFO] PluginManager:220 - loadIPPluginJar : add tracer_emb
2025-02-24 15:58:49,352 [INFO] IPUIPlugin:80 - create IPUIPlugin
2025-02-24 15:58:49,352 [INFO] PluginManager:220 - loadIPPluginJar : add ts
2025-02-24 15:58:49,355 [INFO] IPUIPlugin:80 - create IPUIPlugin
2025-02-24 15:58:49,355 [INFO] PluginManager:220 - loadIPPluginJar : add tsc
2025-02-24 15:58:49,358 [INFO] IPUIPlugin:80 - create IPUIPlugin
2025-02-24 15:58:49,358 [INFO] PluginManager:220 - loadIPPluginJar : add ucpd
2025-02-24 15:58:49,365 [INFO] IPUIPlugin:80 - create IPUIPlugin
2025-02-24 15:58:49,365 [INFO] PluginManager:220 - loadIPPluginJar : add usart
2025-02-24 15:58:49,369 [INFO] IPUIPlugin:80 - create IPUIPlugin
2025-02-24 15:58:49,369 [INFO] PluginManager:220 - loadIPPluginJar : add usbx
2025-02-24 15:58:49,520 [FATAL] Updater:351 - Updater called before beeing initialized
2025-02-24 15:58:49,562 [INFO] RulesReader:64 - Compatibility file has been processed (297 Rules)
2025-02-24 15:58:49,576 [INFO] RulesReader:64 - Compatibility file has been processed (297 Rules)
2025-02-24 15:58:49,590 [INFO] CADModel:165 - CPN selected for project level
2025-02-24 15:58:49,590 [INFO] CADModel:114 - Register for checkConnection events
2025-02-24 15:58:49,590 [FATAL] Updater:351 - Updater called before beeing initialized
2025-02-24 15:58:49,590 [ERROR] CADModel:125 - Updater not yet initialized, retry later 
2025-02-24 15:58:49,781 [FATAL] Updater:351 - Updater called before beeing initialized
2025-02-24 15:58:49,784 [INFO] CADModel:165 - CPN selected for project level
2025-02-24 15:58:49,784 [INFO] CADModel:114 - Register for checkConnection events
2025-02-24 15:58:49,784 [FATAL] Updater:351 - Updater called before beeing initialized
2025-02-24 15:58:49,784 [ERROR] CADModel:125 - Updater not yet initialized, retry later 
2025-02-24 15:58:49,788 [FATAL] Updater:351 - Updater called before beeing initialized
2025-02-24 15:58:49,914 [FATAL] Updater:351 - Updater called before beeing initialized
2025-02-24 15:58:49,919 [INFO] DbMcusAds:53 - JSON generation date=Tue Dec 17 17:01:15 CET 2024 (1734451275111)
2025-02-24 15:58:49,919 [FATAL] Updater:351 - Updater called before beeing initialized
2025-02-24 15:58:49,968 [WARN] DetailPanel:346 - Failed to get advertising image, set to default
2025-02-24 15:58:50,208 [FATAL] Updater:351 - Updater called before beeing initialized
2025-02-24 15:58:50,211 [FATAL] Updater:351 - Updater called before beeing initialized
2025-02-24 15:58:50,211 [FATAL] Updater:351 - Updater called before beeing initialized
2025-02-24 15:58:50,211 [WARN] DetailPanel:346 - Failed to get advertising image, set to default
2025-02-24 15:58:50,212 [FATAL] Updater:351 - Updater called before beeing initialized
2025-02-24 15:58:50,261 [ERROR] Updater:1198 - MainUpdater not yet initialized. External WinMGr cannot be set.
2025-02-24 15:58:50,263 [INFO] Updater:1134 - Updater Version found : 6.13.0
2025-02-24 15:58:50,285 [INFO] ApplicationProperties:184 - Using Application install path: C:\ST\STM32CubeIDE_1.16.1\STM32CubeIDE\plugins\com.st.stm32cube.common.mx_6.13.0.202411220809
2025-02-24 15:58:51,469 [INFO] ThirdPartyUpdaterWithRetryManager:70 - Updater plugin not ready yet. [2/15]
2025-02-24 15:58:51,877 [ERROR] LogOutputStream:75 - [STDERR_REDIRECT] Feb 24, 2025 3:58:51 PM java.util.prefs.WindowsPreferences <init>
2025-02-24 15:58:51,880 [ERROR] LogOutputStream:75 - [STDERR_REDIRECT] WARNING: Could not open/create prefs root node Software\JavaSoft\Prefs at root 0xffffffff80000002. Windows RegCreateKeyEx(...) returned error code 5.
2025-02-24 15:58:51,880 [ERROR] LogOutputStream:75 - [STDERR_REDIRECT] 
2025-02-24 15:58:52,324 [INFO] MainUpdater:2872 - connection check result : 10
2025-02-24 15:58:52,327 [INFO] MainUpdater:289 - Updater Check For Update Now.
2025-02-24 15:58:52,327 [INFO] MicroXplorer:498 - Change Database Version : DB.6.0.130
2025-02-24 15:58:52,341 [INFO] McuFinderGlobals:63 - Set McuFinder mode to 2 (CubeIDE integrated)
2025-02-24 15:58:52,342 [INFO] UserAuth:171 - activating auth plugin
2025-02-24 15:58:52,346 [INFO] UserAuth:486 - Internet connection configuration mode: 1
2025-02-24 15:58:52,378 [INFO] JxBrowserEngine:152 - Initiate JxBrowser Engine with user profile folder
2025-02-24 15:58:52,524 [INFO] CheckServerUpdateThread:120 - End of CheckServer Thread
2025-02-24 15:58:54,052 [INFO] WebApp:168 - Instantiating new browser for Auth
2025-02-24 15:58:54,915 [WARN] PackLoader:240 - Cannot read IP mode file for STMicroelectronics.FP-SNS-MOTENVWB1.1.4.0
2025-02-24 15:58:54,928 [WARN] PackLoader:240 - Cannot read IP mode file for STMicroelectronics.FP-ATR-ASTRA1.2.0.1
2025-02-24 15:58:54,942 [WARN] PackLoader:240 - Cannot read IP mode file for STMicroelectronics.X-CUBE-SMBUS.2.1.0
2025-02-24 15:58:54,959 [WARN] PackLoader:240 - Cannot read IP mode file for STMicroelectronics.X-CUBE-WB05N.1.1.0
2025-02-24 15:58:55,014 [WARN] PackLoader:240 - Cannot read IP mode file for STMicroelectronics.X-CUBE-AZRTOS-F7.1.1.0
2025-02-24 15:58:55,139 [WARN] PackLoader:240 - Cannot read IP mode file for STMicroelectronics.X-CUBE-MEMS1.11.0.0
2025-02-24 15:58:55,348 [WARN] PackLoader:240 - Cannot read IP mode file for STMicroelectronics.FP-SNS-FLIGHT1.5.0.2
2025-02-24 15:58:55,367 [WARN] PackLoader:240 - Cannot read IP mode file for STMicroelectronics.X-CUBE-DISPLAY.3.0.0
2025-02-24 15:58:55,388 [WARN] PackLoader:240 - Cannot read IP mode file for STMicroelectronics.X-CUBE-BLE1.7.0.0
2025-02-24 15:58:55,401 [WARN] PackLoader:240 - Cannot read IP mode file for STMicroelectronics.X-CUBE-NFC10.1.0.0
2025-02-24 15:58:55,421 [WARN] PackLoader:240 - Cannot read IP mode file for STMicroelectronics.X-CUBE-BLEMGR.4.0.0
2025-02-24 15:58:55,443 [WARN] PackLoader:240 - Cannot read IP mode file for emotas.I-CUBE-CANOPEN.1.3.0
2025-02-24 15:58:55,459 [WARN] PackLoader:240 - Cannot read IP mode file for STMicroelectronics.X-CUBE-BLEMGR.3.1.0
2025-02-24 15:58:55,471 [WARN] PackLoader:240 - Cannot read IP mode file for STMicroelectronics.X-CUBE-AI.10.0.0
2025-02-24 15:58:55,483 [WARN] PackLoader:240 - Cannot read IP mode file for STMicroelectronics.FP-SNS-SMARTAG2.1.2.0
2025-02-24 15:58:55,584 [WARN] PackLoader:240 - Cannot read IP mode file for STMicroelectronics.X-CUBE-MEMS1.11.1.0
2025-02-24 15:58:55,834 [INFO] LogOutputStream:77 - [STDOUT_REDIRECT] 1 : Invalid condition id : UX_CORESTACK_Condition cause : null
2025-02-24 15:58:55,835 [INFO] LogOutputStream:77 - [STDOUT_REDIRECT] 1 : Invalid condition id : UX_CORESTACK_Condition cause : null
2025-02-24 15:58:55,838 [INFO] LogOutputStream:77 - [STDOUT_REDIRECT] 1 : Invalid condition id : UX_CORESTACK_Condition cause : null
2025-02-24 15:58:55,840 [INFO] LogOutputStream:77 - [STDOUT_REDIRECT] 1 : Invalid condition id : UX_CORESTACK_Condition cause : null
2025-02-24 15:58:55,843 [INFO] LogOutputStream:77 - [STDOUT_REDIRECT] 1 : Invalid condition id : UX_CORESTACK_Condition cause : null
2025-02-24 15:58:55,847 [WARN] PackLoader:240 - Cannot read IP mode file for STMicroelectronics.X-CUBE-AZRTOS-WL.2.0.0
2025-02-24 15:58:55,858 [WARN] PackLoader:240 - Cannot read IP mode file for STMicroelectronics.FP-SNS-MOTENV1.5.0.0
2025-02-24 15:58:55,873 [WARN] PackLoader:240 - Cannot read IP mode file for wolfSSL.I-CUBE-wolfMQTT.1.19.0
2025-02-24 15:58:55,886 [WARN] PackLoader:240 - Cannot read IP mode file for WES.I-CUBE-Cesium.1.3.0
2025-02-24 15:58:55,895 [WARN] PackLoader:240 - Cannot read IP mode file for STMicroelectronics.X-CUBE-BLE2.3.3.0
2025-02-24 15:58:55,906 [WARN] PackLoader:240 - Cannot read IP mode file for STMicroelectronics.X-CUBE-NFC9.1.0.0
2025-02-24 15:58:55,919 [WARN] PackLoader:240 - Cannot read IP mode file for STMicroelectronics.X-CUBE-TCPP.4.1.0
2025-02-24 15:58:55,946 [WARN] PackLoader:240 - Cannot read IP mode file for STMicroelectronics.X-CUBE-AZRTOS-G0.1.1.0
2025-02-24 15:58:55,960 [WARN] PackLoader:240 - Cannot read IP mode file for STMicroelectronics.X-CUBE-SAFEA1.1.2.2
2025-02-24 15:58:55,971 [WARN] PackLoader:240 - Cannot read IP mode file for STMicroelectronics.X-CUBE-NFC4.3.0.0
2025-02-24 15:58:55,988 [WARN] PackLoader:240 - Cannot read IP mode file for EmbeddedOffice.I-CUBE-FS-RTOS.1.0.1
2025-02-24 15:58:55,997 [WARN] PackLoader:240 - Cannot read IP mode file for STMicroelectronics.X-CUBE-TCPP.4.2.0
2025-02-24 15:58:56,008 [WARN] PackLoader:240 - Cannot read IP mode file for RealThread.X-CUBE-RT-Thread_Nano.4.1.1
2025-02-24 15:58:56,016 [WARN] PackLoader:240 - Cannot read IP mode file for STMicroelectronics.FP-ATR-SIGFOX1.3.2.0
2025-02-24 15:58:56,024 [WARN] PackLoader:240 - Cannot read IP mode file for wolfSSL.I-CUBE-wolfSSL.5.7.2
2025-02-24 15:58:56,032 [WARN] ConditionMgr:438 - getConditionDescription Invalid condition id : Cortex-A Device cause : null
2025-02-24 15:58:56,066 [WARN] ConditionMgr:1044 - genDependencies : Invalid condition id : Cortex-A Device cause : null
2025-02-24 15:58:56,066 [WARN] ConditionMgr:1044 - genDependencies : Invalid condition id : Cortex-A Device cause : null
2025-02-24 15:58:56,066 [WARN] ConditionMgr:1044 - genDependencies : Invalid condition id : Cortex-A Device cause : null
2025-02-24 15:58:56,077 [WARN] PackLoader:240 - Cannot read IP mode file for STMicroelectronics.X-CUBE-EEPRMA1.5.1.0
2025-02-24 15:58:56,090 [WARN] PackLoader:240 - Cannot read IP mode file for ITTIA_DB.I-CUBE-ITTIADB.8.9.0
2025-02-24 15:58:56,129 [WARN] PackLoader:240 - Cannot read IP mode file for SEGGER.I-CUBE-embOS.1.3.1
2025-02-24 15:58:56,182 [WARN] PackLoader:240 - Cannot read IP mode file for STMicroelectronics.X-CUBE-ALGOBUILD.1.4.0
2025-02-24 15:58:56,188 [WARN] PackLoader:240 - Cannot read IP mode file for STMicroelectronics.X-CUBE-AI.9.1.0
2025-02-24 15:58:56,213 [WARN] PackLoader:240 - Cannot read IP mode file for STMicroelectronics.X-CUBE-AZRTOS-F4.1.1.0
2025-02-24 15:58:56,223 [WARN] PackLoader:240 - Cannot read IP mode file for STMicroelectronics.X-CUBE-ISPU.2.1.0
2025-02-24 15:58:56,230 [WARN] PackLoader:240 - Cannot read IP mode file for STMicroelectronics.X-CUBE-FREERTOS.1.2.0
2025-02-24 15:58:56,254 [WARN] PackLoader:240 - Cannot read IP mode file for STMicroelectronics.X-CUBE-AZRTOS-L5.2.0.0
2025-02-24 15:58:56,270 [WARN] PackLoader:240 - Cannot read IP mode file for STMicroelectronics.X-CUBE-NFC6.3.1.0
2025-02-24 15:58:56,280 [WARN] PackLoader:240 - Cannot read IP mode file for STMicroelectronics.X-CUBE-DPower.1.2.0
2025-02-24 15:58:56,286 [WARN] PackLoader:240 - Cannot read IP mode file for STMicroelectronics.X-CUBE-FREERTOS.1.3.0
2025-02-24 15:58:56,298 [WARN] PackLoader:240 - Cannot read IP mode file for STMicroelectronics.X-CUBE-NFC7.1.0.1
2025-02-24 15:58:56,333 [WARN] ConditionMgr:438 - getConditionDescription Invalid condition id : LAN8742 Phy interface Condition cause : null
2025-02-24 15:58:56,334 [WARN] PackLoader:240 - Cannot read IP mode file for STMicroelectronics.X-CUBE-AZRTOS-L4.2.0.0
2025-02-24 15:58:56,336 [WARN] ConditionMgr:1044 - genDependencies : Invalid condition id : LAN8742 Phy interface Condition cause : null
2025-02-24 15:58:56,336 [WARN] ConditionMgr:1044 - genDependencies : Invalid condition id : LAN8742 Phy interface Condition cause : null
2025-02-24 15:58:56,337 [WARN] ConditionMgr:1044 - genDependencies : Invalid condition id : LAN8742 Phy interface Condition cause : null
2025-02-24 15:58:56,346 [WARN] PackLoader:240 - Cannot read IP mode file for STMicroelectronics.X-CUBE-SFXS2LP1.4.0.0
2025-02-24 15:58:56,371 [WARN] PackLoader:240 - Cannot read IP mode file for STMicroelectronics.X-CUBE-AZRTOS-H7.3.3.0
2025-02-24 15:58:56,387 [WARN] PackLoader:240 - Cannot read IP mode file for STMicroelectronics.X-CUBE-IPS.3.0.0
2025-02-24 15:58:56,407 [INFO] WebApp:449 - Apply proxy settings
2025-02-24 15:58:56,407 [INFO] WebApp:534 - Chromium requires no authentication
2025-02-24 15:58:56,407 [WARN] ConditionMgr:438 - getConditionDescription Invalid condition id : UX DEVICE CLASS RTOS Condition cause : null
2025-02-24 15:58:56,408 [WARN] ConditionMgr:438 - getConditionDescription Invalid condition id : UX DEVICE CLASS RTOS Condition cause : null
2025-02-24 15:58:56,410 [WARN] PackLoader:240 - Cannot read IP mode file for STMicroelectronics.X-CUBE-AZRTOS-WB.2.0.0
2025-02-24 15:58:56,410 [WARN] ConditionMgr:1044 - genDependencies : Invalid condition id : UX DEVICE CLASS RTOS Condition cause : null
2025-02-24 15:58:56,411 [WARN] ConditionMgr:1044 - genDependencies : Invalid condition id : UX DEVICE CLASS RTOS Condition cause : null
2025-02-24 15:58:56,411 [WARN] ConditionMgr:1044 - genDependencies : Invalid condition id : UX DEVICE CLASS RTOS Condition cause : null
2025-02-24 15:58:56,412 [WARN] ConditionMgr:1044 - genDependencies : Invalid condition id : UX DEVICE CLASS RTOS Condition cause : null
2025-02-24 15:58:56,412 [WARN] ConditionMgr:1044 - genDependencies : Invalid condition id : UX DEVICE CLASS RTOS Condition cause : null
2025-02-24 15:58:56,422 [WARN] PackLoader:240 - Cannot read IP mode file for STMicroelectronics.X-CUBE-GNSS1.7.0.0
2025-02-24 15:58:56,429 [WARN] PackLoader:240 - Cannot read IP mode file for STMicroelectronics.X-CUBE-GNSS1.7.0.1
2025-02-24 15:58:56,435 [INFO] WebApp:477 - Direct internet connection detected
2025-02-24 15:58:56,438 [WARN] PackLoader:240 - Cannot read IP mode file for STMicroelectronics.FP-SNS-STBOX1.2.0.0
2025-02-24 15:58:56,454 [WARN] PackLoader:240 - Cannot read IP mode file for STMicroelectronics.X-CUBE-SUBG2.5.0.0
2025-02-24 15:58:56,467 [WARN] PackLoader:240 - Cannot read IP mode file for Cesanta.I-CUBE-Mongoose.7.13.0
2025-02-24 15:58:56,486 [WARN] PackLoader:240 - Cannot read IP mode file for STMicroelectronics.X-CUBE-AZRTOS-G4.2.0.0
2025-02-24 15:58:56,501 [INFO] WebApp:880 - Register for checkConnection events
2025-02-24 15:58:56,501 [WARN] PackLoader:240 - Cannot read IP mode file for STMicroelectronics.X-CUBE-IPS.3.1.0
2025-02-24 15:58:56,501 [INFO] WebApp:449 - Apply proxy settings
2025-02-24 15:58:56,502 [INFO] WebApp:534 - Chromium requires no authentication
2025-02-24 15:58:56,503 [INFO] WebApp:477 - Direct internet connection detected
2025-02-24 15:58:56,515 [WARN] PackLoader:240 - Cannot read IP mode file for STMicroelectronics.X-CUBE-ALS.1.0.2
2025-02-24 15:58:56,524 [WARN] PackLoader:240 - Cannot read IP mode file for STMicroelectronics.X-CUBE-TOUCHGFX.4.24.2
2025-02-24 15:58:56,529 [WARN] PackLoader:240 - Cannot read IP mode file for STMicroelectronics.X-CUBE-TOUCHGFX.4.24.1
2025-02-24 15:58:56,535 [WARN] PackLoader:240 - Cannot read IP mode file for wolfSSL.I-CUBE-wolfTPM.3.4.0
2025-02-24 15:58:56,546 [WARN] PackLoader:240 - Cannot read IP mode file for portGmbH.I-Cube-SoM-uGOAL.1.1.0
2025-02-24 15:58:56,567 [WARN] PackLoader:240 - Cannot read IP mode file for STMicroelectronics.X-CUBE-AZRTOS-H7RS.1.0.0
2025-02-24 15:58:56,577 [WARN] PackLoader:240 - Cannot read IP mode file for STMicroelectronics.FP-ATR-ASTRA1.2.0.0
2025-02-24 15:58:56,593 [WARN] PackLoader:240 - Cannot read IP mode file for STMicroelectronics.X-CUBE-TOF1.3.4.2
2025-02-24 15:58:56,624 [WARN] PackLoader:240 - Cannot read IP mode file for Infineon.AIROC-Wi-Fi-Bluetooth-STM32.1.6.1
2025-02-24 15:58:56,634 [WARN] PackLoader:240 - Cannot read IP mode file for wolfSSL.I-CUBE-wolfSSH.1.4.17
2025-02-24 15:58:56,634 [INFO] ThirdParty:978 - Integrity check success = true
2025-02-24 15:58:56,635 [INFO] IntegrityCheckThread:100 - exiting critical section [integrity check]
2025-02-24 15:58:56,635 [INFO] IntegrityCheckThread:103 - End integrity checks thread
2025-02-24 15:58:56,894 [INFO] WebApp:221 - Starting web application
2025-02-24 15:58:56,895 [INFO] WebApp:579 - Web application path used C:\ST\STM32CubeIDE_1.16.1\STM32CubeIDE\plugins\com.st.stm32cube.common.mx_6.13.0.202411220809\db\plugins\mcufinder\reactClient1\index.html
2025-02-24 15:58:56,900 [INFO] WebApp:187 - Connection restablished
2025-02-24 16:00:07,305 [INFO] WebApp:190 - Connection lost
2025-02-24 16:00:07,513 [INFO] WebApp:187 - Connection restablished
2025-02-24 16:06:57,219 [INFO] McuFinderGlobals:63 - Set McuFinder mode to 2 (CubeIDE integrated)
2025-02-24 16:06:57,230 [INFO] MainUpdater:2872 - connection check result : 10
2025-02-24 16:06:57,233 [INFO] MainUpdater:2872 - connection check result : 10
2025-02-24 16:06:57,315 [INFO] MicroXplorer:468 - Change Database Path : 
2025-02-24 16:06:57,315 [INFO] MicroXplorer:498 - Change Database Version : DB.6.0.130
2025-02-24 16:06:57,323 [WARN] ThirdParty:871 - waiting for thirdparty lock release [close project]
2025-02-24 16:06:57,324 [INFO] ThirdParty:873 - entering critical section [close project]
2025-02-24 16:06:57,326 [INFO] ThirdParty:883 - exiting critical section [close project]
2025-02-24 16:06:57,329 [INFO] PinOutPanel:1589 - setPackage(No Configuration,No Configuration)
2025-02-24 16:06:57,336 [INFO] UtilMem:75 - Begin LoadConfig() Used Memory: 917610904 Bytes (1073741824)
2025-02-24 16:06:57,339 [INFO] MicroXplorer:468 - Change Database Path : 
2025-02-24 16:06:57,339 [INFO] MicroXplorer:498 - Change Database Version : DB.6.0.130
2025-02-24 16:06:57,339 [INFO] OpenFileManager:332 - Change cursor
2025-02-24 16:06:57,465 [INFO] Mcu:2035 - Initializing MCU STM32L4R5Z(G-I)Tx STM32L4R5ZITx STM32L4R5ZIT6
2025-02-24 16:07:00,763 [INFO] Context:748 - Trying to add GPIOservice into a context  which must be forbidden
2025-02-24 16:07:01,915 [INFO] RtosManager:555 - Registered RTOS mode: class=CMSIS, group=RTOS, mode=CMSIS_V1, owner=FREERTOS
2025-02-24 16:07:01,915 [INFO] RtosManager:555 - Registered RTOS mode: class=CMSIS, group=RTOS2, mode=CMSIS_V2, owner=FREERTOS
2025-02-24 16:07:01,916 [INFO] RtosManager:555 - Registered RTOS mode: class=RTOS, group=Core, mode=CMSIS_V1, owner=FREERTOS
2025-02-24 16:07:01,916 [INFO] RtosManager:555 - Registered RTOS mode: class=RTOS, group=Core, mode=CMSIS_V2, owner=FREERTOS
2025-02-24 16:07:01,916 [WARN] ModelIntegratedComponent:184 - Missing modes for component STMicroelectronics:FreeRTOS:0.0.1:STMicroelectronics:RTOS:FreeRTOS:Core:::10.2.0:
2025-02-24 16:07:01,948 [WARN] ModelIntegratedComponent:63 - No mode defined for component null
2025-02-24 16:07:01,949 [WARN] ModelIntegratedComponent:63 - No mode defined for component null
2025-02-24 16:07:01,949 [WARN] ModelIntegratedComponent:63 - No mode defined for component null
2025-02-24 16:07:01,949 [WARN] ModelIntegratedComponent:63 - No mode defined for component null
2025-02-24 16:07:01,949 [WARN] ModelIntegratedComponent:63 - No mode defined for component null
2025-02-24 16:07:01,949 [WARN] ModelIntegratedComponent:63 - No mode defined for component null
2025-02-24 16:07:01,949 [WARN] ModelIntegratedComponent:63 - No mode defined for component null
2025-02-24 16:07:01,950 [WARN] ModelIntegratedComponent:63 - No mode defined for component null
2025-02-24 16:07:01,950 [WARN] ModelIntegratedComponent:63 - No mode defined for component null
2025-02-24 16:07:01,950 [WARN] ModelIntegratedComponent:63 - No mode defined for component null
2025-02-24 16:07:01,950 [WARN] ModelIntegratedComponent:63 - No mode defined for component null
2025-02-24 16:07:01,950 [WARN] ModelIntegratedComponent:63 - No mode defined for component null
2025-02-24 16:07:01,950 [WARN] ModelIntegratedComponent:63 - No mode defined for component null
2025-02-24 16:07:01,950 [WARN] ModelIntegratedComponent:63 - No mode defined for component null
2025-02-24 16:07:01,950 [WARN] ModelIntegratedComponent:63 - No mode defined for component null
2025-02-24 16:07:01,950 [WARN] ModelIntegratedComponent:63 - No mode defined for component null
2025-02-24 16:07:01,950 [WARN] ModelIntegratedComponent:63 - No mode defined for component null
2025-02-24 16:07:01,951 [WARN] ModelIntegratedComponent:63 - No mode defined for component null
2025-02-24 16:07:01,951 [WARN] ModelIntegratedComponent:63 - No mode defined for component null
2025-02-24 16:07:01,951 [WARN] ModelIntegratedComponent:63 - No mode defined for component null
2025-02-24 16:07:01,951 [WARN] ModelIntegratedComponent:63 - No mode defined for component null
2025-02-24 16:07:01,951 [WARN] ModelIntegratedComponent:63 - No mode defined for component null
2025-02-24 16:07:01,951 [WARN] ModelIntegratedComponent:63 - No mode defined for component null
2025-02-24 16:07:01,951 [WARN] ModelIntegratedComponent:63 - No mode defined for component null
2025-02-24 16:07:01,951 [WARN] ModelIntegratedComponent:63 - No mode defined for component null
2025-02-24 16:07:01,951 [WARN] ModelIntegratedComponent:63 - No mode defined for component null
2025-02-24 16:07:01,952 [WARN] ModelIntegratedComponent:63 - No mode defined for component null
2025-02-24 16:07:01,952 [WARN] ModelIntegratedComponent:63 - No mode defined for component null
2025-02-24 16:07:01,952 [WARN] ModelIntegratedComponent:63 - No mode defined for component null
2025-02-24 16:07:01,952 [WARN] ModelIntegratedComponent:63 - No mode defined for component null
2025-02-24 16:07:01,952 [WARN] ModelIntegratedComponent:63 - No mode defined for component null
2025-02-24 16:07:01,952 [WARN] ModelIntegratedComponent:63 - No mode defined for component null
2025-02-24 16:07:01,952 [WARN] ModelIntegratedComponent:63 - No mode defined for component null
2025-02-24 16:07:01,952 [WARN] ModelIntegratedComponent:63 - No mode defined for component null
2025-02-24 16:07:01,952 [WARN] ModelIntegratedComponent:63 - No mode defined for component null
2025-02-24 16:07:01,953 [WARN] ModelPack:524 - Component already loaded: STMicroelectronics:HAL Drivers:0.0.0:STMicroelectronics:Device:STMicro_Driver:XSPI:HAL::0.0.1:HAL_XSPI
2025-02-24 16:07:02,085 [INFO] ThirdPartyModel:298 - Start build external matchings
2025-02-24 16:07:02,547 [INFO] ThirdPartyModel:316 - End build external matchings
2025-02-24 16:07:02,568 [INFO] ImportTextPane:218 - (OptionalMessage_ERROR) IP (RCC) : Invalid parameter (48MHZClocksFreq_Value)
2025-02-24 16:07:02,568 [INFO] ImportTextPane:218 - (OptionalMessage_ERROR) IP (RCC) : Invalid parameter (ADC12outputFreq_Value)
2025-02-24 16:07:02,568 [INFO] ImportTextPane:218 - (OptionalMessage_ERROR) IP (RCC) : Invalid parameter (ADC34outputFreq_Value)
2025-02-24 16:07:02,569 [INFO] ImportTextPane:218 - (OptionalMessage_ERROR) IP (RCC) : Invalid parameter (DFSDM2Freq_Value)
2025-02-24 16:07:02,569 [INFO] ImportTextPane:218 - (OptionalMessage_ERROR) IP (RCC) : Invalid parameter (EthernetFreq_Value)
2025-02-24 16:07:02,569 [INFO] ImportTextPane:218 - (OptionalMessage_ERROR) IP (RCC) : Invalid parameter (FMPI2C1Freq_Value)
2025-02-24 16:07:02,569 [INFO] ImportTextPane:218 - (OptionalMessage_ERROR) IP (RCC) : Invalid parameter (FamilyName)
2025-02-24 16:07:02,570 [INFO] ImportTextPane:218 - (OptionalMessage_ERROR) IP (RCC) : Invalid parameter (I2S1Freq_Value)
2025-02-24 16:07:02,570 [INFO] ImportTextPane:218 - (OptionalMessage_ERROR) IP (RCC) : Invalid parameter (I2S2Freq_Value)
2025-02-24 16:07:02,570 [INFO] ImportTextPane:218 - (OptionalMessage_ERROR) IP (RCC) : Invalid parameter (I2SClocksFreq_Value)
2025-02-24 16:07:02,570 [INFO] ImportTextPane:218 - (OptionalMessage_ERROR) IP (RCC) : Invalid parameter (LPTimerFreq_Value)
2025-02-24 16:07:02,570 [INFO] ImportTextPane:218 - (OptionalMessage_ERROR) IP (RCC) : Invalid parameter (MCO2PinFreq_Value)
2025-02-24 16:07:02,570 [INFO] ImportTextPane:218 - (OptionalMessage_ERROR) IP (RCC) : Invalid parameter (MCOFreq_Value)
2025-02-24 16:07:02,570 [INFO] ImportTextPane:218 - (OptionalMessage_ERROR) IP (RCC) : Invalid parameter (PLLCLKFreq_Value)
2025-02-24 16:07:02,570 [INFO] ImportTextPane:218 - (OptionalMessage_ERROR) IP (RCC) : Parameter (PLLDSIVCOFreq_Value) has invalid value (320000000)
2025-02-24 16:07:02,570 [INFO] ImportTextPane:218 - (OptionalMessage_ERROR) IP (RCC) : Invalid parameter (PLLI2SPCLKFreq_Value)
2025-02-24 16:07:02,570 [INFO] ImportTextPane:218 - (OptionalMessage_ERROR) IP (RCC) : Invalid parameter (PLLI2SQCLKFreq_Value)
2025-02-24 16:07:02,570 [INFO] ImportTextPane:218 - (OptionalMessage_ERROR) IP (RCC) : Invalid parameter (PLLI2SQoutputFreq_Value)
2025-02-24 16:07:02,570 [INFO] ImportTextPane:218 - (OptionalMessage_ERROR) IP (RCC) : Invalid parameter (PLLI2SRCLKFreq_Value)
2025-02-24 16:07:02,571 [INFO] ImportTextPane:218 - (OptionalMessage_ERROR) IP (RCC) : Invalid parameter (PLLI2SoutputFreq_Value)
2025-02-24 16:07:02,571 [INFO] ImportTextPane:218 - (OptionalMessage_ERROR) IP (RCC) : Invalid parameter (PLLMCOFreq_Value)
2025-02-24 16:07:02,571 [INFO] ImportTextPane:218 - (OptionalMessage_ERROR) IP (RCC) : Invalid parameter (PLLMUL)
2025-02-24 16:07:02,571 [INFO] ImportTextPane:218 - (OptionalMessage_ERROR) IP (RCC) : Invalid parameter (PLLQCLKFreq_Value)
2025-02-24 16:07:02,572 [INFO] ImportTextPane:218 - (OptionalMessage_ERROR) IP (RCC) : Invalid parameter (PLLRoutputFreq_Value)
2025-02-24 16:07:02,573 [INFO] ImportTextPane:218 - (OptionalMessage_ERROR) IP (RCC) : Invalid parameter (PRESCALERUSB)
2025-02-24 16:07:02,573 [INFO] ImportTextPane:218 - (OptionalMessage_ERROR) IP (RCC) : Invalid parameter (RTCHSEDivFreq_Value)
2025-02-24 16:07:02,573 [INFO] ImportTextPane:218 - (OptionalMessage_ERROR) IP (RCC) : Invalid parameter (SAI1AFreq_Value)
2025-02-24 16:07:02,573 [INFO] ImportTextPane:218 - (OptionalMessage_ERROR) IP (RCC) : Invalid parameter (SAI1BFreq_Value)
2025-02-24 16:07:02,574 [INFO] ImportTextPane:218 - (OptionalMessage_ERROR) IP (RCC) : Invalid parameter (SDIOFreq_Value)
2025-02-24 16:07:02,574 [INFO] ImportTextPane:218 - (OptionalMessage_ERROR) IP (RCC) : Invalid parameter (SYSCLKSourceVirtual)
2025-02-24 16:07:02,574 [INFO] ImportTextPane:218 - (OptionalMessage_ERROR) IP (RCC) : Invalid parameter (TIM15Freq_Value)
2025-02-24 16:07:02,574 [INFO] ImportTextPane:218 - (OptionalMessage_ERROR) IP (RCC) : Invalid parameter (TIM16Freq_Value)
2025-02-24 16:07:02,574 [INFO] ImportTextPane:218 - (OptionalMessage_ERROR) IP (RCC) : Invalid parameter (TIM17Freq_Value)
2025-02-24 16:07:02,574 [INFO] ImportTextPane:218 - (OptionalMessage_ERROR) IP (RCC) : Invalid parameter (TIM1Freq_Value)
2025-02-24 16:07:02,574 [INFO] ImportTextPane:218 - (OptionalMessage_ERROR) IP (RCC) : Invalid parameter (TIM20Freq_Value)
2025-02-24 16:07:02,575 [INFO] ImportTextPane:218 - (OptionalMessage_ERROR) IP (RCC) : Invalid parameter (TIM2Freq_Value)
2025-02-24 16:07:02,575 [INFO] ImportTextPane:218 - (OptionalMessage_ERROR) IP (RCC) : Invalid parameter (TIM3Freq_Value)
2025-02-24 16:07:02,575 [INFO] ImportTextPane:218 - (OptionalMessage_ERROR) IP (RCC) : Invalid parameter (TIM8Freq_Value)
2025-02-24 16:07:02,575 [INFO] ImportTextPane:218 - (OptionalMessage_ERROR) IP (RCC) : Invalid parameter (VCOI2SInputFreq_Value)
2025-02-24 16:07:02,575 [INFO] ImportTextPane:218 - (OptionalMessage_ERROR) IP (RCC) : Invalid parameter (VCOI2SOutputFreq_Value)
2025-02-24 16:07:02,576 [INFO] ImportTextPane:218 - (OptionalMessage_ERROR) IP (RCC) : Invalid parameter (VCOInputMFreq_Value)
2025-02-24 16:07:02,576 [INFO] ImportTextPane:218 - (OptionalMessage_ERROR) IP (RCC) : Invalid parameter (VCOOutput2Freq_Value)
2025-02-24 16:07:02,576 [INFO] ImportTextPane:218 - (OptionalMessage_ERROR) IP (RCC) : Invalid parameter (VcooutputI2S)
2025-02-24 16:07:03,327 [INFO] ApiDb:581 - Connected to CubeFinder SQLite database (C:\Users\baron\.stmcufinder\plugins\mcufinder\mcu\cube-finder-db.db)
2025-02-24 16:07:03,479 [INFO] ApiDb:668 - CubeFinder database Data Model version=2.1
2025-02-24 16:07:03,479 [INFO] ApiDb:669 - CubeFinder database Configuration version=3.0.39
2025-02-24 16:07:03,481 [INFO] ApiDb:670 - CubeFinder database generation date=2025-02-07 (1738919966)
2025-02-24 16:07:03,481 [INFO] ApiDb:671 - CubeFinder database FW Pack versions=[FP-ATR-ASTRA1_V2.0.0, FP-SNS-FLIGHT1_V5.0.2, FP-SNS-MOTENV1_V5.0.0, FP-SNS-MOTENVWB1_V1.4.0, FP-SNS-SMARTAG2_V1.2.0, FP-SNS-STBOX1_V2.0.0, STM32Cube_FW_C0_V1.3.0, STM32Cube_FW_F4_V1.28.1, STM32Cube_FW_F7_V1.17.2, STM32Cube_FW_G0_V1.6.2, STM32Cube_FW_G4_V1.6.1, STM32Cube_FW_H5_V1.4.0, STM32Cube_FW_H7RS_V1.1.0, STM32Cube_FW_H7_V1.12.0, STM32Cube_FW_L0_V1.12.2, STM32Cube_FW_L4_V1.18.1, STM32Cube_FW_L5_V1.5.1, STM32Cube_FW_N6_V1.0.0, STM32Cube_FW_U0_V1.2.0, STM32Cube_FW_U3_V1.0.0, STM32Cube_FW_U5_V1.7.0, STM32Cube_FW_WB0_V1.1.0, STM32Cube_FW_WBA_V1.5.0, STM32Cube_FW_WB_V1.21.0, STM32Cube_FW_WL3_V1.0.0, STM32Cube_FW_WL_V1.3.0, X-CUBE-ALGOBUILD_V1.4.0, X-CUBE-ALS_V1.0.2, X-CUBE-AZRTOS-F4_V1.1.0, X-CUBE-AZRTOS-F7_V1.1.0, X-CUBE-AZRTOS-G0_V1.1.0, X-CUBE-AZRTOS-G4_V2.0.0, X-CUBE-AZRTOS-H7RS_V1.0.0, X-CUBE-AZRTOS-H7_V3.3.0, X-CUBE-AZRTOS-L4_V2.0.0, X-CUBE-AZRTOS-L5_V2.0.0, X-CUBE-AZRTOS-WB_V2.0.0, X-CUBE-AZRTOS-WL_V2.0.0, X-CUBE-BLE1_V7.0.0, X-CUBE-BLE2_V3.3.0, X-CUBE-BLEMGR_V4.0.0, X-CUBE-EEPRMA1_V5.1.0, X-CUBE-FREERTOS_V1.2.0, X-CUBE-GNSS1_V6.0.0, X-CUBE-MEMS1_V11.1.0, X-CUBE-NFC4_V3.0.0, X-CUBE-NFC7_V1.0.1, X-CUBE-SFXS2LP1_V4.0.0, X-CUBE-SUBG2_V5.0.0, X-CUBE-TOF1_V3.4.2]
2025-02-24 16:07:03,672 [INFO] DbBoardsSqlite:226 - include board P-NUCLEO-WB55-NUCLEO as a kit item of type 'Nucleo-64'
2025-02-24 16:07:03,672 [INFO] DbBoardsSqlite:226 - include board P-NUCLEO-WB55-USBDONGLE as a kit item of type 'Nucleo USB Dongle'
2025-02-24 16:07:03,675 [INFO] DbBoardsSqlite:226 - include board STEVAL-IDP005V1 as a kit item of type 'Evaluation Board'
2025-02-24 16:07:03,675 [INFO] DbBoardsSqlite:226 - include board STEVAL-IDP005V2 as a kit item of type 'Evaluation Board'
2025-02-24 16:07:04,375 [INFO] ApiDb:240 - Found 858 in-development CPN: [B-G473E-ZEST1S, B-WB1M-WPAN1, B-WBA5M-WPAN, B-WL5M-SUBG1, NUCLEO-C031C6, NUCLEO-C051C8, NUCLEO-C071RB, NUCLEO-C092RC, NUCLEO-H503RB, NUCLEO-H533RE, NUCLEO-H563ZI, NUCLEO-H7S3L8, NUCLEO-N657X0-Q, NUCLEO-U031R8, NUCLEO-U083RC, NUCLEO-U385RG-Q, NUCLEO-U545RE-Q, NUCLEO-U5A5ZJ-Q, NUCLEO-WB05KZ, NUCLEO-WB07CC, NUCLEO-WB09KE, NUCLEO-WBA52CG, NUCLEO-WBA55CG, NUCLEO-WL33CC1, NUCLEO-WL33CC2, STEVAL-PROTEUS1, STEVAL-SMARTAG2, STEVAL-STWINBX1, STM320518-EVAL, STM32C0116-DK, STM32C011D6Y3TR, STM32C011D6Y6TR, STM32C011F4P3, STM32C011F4P6, STM32C011F4U3, STM32C011F4U6TR, STM32C011F6P3, STM32C011F6P6, STM32C011F6U3, STM32C011F6U6TR, STM32C011J4M3, STM32C011J4M6, STM32C011J6M3, STM32C011J6M6, STM32C0316-DK, STM32C031C4T3, STM32C031C4T6, STM32C031C4U3, STM32C031C4U6, STM32C031C6T3, STM32C031C6T6, STM32C031C6U3, STM32C031C6U6, STM32C031F4P3, STM32C031F4P6, STM32C031F6P3, STM32C031F6P6, STM32C031G4U3, STM32C031G4U6, STM32C031G6U3, STM32C031G6U6, STM32C031K4T3, STM32C031K4T6, STM32C031K4U3, STM32C031K4U6, STM32C031K6T3, STM32C031K6T6, STM32C031K6U3, STM32C031K6U6, STM32C051C6T6, STM32C051C6U6, STM32C051C8T6, STM32C051C8U6, STM32C051D8Y6TR, STM32C051F6P6, STM32C051F8P6, STM32C051G6U6, STM32C051G8U6, STM32C051K6T6, STM32C051K6U6, STM32C051K8T6, STM32C071C8T6, STM32C071C8T6N, STM32C071C8U6, STM32C071C8U6N, STM32C071CBT6, STM32C071CBT6N, STM32C071CBU6, STM32C071CBU6N, STM32C071F8P6, STM32C071F8P6N, STM32C071FBP6, STM32C071FBP6N, STM32C071FBY6TR, STM32C071G8U6, STM32C071G8U6N, STM32C071GBU6, STM32C071GBU6N, STM32C071K8T6, STM32C071K8T6N, STM32C071K8U6, STM32C071K8U6N, STM32C071KBT6, STM32C071KBT6N, STM32C071KBU6, STM32C071KBU6N, STM32C071R8T6, STM32C071R8T6N, STM32C071RBI6N, STM32C071RBT6, STM32C071RBT6N, STM32C091CBT6, STM32C091CBU6, STM32C091CCT6, STM32C091CCU6, STM32C091ECY6TR, STM32C091FBP6, STM32C091FCP6, STM32C091GBU6, STM32C091GCU6, STM32C091KBT6, STM32C091KBU6, STM32C091KCT6, STM32C091KCU6, STM32C091RBT6, STM32C091RCI6, STM32C091RCT6, STM32C092CBT6, STM32C092CBU6, STM32C092CCT6, STM32C092CCU6, STM32C092ECY6TR, STM32C092FBP6, STM32C092FCP6, STM32C092GBU6, STM32C092GCU6, STM32C092KBT6, STM32C092KBU6, STM32C092KCT6, STM32C092KCU6, STM32C092RBT6, STM32C092RCI6, STM32C092RCT6, STM32G071K8TXN, STM32G071K8UXN, STM32G081GBU6N, STM32G081KBT6N, STM32G081KBUXN, STM32G0B1CCT6N, STM32G0B1KCT6, STM32G0B1NEY6TR, STM32G0B1RCT6N, STM32G0C1CCT6, STM32G0C1CCT6N, STM32G0C1CCU6N, STM32G0C1CET6N, STM32G0C1CEU6N, STM32G0C1KCT6, STM32G0C1NEY6TR, STM32G0C1RCI6N, STM32G0C1RCT6N, STM32G0C1REI6N, STM32G0C1RET6N, STM32G0C1VCI6, STM32G0C1VEI6, STM32G411C6T3, STM32G411C6T6, STM32G411C6U3, STM32G411C6U6, STM32G411C8T3, STM32G411C8T6, STM32G411C8U3, STM32G411C8U6, STM32G411CBT3, STM32G411CBT6, STM32G411CBU3, STM32G411CBU6, STM32G411CCT3, STM32G411CCT6, STM32G411CCU3, STM32G411CCU6, STM32G411K6T3, STM32G411K6T6, STM32G411K6U3, STM32G411K6U6, STM32G411K8T3, STM32G411K8T6, STM32G411K8U3, STM32G411K8U6, STM32G411KBT3, STM32G411KBT6, STM32G411KBU3, STM32G411KBU6, STM32G411M6T3, STM32G411M6T6, STM32G411M8T3, STM32G411M8T6, STM32G411MBT3, STM32G411MBT6, STM32G411MCT3, STM32G411MCT6, STM32G411R6T3, STM32G411R6T6, STM32G411R8T3, STM32G411R8T6, STM32G411RBT3, STM32G411RBT6, STM32G411RCT3, STM32G411RCT6, STM32G414CBT3, STM32G414CBT6, STM32G414CBU3, STM32G414CBU6, STM32G414CCT3, STM32G414CCT6, STM32G414CCU3, STM32G414CCU6, STM32G414MBT3, STM32G414MBT6, STM32G414MCT3, STM32G414MCT6, STM32G414RBT3, STM32G414RBT6, STM32G414RCT3, STM32G414RCT6, STM32G414VBT3, STM32G414VBT6, STM32G414VCT3, STM32G414VCT6, STM32G431CBT3Z, STM32G431RBT3Z, STM32G471CCT6, STM32G471CCU6, STM32G471CET3, STM32G471CET6, STM32G471CEU3, STM32G471CEU6, STM32G471MCT6, STM32G471MET3, STM32G471MET6, STM32G471MEY6TR, STM32G471QCT6, STM32G471QET3, STM32G471RCT6, STM32G471RET3, STM32G471RET6, STM32G471VCH6, STM32G471VCI6, STM32G471VCT6, STM32G471VEH3, STM32G471VEH6, STM32G471VEI3, STM32G471VEI6, STM32G471VET3, STM32G471VET6, STM32G473QET3Z, STM32G473RET3Z, STM32G474CCT6, STM32G491RET3Z, STM32H503CBT6, STM32H503CBU6, STM32H503EBY6TR, STM32H503KBU6, STM32H503RBT6, STM32H523CCT6, STM32H523CCU6, STM32H523CET6, STM32H523CEU6, STM32H523HEY6TR, STM32H523RCT6, STM32H523RET6, STM32H523VCI6, STM32H523VCT6, STM32H523VEI6, STM32H523VET6, STM32H523ZCJ6, STM32H523ZCT6, STM32H523ZEJ6, STM32H523ZET6, STM32H533CET6, STM32H533CEU6, STM32H533HEY6TR, STM32H533RET6, STM32H533VEI6, STM32H533VET6, STM32H533ZEJ6, STM32H533ZET6, STM32H562AGI6, STM32H562AII6, STM32H562IGK6, STM32H562IGT6, STM32H562IIK6, STM32H562IIT6, STM32H562RGT6, STM32H562RGV6, STM32H562RIT6, STM32H562RIV6, STM32H562VGT6, STM32H562VIT6, STM32H562ZGT6, STM32H562ZIT6, STM32H563AGI6, STM32H563AII3Q, STM32H563AII6, STM32H563IGK6, STM32H563IGT6, STM32H563IIK3Q, STM32H563IIK6, STM32H563IIT3Q, STM32H563IIT6, STM32H563MIY3QTR, STM32H563RGT6, STM32H563RGV6, STM32H563RIT6, STM32H563RIV6, STM32H563VGT6, STM32H563VIT3Q, STM32H563VIT6, STM32H563ZGT6, STM32H563ZIT3Q, STM32H563ZIT6, STM32H573AII3Q, STM32H573AII6, STM32H573I-DK, STM32H573IIK3Q, STM32H573IIK6, STM32H573IIT3Q, STM32H573IIT6, STM32H573MIY3QTR, STM32H573RIT6, STM32H573RIV6, STM32H573VIT3Q, STM32H573VIT6, STM32H573ZIT3Q, STM32H573ZIT6, STM32H7R3A8I6, STM32H7R3I8K6, STM32H7R3I8T6, STM32H7R3L8H6, STM32H7R3L8H6H, STM32H7R3R8V6, STM32H7R3V8H6, STM32H7R3V8T6, STM32H7R3V8Y6TR, STM32H7R3Z8J6, STM32H7R3Z8T6, STM32H7R7A8I6, STM32H7R7I8K6, STM32H7R7I8T6, STM32H7R7L8H6, STM32H7R7L8H6H, STM32H7R7Z8J6, STM32H7S3A8I6, STM32H7S3I8K6, STM32H7S3I8T6, STM32H7S3L8H6, STM32H7S3L8H6H, STM32H7S3R8V6, STM32H7S3V8H6, STM32H7S3V8T6, STM32H7S3V8Y6TR, STM32H7S3Z8J6, STM32H7S3Z8T6, STM32H7S78-DK, STM32H7S7A8I6, STM32H7S7I8K6, STM32H7S7I8T6, STM32H7S7L8H6, STM32H7S7L8H6H, STM32H7S7Z8J6, STM32L4R5QGI6STR, STM32MP131AAE3, STM32MP131AAF3, STM32MP131AAG3, STM32MP131CAE3, STM32MP131CAF3, STM32MP131CAG3, STM32MP131DAE7, STM32MP131DAF7, STM32MP131DAG7, STM32MP131FAE7, STM32MP131FAF7, STM32MP131FAG7, STM32MP133AAE3, STM32MP133AAF3, STM32MP133AAG3, STM32MP133CAE3, STM32MP133CAF3, STM32MP133CAG3, STM32MP133DAE7, STM32MP133DAF7, STM32MP133DAG7, STM32MP133FAE7, STM32MP133FAF7, STM32MP133FAG7, STM32MP135AAE3, STM32MP135AAF3, STM32MP135AAG3, STM32MP135CAE3, STM32MP135CAF3, STM32MP135CAG3, STM32MP135DAE7, STM32MP135DAF7, STM32MP135DAG7, STM32MP135F-DK, STM32MP135FAE7, STM32MP135FAF7, STM32MP135FAF7T, STM32MP135FAF7U, STM32MP135FAG7, STM32MP231AAJ3, STM32MP231AAK3, STM32MP231AAL3, STM32MP231CAJ3, STM32MP231CAK3, STM32MP231CAL3, STM32MP231DAJ3, STM32MP231DAK3, STM32MP231DAL3, STM32MP231FAJ3, STM32MP231FAK3, STM32MP231FAL3, STM32MP233AAJ3, STM32MP233AAK3, STM32MP233AAL3, STM32MP233CAJ3, STM32MP233CAK3, STM32MP233CAL3, STM32MP233DAJ3, STM32MP233DAK3, STM32MP233DAL3, STM32MP233FAJ3, STM32MP233FAK3, STM32MP233FAL3, STM32MP235AAJ3, STM32MP235AAK3, STM32MP235AAL3, STM32MP235CAJ3, STM32MP235CAK3, STM32MP235CAL3, STM32MP235DAJ3, STM32MP235DAK3, STM32MP235DAL3, STM32MP235FAJ3, STM32MP235FAK3, STM32MP235FAL3, STM32MP251AAI3, STM32MP251AAJ3, STM32MP251AAK3, STM32MP251AAL3, STM32MP251CAI3, STM32MP251CAJ3, STM32MP251CAK3, STM32MP251CAL3, STM32MP251DAI3, STM32MP251DAJ3, STM32MP251DAK3, STM32MP251DAL3, STM32MP251FAI3, STM32MP251FAJ3, STM32MP251FAK3, STM32MP251FAL3, STM32MP253AAI3, STM32MP253AAJ3, STM32MP253AAK3, STM32MP253AAL3, STM32MP253CAI3, STM32MP253CAJ3, STM32MP253CAK3, STM32MP253CAL3, STM32MP253DAI3, STM32MP253DAJ3, STM32MP253DAK3, STM32MP253DAL3, STM32MP253FAI3, STM32MP253FAJ3, STM32MP253FAK3, STM32MP253FAL3, STM32MP255AAI3, STM32MP255AAJ3, STM32MP255AAK3, STM32MP255AAL3, STM32MP255CAI3, STM32MP255CAJ3, STM32MP255CAK3, STM32MP255CAL3, STM32MP255DAI3, STM32MP255DAJ3, STM32MP255DAK3, STM32MP255DAL3, STM32MP255FAI3, STM32MP255FAJ3, STM32MP255FAK3, STM32MP255FAL3, STM32MP257AAI3, STM32MP257AAJ3, STM32MP257AAK3, STM32MP257AAL3, STM32MP257CAI3, STM32MP257CAJ3, STM32MP257CAK3, STM32MP257CAL3, STM32MP257DAI3, STM32MP257DAJ3, STM32MP257DAK3, STM32MP257DAL3, STM32MP257F-DK, STM32MP257F-EV1, STM32MP257FAI3, STM32MP257FAJ3, STM32MP257FAK3, STM32MP257FAL3, STM32N645A0H3Q, STM32N645B0H3Q, STM32N645I0H3Q, STM32N645L0H3Q, STM32N645X0H3Q, STM32N645Z0H3Q, STM32N647A0H3Q, STM32N647B0H3Q, STM32N647I0H3Q, STM32N647L0H3Q, STM32N647X0H3Q, STM32N647Z0H3Q, STM32N655A0H3Q, STM32N655B0H3Q, STM32N655I0H3Q, STM32N655L0H3Q, STM32N655X0H3Q, STM32N655Z0H3Q, STM32N6570-DK, STM32N657A0H3Q, STM32N657B0H3Q, STM32N657I0H3Q, STM32N657L0H3Q, STM32N657X0H3Q, STM32N657Z0H3Q, STM32U031C6T6, STM32U031C6U6, STM32U031C8T6, STM32U031C8U6, STM32U031F4P6, STM32U031F6P6, STM32U031F8P6, STM32U031G6Y6TR, STM32U031G8Y6TR, STM32U031K4U6, STM32U031K6U6, STM32U031K8U6, STM32U031R6I6, STM32U031R6T6, STM32U031R8I6, STM32U031R8T6, STM32U073C8T6, STM32U073C8U6, STM32U073CBT6, STM32U073CBU6, STM32U073CCT6, STM32U073CCU6, STM32U073H8Y6TR, STM32U073HBY6TR, STM32U073HCY6TR, STM32U073K8U6, STM32U073KBU6, STM32U073KCU6, STM32U073M8I6, STM32U073M8T6, STM32U073MBI6, STM32U073MBT6, STM32U073MCI6, STM32U073MCT6, STM32U073R8I6, STM32U073R8T6, STM32U073RBI6, STM32U073RBT6, STM32U073RCI6, STM32U073RCT6, STM32U083C-DK, STM32U083CCT6, STM32U083CCU6, STM32U083HCY6TR, STM32U083KCU6, STM32U083MCI6, STM32U083MCT6, STM32U083RCI6, STM32U083RCT6, STM32U375CET6, STM32U375CET6Q, STM32U375CEU6, STM32U375CEU6Q, STM32U375CEY6QTR, STM32U375CGT6, STM32U375CGT6Q, STM32U375CGU6, STM32U375CGU6Q, STM32U375CGY6QTR, STM32U375KEU6, STM32U375KGU6, STM32U375REI6, STM32U375REI6Q, STM32U375RET6, STM32U375RET6Q, STM32U375REY6GTR, STM32U375REY6QTR, STM32U375RGI6, STM32U375RGI6Q, STM32U375RGT6, STM32U375RGT6Q, STM32U375RGY6GTR, STM32U375RGY6QTR, STM32U375VEI6, STM32U375VEI6Q, STM32U375VET6, STM32U375VET6Q, STM32U375VGI6, STM32U375VGI6Q, STM32U375VGT6, STM32U375VGT6Q, STM32U385CGT6, STM32U385CGT6Q, STM32U385CGU6, STM32U385CGU6Q, STM32U385CGY6QTR, STM32U385KGU6, STM32U385RGI6, STM32U385RGI6Q, STM32U385RGT6, STM32U385RGT6Q, STM32U385RGY6GTR, STM32U385RGY6QTR, STM32U385VGI6, STM32U385VGI6Q, STM32U385VGT6, STM32U385VGT6Q, STM32U535CBT6, STM32U535CBT6Q, STM32U535CBU6, STM32U535CBU6Q, STM32U535CCT6, STM32U535CCT6Q, STM32U535CCU6, STM32U535CCU6Q, STM32U535CET6, STM32U535CET6Q, STM32U535CEU6, STM32U535CEU6Q, STM32U535JEY6QTR, STM32U535NCY6QTR, STM32U535NEY6QTR, STM32U535RBI6, STM32U535RBI6Q, STM32U535RBT6, STM32U535RBT6Q, STM32U535RCI6, STM32U535RCI6Q, STM32U535RCT6, STM32U535RCT6Q, STM32U535REI6, STM32U535REI6Q, STM32U535RET6, STM32U535RET6Q, STM32U535VCI6, STM32U535VCI6Q, STM32U535VCT6, STM32U535VCT6Q, STM32U535VEI6, STM32U535VEI6Q, STM32U535VET6, STM32U535VET6Q, STM32U545CET6, STM32U545CET6Q, STM32U545CEU6, STM32U545CEU6Q, STM32U545JEY6QTR, STM32U545NEY6QTR, STM32U545REI6, STM32U545REI6Q, STM32U545RET6, STM32U545RET6Q, STM32U545VEI6, STM32U545VEI6Q, STM32U545VET6, STM32U545VET6Q, STM32U595AIH6, STM32U595AIH6Q, STM32U595AJH6, STM32U595AJH6Q, STM32U595QII6, STM32U595QII6Q, STM32U595QJI6, STM32U595QJI6Q, STM32U595RIT6, STM32U595RIT6Q, STM32U595RJT6, STM32U595RJT6Q, STM32U595VIT6, STM32U595VIT6Q, STM32U595VJT6, STM32U595VJT6Q, STM32U595ZIT6, STM32U595ZIT6Q, STM32U595ZIY6QTR, STM32U595ZJT6, STM32U595ZJT6Q, STM32U595ZJY6QTR, STM32U599BJY6QTR, STM32U599NIH6Q, STM32U599NJH6Q, STM32U599VIT6Q, STM32U599VJT6, STM32U599VJT6Q, STM32U599ZIT6Q, STM32U599ZIY6QTR, STM32U599ZJT6Q, STM32U599ZJY6QTR, STM32U5A5AJH6, STM32U5A5AJH6Q, STM32U5A5QII3Q , STM32U5A5QJI6, STM32U5A5QJI6Q, STM32U5A5RJT6, STM32U5A5RJT6Q, STM32U5A5VJT6, STM32U5A5VJT6Q, STM32U5A5ZJT6, STM32U5A5ZJT6Q, STM32U5A5ZJY6QTR, STM32U5A9BJY6QTR, STM32U5A9J-DK, STM32U5A9NJH6Q, STM32U5A9VJT6Q, STM32U5A9ZJT6Q, STM32U5A9ZJY6QTR, STM32U5F7VIT6, STM32U5F7VIT6Q, STM32U5F7VJT6, STM32U5F7VJT6Q, STM32U5F9BJY6QTR, STM32U5F9NJH6Q, STM32U5F9VIT6Q, STM32U5F9VJT6Q, STM32U5F9ZIJ6QTR, STM32U5F9ZIT6Q, STM32U5F9ZJJ6QTR, STM32U5F9ZJT6Q, STM32U5G7VJT6, STM32U5G7VJT6Q, STM32U5G9BJY6QTR, STM32U5G9J-DK1, STM32U5G9J-DK2, STM32U5G9NJH6Q, STM32U5G9VJT6Q, STM32U5G9ZJJ6QTR, STM32U5G9ZJT6Q, STM32WB05KZV6TR, STM32WB05KZV7TR, STM32WB05TZF6TR, STM32WB05TZF7TR, STM32WB06CCF6TR, STM32WB06CCF7TR, STM32WB06CCV6TR, STM32WB06CCV7TR, STM32WB06KCV6TR, STM32WB06KCV7TR, STM32WB07CCF6TR, STM32WB07CCF7TR, STM32WB07CCV6TR, STM32WB07CCV7TR, STM32WB07KCV6TR, STM32WB07KCV7TR, STM32WB09KEV6TR, STM32WB09KEV7TR, STM32WB09TEF6TR, STM32WB09TEF7TR, STM32WB1MMCH6, STM32WBA50KGU6, STM32WBA50KGU6TR, STM32WBA52CEU6, STM32WBA52CEU6TR, STM32WBA52CEU7, STM32WBA52CEU7TR, STM32WBA52CGU6, STM32WBA52CGU6TR, STM32WBA52CGU6U, STM32WBA52CGU7, STM32WBA52CGU7TR, STM32WBA52KEU6, STM32WBA52KEU6TR, STM32WBA52KGU6, STM32WBA52KGU6TR, STM32WBA54CEU6, STM32WBA54CEU6TR, STM32WBA54CEU7, STM32WBA54CEU7TR, STM32WBA54CGU6, STM32WBA54CGU6TR, STM32WBA54CGU7, STM32WBA54CGU7TR, STM32WBA54KEU6, STM32WBA54KEU6TR, STM32WBA54KEU7, STM32WBA54KEU7TR, STM32WBA54KGU6, STM32WBA54KGU6TR, STM32WBA54KGU7, STM32WBA54KGU7TR, STM32WBA55CEU6, STM32WBA55CEU6TR, STM32WBA55CEU7, STM32WBA55CEU7TR, STM32WBA55CGU6, STM32WBA55CGU6TR, STM32WBA55CGU6U, STM32WBA55CGU7, STM32WBA55CGU7TR, STM32WBA55G-DK1, STM32WBA55HEF6, STM32WBA55HEF7, STM32WBA55HGF6, STM32WBA55HGF7, STM32WBA55UEI6, STM32WBA55UEI6TR, STM32WBA55UEI7, STM32WBA55UEI7TR, STM32WBA55UGI6, STM32WBA55UGI6TR, STM32WBA55UGI7, STM32WBA55UGI7TR, STM32WBA5MJGH6TR, STM32WBA5MJGH6U, STM32WL33C8V6, STM32WL33C8V6TR, STM32WL33C8V7, STM32WL33C8V7TR, STM32WL33CBV6, STM32WL33CBV6TR, STM32WL33CBV7, STM32WL33CBV7TR, STM32WL33CCV6, STM32WL33CCV6TR, STM32WL33CCV7, STM32WL33CCV7A, STM32WL33CCV7ATR, STM32WL33CCV7TR, STM32WL33K8V6, STM32WL33K8V6TR, STM32WL33K8V7, STM32WL33K8V7TR, STM32WL33KBV6, STM32WL33KBV6TR, STM32WL33KBV7, STM32WL33KBV7TR, STM32WL33KCV6, STM32WL33KCV6TR, STM32WL33KCV7, STM32WL33KCV7TR, STM32WL5MOCH6, STM32WL5MOCH6TR]
2025-02-24 16:07:04,633 [INFO] BoardInfo:889 - No configuration file found for board P-NUCLEO-WB55
2025-02-24 16:07:04,635 [INFO] DbBoards:161 - Kit is not supported: P-NUCLEO-WB55
2025-02-24 16:07:04,643 [INFO] BoardInfo:889 - No configuration file found for board STEVAL-BFA001V1B
2025-02-24 16:07:04,644 [INFO] DbBoards:161 - Kit is not supported: STEVAL-BFA001V1B
2025-02-24 16:07:04,646 [INFO] BoardInfo:889 - No configuration file found for board STEVAL-BFA001V2B
2025-02-24 16:07:04,647 [INFO] DbBoards:161 - Kit is not supported: STEVAL-BFA001V2B
2025-02-24 16:07:04,966 [INFO] DbBoards:168 - Found 209 boards, 206 are supported
2025-02-24 16:07:04,967 [INFO] DbBoards:169 - Found 209 boards, 42 of them is supported for  Bsp
2025-02-24 16:07:04,972 [INFO] ApiDb:668 - CubeFinder database Data Model version=2.1
2025-02-24 16:07:04,972 [INFO] ApiDb:669 - CubeFinder database Configuration version=3.0.39
2025-02-24 16:07:04,972 [INFO] ApiDb:670 - CubeFinder database generation date=2025-02-07 (1738919966)
2025-02-24 16:07:04,972 [INFO] ApiDb:671 - CubeFinder database FW Pack versions=[FP-ATR-ASTRA1_V2.0.0, FP-SNS-FLIGHT1_V5.0.2, FP-SNS-MOTENV1_V5.0.0, FP-SNS-MOTENVWB1_V1.4.0, FP-SNS-SMARTAG2_V1.2.0, FP-SNS-STBOX1_V2.0.0, STM32Cube_FW_C0_V1.3.0, STM32Cube_FW_F4_V1.28.1, STM32Cube_FW_F7_V1.17.2, STM32Cube_FW_G0_V1.6.2, STM32Cube_FW_G4_V1.6.1, STM32Cube_FW_H5_V1.4.0, STM32Cube_FW_H7RS_V1.1.0, STM32Cube_FW_H7_V1.12.0, STM32Cube_FW_L0_V1.12.2, STM32Cube_FW_L4_V1.18.1, STM32Cube_FW_L5_V1.5.1, STM32Cube_FW_N6_V1.0.0, STM32Cube_FW_U0_V1.2.0, STM32Cube_FW_U3_V1.0.0, STM32Cube_FW_U5_V1.7.0, STM32Cube_FW_WB0_V1.1.0, STM32Cube_FW_WBA_V1.5.0, STM32Cube_FW_WB_V1.21.0, STM32Cube_FW_WL3_V1.0.0, STM32Cube_FW_WL_V1.3.0, X-CUBE-ALGOBUILD_V1.4.0, X-CUBE-ALS_V1.0.2, X-CUBE-AZRTOS-F4_V1.1.0, X-CUBE-AZRTOS-F7_V1.1.0, X-CUBE-AZRTOS-G0_V1.1.0, X-CUBE-AZRTOS-G4_V2.0.0, X-CUBE-AZRTOS-H7RS_V1.0.0, X-CUBE-AZRTOS-H7_V3.3.0, X-CUBE-AZRTOS-L4_V2.0.0, X-CUBE-AZRTOS-L5_V2.0.0, X-CUBE-AZRTOS-WB_V2.0.0, X-CUBE-AZRTOS-WL_V2.0.0, X-CUBE-BLE1_V7.0.0, X-CUBE-BLE2_V3.3.0, X-CUBE-BLEMGR_V4.0.0, X-CUBE-EEPRMA1_V5.1.0, X-CUBE-FREERTOS_V1.2.0, X-CUBE-GNSS1_V6.0.0, X-CUBE-MEMS1_V11.1.0, X-CUBE-NFC4_V3.0.0, X-CUBE-NFC7_V1.0.1, X-CUBE-SFXS2LP1_V4.0.0, X-CUBE-SUBG2_V5.0.0, X-CUBE-TOF1_V3.4.2]
2025-02-24 16:07:07,051 [INFO] ApiDb:240 - Found 858 in-development CPN: [B-G473E-ZEST1S, B-WB1M-WPAN1, B-WBA5M-WPAN, B-WL5M-SUBG1, NUCLEO-C031C6, NUCLEO-C051C8, NUCLEO-C071RB, NUCLEO-C092RC, NUCLEO-H503RB, NUCLEO-H533RE, NUCLEO-H563ZI, NUCLEO-H7S3L8, NUCLEO-N657X0-Q, NUCLEO-U031R8, NUCLEO-U083RC, NUCLEO-U385RG-Q, NUCLEO-U545RE-Q, NUCLEO-U5A5ZJ-Q, NUCLEO-WB05KZ, NUCLEO-WB07CC, NUCLEO-WB09KE, NUCLEO-WBA52CG, NUCLEO-WBA55CG, NUCLEO-WL33CC1, NUCLEO-WL33CC2, STEVAL-PROTEUS1, STEVAL-SMARTAG2, STEVAL-STWINBX1, STM320518-EVAL, STM32C0116-DK, STM32C011D6Y3TR, STM32C011D6Y6TR, STM32C011F4P3, STM32C011F4P6, STM32C011F4U3, STM32C011F4U6TR, STM32C011F6P3, STM32C011F6P6, STM32C011F6U3, STM32C011F6U6TR, STM32C011J4M3, STM32C011J4M6, STM32C011J6M3, STM32C011J6M6, STM32C0316-DK, STM32C031C4T3, STM32C031C4T6, STM32C031C4U3, STM32C031C4U6, STM32C031C6T3, STM32C031C6T6, STM32C031C6U3, STM32C031C6U6, STM32C031F4P3, STM32C031F4P6, STM32C031F6P3, STM32C031F6P6, STM32C031G4U3, STM32C031G4U6, STM32C031G6U3, STM32C031G6U6, STM32C031K4T3, STM32C031K4T6, STM32C031K4U3, STM32C031K4U6, STM32C031K6T3, STM32C031K6T6, STM32C031K6U3, STM32C031K6U6, STM32C051C6T6, STM32C051C6U6, STM32C051C8T6, STM32C051C8U6, STM32C051D8Y6TR, STM32C051F6P6, STM32C051F8P6, STM32C051G6U6, STM32C051G8U6, STM32C051K6T6, STM32C051K6U6, STM32C051K8T6, STM32C071C8T6, STM32C071C8T6N, STM32C071C8U6, STM32C071C8U6N, STM32C071CBT6, STM32C071CBT6N, STM32C071CBU6, STM32C071CBU6N, STM32C071F8P6, STM32C071F8P6N, STM32C071FBP6, STM32C071FBP6N, STM32C071FBY6TR, STM32C071G8U6, STM32C071G8U6N, STM32C071GBU6, STM32C071GBU6N, STM32C071K8T6, STM32C071K8T6N, STM32C071K8U6, STM32C071K8U6N, STM32C071KBT6, STM32C071KBT6N, STM32C071KBU6, STM32C071KBU6N, STM32C071R8T6, STM32C071R8T6N, STM32C071RBI6N, STM32C071RBT6, STM32C071RBT6N, STM32C091CBT6, STM32C091CBU6, STM32C091CCT6, STM32C091CCU6, STM32C091ECY6TR, STM32C091FBP6, STM32C091FCP6, STM32C091GBU6, STM32C091GCU6, STM32C091KBT6, STM32C091KBU6, STM32C091KCT6, STM32C091KCU6, STM32C091RBT6, STM32C091RCI6, STM32C091RCT6, STM32C092CBT6, STM32C092CBU6, STM32C092CCT6, STM32C092CCU6, STM32C092ECY6TR, STM32C092FBP6, STM32C092FCP6, STM32C092GBU6, STM32C092GCU6, STM32C092KBT6, STM32C092KBU6, STM32C092KCT6, STM32C092KCU6, STM32C092RBT6, STM32C092RCI6, STM32C092RCT6, STM32G071K8TXN, STM32G071K8UXN, STM32G081GBU6N, STM32G081KBT6N, STM32G081KBUXN, STM32G0B1CCT6N, STM32G0B1KCT6, STM32G0B1NEY6TR, STM32G0B1RCT6N, STM32G0C1CCT6, STM32G0C1CCT6N, STM32G0C1CCU6N, STM32G0C1CET6N, STM32G0C1CEU6N, STM32G0C1KCT6, STM32G0C1NEY6TR, STM32G0C1RCI6N, STM32G0C1RCT6N, STM32G0C1REI6N, STM32G0C1RET6N, STM32G0C1VCI6, STM32G0C1VEI6, STM32G411C6T3, STM32G411C6T6, STM32G411C6U3, STM32G411C6U6, STM32G411C8T3, STM32G411C8T6, STM32G411C8U3, STM32G411C8U6, STM32G411CBT3, STM32G411CBT6, STM32G411CBU3, STM32G411CBU6, STM32G411CCT3, STM32G411CCT6, STM32G411CCU3, STM32G411CCU6, STM32G411K6T3, STM32G411K6T6, STM32G411K6U3, STM32G411K6U6, STM32G411K8T3, STM32G411K8T6, STM32G411K8U3, STM32G411K8U6, STM32G411KBT3, STM32G411KBT6, STM32G411KBU3, STM32G411KBU6, STM32G411M6T3, STM32G411M6T6, STM32G411M8T3, STM32G411M8T6, STM32G411MBT3, STM32G411MBT6, STM32G411MCT3, STM32G411MCT6, STM32G411R6T3, STM32G411R6T6, STM32G411R8T3, STM32G411R8T6, STM32G411RBT3, STM32G411RBT6, STM32G411RCT3, STM32G411RCT6, STM32G414CBT3, STM32G414CBT6, STM32G414CBU3, STM32G414CBU6, STM32G414CCT3, STM32G414CCT6, STM32G414CCU3, STM32G414CCU6, STM32G414MBT3, STM32G414MBT6, STM32G414MCT3, STM32G414MCT6, STM32G414RBT3, STM32G414RBT6, STM32G414RCT3, STM32G414RCT6, STM32G414VBT3, STM32G414VBT6, STM32G414VCT3, STM32G414VCT6, STM32G431CBT3Z, STM32G431RBT3Z, STM32G471CCT6, STM32G471CCU6, STM32G471CET3, STM32G471CET6, STM32G471CEU3, STM32G471CEU6, STM32G471MCT6, STM32G471MET3, STM32G471MET6, STM32G471MEY6TR, STM32G471QCT6, STM32G471QET3, STM32G471RCT6, STM32G471RET3, STM32G471RET6, STM32G471VCH6, STM32G471VCI6, STM32G471VCT6, STM32G471VEH3, STM32G471VEH6, STM32G471VEI3, STM32G471VEI6, STM32G471VET3, STM32G471VET6, STM32G473QET3Z, STM32G473RET3Z, STM32G474CCT6, STM32G491RET3Z, STM32H503CBT6, STM32H503CBU6, STM32H503EBY6TR, STM32H503KBU6, STM32H503RBT6, STM32H523CCT6, STM32H523CCU6, STM32H523CET6, STM32H523CEU6, STM32H523HEY6TR, STM32H523RCT6, STM32H523RET6, STM32H523VCI6, STM32H523VCT6, STM32H523VEI6, STM32H523VET6, STM32H523ZCJ6, STM32H523ZCT6, STM32H523ZEJ6, STM32H523ZET6, STM32H533CET6, STM32H533CEU6, STM32H533HEY6TR, STM32H533RET6, STM32H533VEI6, STM32H533VET6, STM32H533ZEJ6, STM32H533ZET6, STM32H562AGI6, STM32H562AII6, STM32H562IGK6, STM32H562IGT6, STM32H562IIK6, STM32H562IIT6, STM32H562RGT6, STM32H562RGV6, STM32H562RIT6, STM32H562RIV6, STM32H562VGT6, STM32H562VIT6, STM32H562ZGT6, STM32H562ZIT6, STM32H563AGI6, STM32H563AII3Q, STM32H563AII6, STM32H563IGK6, STM32H563IGT6, STM32H563IIK3Q, STM32H563IIK6, STM32H563IIT3Q, STM32H563IIT6, STM32H563MIY3QTR, STM32H563RGT6, STM32H563RGV6, STM32H563RIT6, STM32H563RIV6, STM32H563VGT6, STM32H563VIT3Q, STM32H563VIT6, STM32H563ZGT6, STM32H563ZIT3Q, STM32H563ZIT6, STM32H573AII3Q, STM32H573AII6, STM32H573I-DK, STM32H573IIK3Q, STM32H573IIK6, STM32H573IIT3Q, STM32H573IIT6, STM32H573MIY3QTR, STM32H573RIT6, STM32H573RIV6, STM32H573VIT3Q, STM32H573VIT6, STM32H573ZIT3Q, STM32H573ZIT6, STM32H7R3A8I6, STM32H7R3I8K6, STM32H7R3I8T6, STM32H7R3L8H6, STM32H7R3L8H6H, STM32H7R3R8V6, STM32H7R3V8H6, STM32H7R3V8T6, STM32H7R3V8Y6TR, STM32H7R3Z8J6, STM32H7R3Z8T6, STM32H7R7A8I6, STM32H7R7I8K6, STM32H7R7I8T6, STM32H7R7L8H6, STM32H7R7L8H6H, STM32H7R7Z8J6, STM32H7S3A8I6, STM32H7S3I8K6, STM32H7S3I8T6, STM32H7S3L8H6, STM32H7S3L8H6H, STM32H7S3R8V6, STM32H7S3V8H6, STM32H7S3V8T6, STM32H7S3V8Y6TR, STM32H7S3Z8J6, STM32H7S3Z8T6, STM32H7S78-DK, STM32H7S7A8I6, STM32H7S7I8K6, STM32H7S7I8T6, STM32H7S7L8H6, STM32H7S7L8H6H, STM32H7S7Z8J6, STM32L4R5QGI6STR, STM32MP131AAE3, STM32MP131AAF3, STM32MP131AAG3, STM32MP131CAE3, STM32MP131CAF3, STM32MP131CAG3, STM32MP131DAE7, STM32MP131DAF7, STM32MP131DAG7, STM32MP131FAE7, STM32MP131FAF7, STM32MP131FAG7, STM32MP133AAE3, STM32MP133AAF3, STM32MP133AAG3, STM32MP133CAE3, STM32MP133CAF3, STM32MP133CAG3, STM32MP133DAE7, STM32MP133DAF7, STM32MP133DAG7, STM32MP133FAE7, STM32MP133FAF7, STM32MP133FAG7, STM32MP135AAE3, STM32MP135AAF3, STM32MP135AAG3, STM32MP135CAE3, STM32MP135CAF3, STM32MP135CAG3, STM32MP135DAE7, STM32MP135DAF7, STM32MP135DAG7, STM32MP135F-DK, STM32MP135FAE7, STM32MP135FAF7, STM32MP135FAF7T, STM32MP135FAF7U, STM32MP135FAG7, STM32MP231AAJ3, STM32MP231AAK3, STM32MP231AAL3, STM32MP231CAJ3, STM32MP231CAK3, STM32MP231CAL3, STM32MP231DAJ3, STM32MP231DAK3, STM32MP231DAL3, STM32MP231FAJ3, STM32MP231FAK3, STM32MP231FAL3, STM32MP233AAJ3, STM32MP233AAK3, STM32MP233AAL3, STM32MP233CAJ3, STM32MP233CAK3, STM32MP233CAL3, STM32MP233DAJ3, STM32MP233DAK3, STM32MP233DAL3, STM32MP233FAJ3, STM32MP233FAK3, STM32MP233FAL3, STM32MP235AAJ3, STM32MP235AAK3, STM32MP235AAL3, STM32MP235CAJ3, STM32MP235CAK3, STM32MP235CAL3, STM32MP235DAJ3, STM32MP235DAK3, STM32MP235DAL3, STM32MP235FAJ3, STM32MP235FAK3, STM32MP235FAL3, STM32MP251AAI3, STM32MP251AAJ3, STM32MP251AAK3, STM32MP251AAL3, STM32MP251CAI3, STM32MP251CAJ3, STM32MP251CAK3, STM32MP251CAL3, STM32MP251DAI3, STM32MP251DAJ3, STM32MP251DAK3, STM32MP251DAL3, STM32MP251FAI3, STM32MP251FAJ3, STM32MP251FAK3, STM32MP251FAL3, STM32MP253AAI3, STM32MP253AAJ3, STM32MP253AAK3, STM32MP253AAL3, STM32MP253CAI3, STM32MP253CAJ3, STM32MP253CAK3, STM32MP253CAL3, STM32MP253DAI3, STM32MP253DAJ3, STM32MP253DAK3, STM32MP253DAL3, STM32MP253FAI3, STM32MP253FAJ3, STM32MP253FAK3, STM32MP253FAL3, STM32MP255AAI3, STM32MP255AAJ3, STM32MP255AAK3, STM32MP255AAL3, STM32MP255CAI3, STM32MP255CAJ3, STM32MP255CAK3, STM32MP255CAL3, STM32MP255DAI3, STM32MP255DAJ3, STM32MP255DAK3, STM32MP255DAL3, STM32MP255FAI3, STM32MP255FAJ3, STM32MP255FAK3, STM32MP255FAL3, STM32MP257AAI3, STM32MP257AAJ3, STM32MP257AAK3, STM32MP257AAL3, STM32MP257CAI3, STM32MP257CAJ3, STM32MP257CAK3, STM32MP257CAL3, STM32MP257DAI3, STM32MP257DAJ3, STM32MP257DAK3, STM32MP257DAL3, STM32MP257F-DK, STM32MP257F-EV1, STM32MP257FAI3, STM32MP257FAJ3, STM32MP257FAK3, STM32MP257FAL3, STM32N645A0H3Q, STM32N645B0H3Q, STM32N645I0H3Q, STM32N645L0H3Q, STM32N645X0H3Q, STM32N645Z0H3Q, STM32N647A0H3Q, STM32N647B0H3Q, STM32N647I0H3Q, STM32N647L0H3Q, STM32N647X0H3Q, STM32N647Z0H3Q, STM32N655A0H3Q, STM32N655B0H3Q, STM32N655I0H3Q, STM32N655L0H3Q, STM32N655X0H3Q, STM32N655Z0H3Q, STM32N6570-DK, STM32N657A0H3Q, STM32N657B0H3Q, STM32N657I0H3Q, STM32N657L0H3Q, STM32N657X0H3Q, STM32N657Z0H3Q, STM32U031C6T6, STM32U031C6U6, STM32U031C8T6, STM32U031C8U6, STM32U031F4P6, STM32U031F6P6, STM32U031F8P6, STM32U031G6Y6TR, STM32U031G8Y6TR, STM32U031K4U6, STM32U031K6U6, STM32U031K8U6, STM32U031R6I6, STM32U031R6T6, STM32U031R8I6, STM32U031R8T6, STM32U073C8T6, STM32U073C8U6, STM32U073CBT6, STM32U073CBU6, STM32U073CCT6, STM32U073CCU6, STM32U073H8Y6TR, STM32U073HBY6TR, STM32U073HCY6TR, STM32U073K8U6, STM32U073KBU6, STM32U073KCU6, STM32U073M8I6, STM32U073M8T6, STM32U073MBI6, STM32U073MBT6, STM32U073MCI6, STM32U073MCT6, STM32U073R8I6, STM32U073R8T6, STM32U073RBI6, STM32U073RBT6, STM32U073RCI6, STM32U073RCT6, STM32U083C-DK, STM32U083CCT6, STM32U083CCU6, STM32U083HCY6TR, STM32U083KCU6, STM32U083MCI6, STM32U083MCT6, STM32U083RCI6, STM32U083RCT6, STM32U375CET6, STM32U375CET6Q, STM32U375CEU6, STM32U375CEU6Q, STM32U375CEY6QTR, STM32U375CGT6, STM32U375CGT6Q, STM32U375CGU6, STM32U375CGU6Q, STM32U375CGY6QTR, STM32U375KEU6, STM32U375KGU6, STM32U375REI6, STM32U375REI6Q, STM32U375RET6, STM32U375RET6Q, STM32U375REY6GTR, STM32U375REY6QTR, STM32U375RGI6, STM32U375RGI6Q, STM32U375RGT6, STM32U375RGT6Q, STM32U375RGY6GTR, STM32U375RGY6QTR, STM32U375VEI6, STM32U375VEI6Q, STM32U375VET6, STM32U375VET6Q, STM32U375VGI6, STM32U375VGI6Q, STM32U375VGT6, STM32U375VGT6Q, STM32U385CGT6, STM32U385CGT6Q, STM32U385CGU6, STM32U385CGU6Q, STM32U385CGY6QTR, STM32U385KGU6, STM32U385RGI6, STM32U385RGI6Q, STM32U385RGT6, STM32U385RGT6Q, STM32U385RGY6GTR, STM32U385RGY6QTR, STM32U385VGI6, STM32U385VGI6Q, STM32U385VGT6, STM32U385VGT6Q, STM32U535CBT6, STM32U535CBT6Q, STM32U535CBU6, STM32U535CBU6Q, STM32U535CCT6, STM32U535CCT6Q, STM32U535CCU6, STM32U535CCU6Q, STM32U535CET6, STM32U535CET6Q, STM32U535CEU6, STM32U535CEU6Q, STM32U535JEY6QTR, STM32U535NCY6QTR, STM32U535NEY6QTR, STM32U535RBI6, STM32U535RBI6Q, STM32U535RBT6, STM32U535RBT6Q, STM32U535RCI6, STM32U535RCI6Q, STM32U535RCT6, STM32U535RCT6Q, STM32U535REI6, STM32U535REI6Q, STM32U535RET6, STM32U535RET6Q, STM32U535VCI6, STM32U535VCI6Q, STM32U535VCT6, STM32U535VCT6Q, STM32U535VEI6, STM32U535VEI6Q, STM32U535VET6, STM32U535VET6Q, STM32U545CET6, STM32U545CET6Q, STM32U545CEU6, STM32U545CEU6Q, STM32U545JEY6QTR, STM32U545NEY6QTR, STM32U545REI6, STM32U545REI6Q, STM32U545RET6, STM32U545RET6Q, STM32U545VEI6, STM32U545VEI6Q, STM32U545VET6, STM32U545VET6Q, STM32U595AIH6, STM32U595AIH6Q, STM32U595AJH6, STM32U595AJH6Q, STM32U595QII6, STM32U595QII6Q, STM32U595QJI6, STM32U595QJI6Q, STM32U595RIT6, STM32U595RIT6Q, STM32U595RJT6, STM32U595RJT6Q, STM32U595VIT6, STM32U595VIT6Q, STM32U595VJT6, STM32U595VJT6Q, STM32U595ZIT6, STM32U595ZIT6Q, STM32U595ZIY6QTR, STM32U595ZJT6, STM32U595ZJT6Q, STM32U595ZJY6QTR, STM32U599BJY6QTR, STM32U599NIH6Q, STM32U599NJH6Q, STM32U599VIT6Q, STM32U599VJT6, STM32U599VJT6Q, STM32U599ZIT6Q, STM32U599ZIY6QTR, STM32U599ZJT6Q, STM32U599ZJY6QTR, STM32U5A5AJH6, STM32U5A5AJH6Q, STM32U5A5QII3Q , STM32U5A5QJI6, STM32U5A5QJI6Q, STM32U5A5RJT6, STM32U5A5RJT6Q, STM32U5A5VJT6, STM32U5A5VJT6Q, STM32U5A5ZJT6, STM32U5A5ZJT6Q, STM32U5A5ZJY6QTR, STM32U5A9BJY6QTR, STM32U5A9J-DK, STM32U5A9NJH6Q, STM32U5A9VJT6Q, STM32U5A9ZJT6Q, STM32U5A9ZJY6QTR, STM32U5F7VIT6, STM32U5F7VIT6Q, STM32U5F7VJT6, STM32U5F7VJT6Q, STM32U5F9BJY6QTR, STM32U5F9NJH6Q, STM32U5F9VIT6Q, STM32U5F9VJT6Q, STM32U5F9ZIJ6QTR, STM32U5F9ZIT6Q, STM32U5F9ZJJ6QTR, STM32U5F9ZJT6Q, STM32U5G7VJT6, STM32U5G7VJT6Q, STM32U5G9BJY6QTR, STM32U5G9J-DK1, STM32U5G9J-DK2, STM32U5G9NJH6Q, STM32U5G9VJT6Q, STM32U5G9ZJJ6QTR, STM32U5G9ZJT6Q, STM32WB05KZV6TR, STM32WB05KZV7TR, STM32WB05TZF6TR, STM32WB05TZF7TR, STM32WB06CCF6TR, STM32WB06CCF7TR, STM32WB06CCV6TR, STM32WB06CCV7TR, STM32WB06KCV6TR, STM32WB06KCV7TR, STM32WB07CCF6TR, STM32WB07CCF7TR, STM32WB07CCV6TR, STM32WB07CCV7TR, STM32WB07KCV6TR, STM32WB07KCV7TR, STM32WB09KEV6TR, STM32WB09KEV7TR, STM32WB09TEF6TR, STM32WB09TEF7TR, STM32WB1MMCH6, STM32WBA50KGU6, STM32WBA50KGU6TR, STM32WBA52CEU6, STM32WBA52CEU6TR, STM32WBA52CEU7, STM32WBA52CEU7TR, STM32WBA52CGU6, STM32WBA52CGU6TR, STM32WBA52CGU6U, STM32WBA52CGU7, STM32WBA52CGU7TR, STM32WBA52KEU6, STM32WBA52KEU6TR, STM32WBA52KGU6, STM32WBA52KGU6TR, STM32WBA54CEU6, STM32WBA54CEU6TR, STM32WBA54CEU7, STM32WBA54CEU7TR, STM32WBA54CGU6, STM32WBA54CGU6TR, STM32WBA54CGU7, STM32WBA54CGU7TR, STM32WBA54KEU6, STM32WBA54KEU6TR, STM32WBA54KEU7, STM32WBA54KEU7TR, STM32WBA54KGU6, STM32WBA54KGU6TR, STM32WBA54KGU7, STM32WBA54KGU7TR, STM32WBA55CEU6, STM32WBA55CEU6TR, STM32WBA55CEU7, STM32WBA55CEU7TR, STM32WBA55CGU6, STM32WBA55CGU6TR, STM32WBA55CGU6U, STM32WBA55CGU7, STM32WBA55CGU7TR, STM32WBA55G-DK1, STM32WBA55HEF6, STM32WBA55HEF7, STM32WBA55HGF6, STM32WBA55HGF7, STM32WBA55UEI6, STM32WBA55UEI6TR, STM32WBA55UEI7, STM32WBA55UEI7TR, STM32WBA55UGI6, STM32WBA55UGI6TR, STM32WBA55UGI7, STM32WBA55UGI7TR, STM32WBA5MJGH6TR, STM32WBA5MJGH6U, STM32WL33C8V6, STM32WL33C8V6TR, STM32WL33C8V7, STM32WL33C8V7TR, STM32WL33CBV6, STM32WL33CBV6TR, STM32WL33CBV7, STM32WL33CBV7TR, STM32WL33CCV6, STM32WL33CCV6TR, STM32WL33CCV7, STM32WL33CCV7A, STM32WL33CCV7ATR, STM32WL33CCV7TR, STM32WL33K8V6, STM32WL33K8V6TR, STM32WL33K8V7, STM32WL33K8V7TR, STM32WL33KBV6, STM32WL33KBV6TR, STM32WL33KBV7, STM32WL33KBV7TR, STM32WL33KCV6, STM32WL33KCV6TR, STM32WL33KCV7, STM32WL33KCV7TR, STM32WL5MOCH6, STM32WL5MOCH6TR]
2025-02-24 16:07:07,056 [INFO] DbMcus:218 - Found 4545 MCUs, 4545 are supported
2025-02-24 16:07:07,058 [INFO] ApiDb:423 - Load user favorites file C:\Users\baron/.stm32cubeide/favorites.mcus.txt: 0 item(s)
2025-02-24 16:07:07,058 [INFO] ApiDb:427 - User favorites MCUs=[]
2025-02-24 16:07:07,058 [INFO] DbMcus:224 - Set 0 / 0 favorites MCUs
2025-02-24 16:07:07,472 [INFO] ApiDb:423 - Load user favorites file C:\Users\baron/.stm32cubeide/favorites.boards.txt: 0 item(s)
2025-02-24 16:07:07,472 [INFO] ApiDb:427 - User favorites Boards=[]
2025-02-24 16:07:07,473 [INFO] DbBoards:198 - Set 0 / 0 favorites Boards
2025-02-24 16:07:07,555 [INFO] UtilMem:75 - End LoadConfig() Used Memory: 403476072 Bytes (853540864)
2025-02-24 16:07:07,761 [WARN] ThirdParty:833 - waiting for thirdparty lock release [change project]
2025-02-24 16:07:07,762 [INFO] ThirdParty:835 - entering critical section [change project]
2025-02-24 16:07:07,762 [INFO] ThirdParty:1030 - CMSIS Pack Vendor :STMicroelectronics USBPD 4.1
2025-02-24 16:07:07,762 [INFO] ThirdParty:1030 - CMSIS Pack Vendor :STMicroelectronics X-CUBE-AZRTOS-H7 3.3.0
2025-02-24 16:07:07,762 [INFO] ThirdParty:1030 - CMSIS Pack Vendor :STMicroelectronics X-CUBE-NFC9 1.0.0
2025-02-24 16:07:07,762 [INFO] ThirdParty:1030 - CMSIS Pack Vendor :STMicroelectronics USB_HOST 2.0.0
2025-02-24 16:07:07,762 [INFO] ThirdParty:1030 - CMSIS Pack Vendor :STMicroelectronics FP-SNS-MOTENVWB1 1.4.0
2025-02-24 16:07:07,762 [INFO] ThirdParty:1030 - CMSIS Pack Vendor :STMicroelectronics X-CUBE-AZRTOS-F4 1.1.0
2025-02-24 16:07:07,762 [INFO] ThirdParty:1030 - CMSIS Pack Vendor :STMicroelectronics LIBJPEG 8.0.0
2025-02-24 16:07:07,762 [INFO] ThirdParty:1030 - CMSIS Pack Vendor :STMicroelectronics FP-ATR-ASTRA1 2.0.1
2025-02-24 16:07:07,762 [INFO] ThirdParty:1030 - CMSIS Pack Vendor :STMicroelectronics X-CUBE-SMBUS 2.1.0
2025-02-24 16:07:07,762 [INFO] ThirdParty:1030 - CMSIS Pack Vendor :STMicroelectronics X-CUBE-WB05N 1.1.0
2025-02-24 16:07:07,762 [INFO] ThirdParty:1030 - CMSIS Pack Vendor :STMicroelectronics USB_DEVICE 3.0.0
2025-02-24 16:07:07,763 [INFO] ThirdParty:1030 - CMSIS Pack Vendor :STMicroelectronics X-CUBE-TCPP 4.1.0
2025-02-24 16:07:07,763 [INFO] ThirdParty:1030 - CMSIS Pack Vendor :STMicroelectronics X-CUBE-ISPU 2.1.0
2025-02-24 16:07:07,763 [INFO] ThirdParty:1030 - CMSIS Pack Vendor :STMicroelectronics X-CUBE-FREERTOS 1.2.0
2025-02-24 16:07:07,763 [INFO] ThirdParty:1030 - CMSIS Pack Vendor :STMicroelectronics X-CUBE-IPS 3.0.0
2025-02-24 16:07:07,763 [INFO] ThirdParty:1030 - CMSIS Pack Vendor :STMicroelectronics X-CUBE-AZRTOS-WB 2.0.0
2025-02-24 16:07:07,763 [INFO] ThirdParty:1030 - CMSIS Pack Vendor :STMicroelectronics X-CUBE-GNSS1 7.0.0
2025-02-24 16:07:07,763 [INFO] ThirdParty:1030 - CMSIS Pack Vendor :STMicroelectronics X-CUBE-GNSS1 7.0.1
2025-02-24 16:07:07,763 [INFO] ThirdParty:1030 - CMSIS Pack Vendor :STMicroelectronics X-CUBE-AZRTOS-F7 1.1.0
2025-02-24 16:07:07,763 [INFO] ThirdParty:1030 - CMSIS Pack Vendor :STMicroelectronics X-CUBE-AZRTOS-L5 2.0.0
2025-02-24 16:07:07,763 [INFO] ThirdParty:1030 - CMSIS Pack Vendor :STMicroelectronics USB_DEVICE 2.0.0
2025-02-24 16:07:07,763 [INFO] ThirdParty:1030 - CMSIS Pack Vendor :STMicroelectronics X-CUBE-NFC6 3.1.0
2025-02-24 16:07:07,763 [INFO] ThirdParty:1030 - CMSIS Pack Vendor :STMicroelectronics FP-SNS-STBOX1 2.0.0
2025-02-24 16:07:07,763 [INFO] ThirdParty:1030 - CMSIS Pack Vendor :STMicroelectronics X-CUBE-MEMS1 11.0.0
2025-02-24 16:07:07,763 [INFO] ThirdParty:1030 - CMSIS Pack Vendor :STMicroelectronics FreeRTOS 0.0.1
2025-02-24 16:07:07,763 [INFO] ThirdParty:1030 - CMSIS Pack Vendor :STMicroelectronics X-CUBE-AZRTOS-G0 1.1.0
2025-02-24 16:07:07,763 [INFO] ThirdParty:1030 - CMSIS Pack Vendor :STMicroelectronics X-CUBE-SAFEA1 1.2.2
2025-02-24 16:07:07,763 [INFO] ThirdParty:1030 - CMSIS Pack Vendor :STMicroelectronics X-CUBE-NFC4 3.0.0
2025-02-24 16:07:07,763 [INFO] ThirdParty:1030 - CMSIS Pack Vendor :STMicroelectronics X-CUBE-DPower 1.2.0
2025-02-24 16:07:07,763 [INFO] ThirdParty:1030 - CMSIS Pack Vendor :STMicroelectronics X-CUBE-SUBG2 5.0.0
2025-02-24 16:07:07,763 [INFO] ThirdParty:1030 - CMSIS Pack Vendor :STMicroelectronics STM32_WPAN 1.0.0
2025-02-24 16:07:07,763 [INFO] ThirdParty:1030 - CMSIS Pack Vendor :EmbeddedOffice I-CUBE-FS-RTOS 1.0.1
2025-02-24 16:07:07,763 [INFO] ThirdParty:1030 - CMSIS Pack Vendor :STMicroelectronics lwIP 2.0.3
2025-02-24 16:07:07,763 [INFO] ThirdParty:1030 - CMSIS Pack Vendor :STMicroelectronics FP-SNS-FLIGHT1 5.0.2
2025-02-24 16:07:07,763 [INFO] ThirdParty:1030 - CMSIS Pack Vendor :Cesanta I-CUBE-Mongoose 7.13.0
2025-02-24 16:07:07,764 [INFO] ThirdParty:1030 - CMSIS Pack Vendor :STMicroelectronics USB_HOST 1.0.0
2025-02-24 16:07:07,764 [INFO] ThirdParty:1030 - CMSIS Pack Vendor :STMicroelectronics X-CUBE-AZRTOS-G4 2.0.0
2025-02-24 16:07:07,764 [INFO] ThirdParty:1030 - CMSIS Pack Vendor :STMicroelectronics PDM2PCM 3.1.0
2025-02-24 16:07:07,764 [INFO] ThirdParty:1030 - CMSIS Pack Vendor :STMicroelectronics PDM2PCM 3.3.0
2025-02-24 16:07:07,764 [INFO] ThirdParty:1030 - CMSIS Pack Vendor :STMicroelectronics X-CUBE-DISPLAY 3.0.0
2025-02-24 16:07:07,764 [INFO] ThirdParty:1030 - CMSIS Pack Vendor :STMicroelectronics X-CUBE-TCPP 4.2.0
2025-02-24 16:07:07,764 [INFO] ThirdParty:1030 - CMSIS Pack Vendor :RealThread X-CUBE-RT-Thread_Nano 4.1.1
2025-02-24 16:07:07,764 [INFO] ThirdParty:1030 - CMSIS Pack Vendor :STMicroelectronics X-CUBE-BLE1 7.0.0
2025-02-24 16:07:07,764 [INFO] ThirdParty:1030 - CMSIS Pack Vendor :STMicroelectronics FP-ATR-SIGFOX1 3.2.0
2025-02-24 16:07:07,764 [INFO] ThirdParty:1030 - CMSIS Pack Vendor :STMicroelectronics X-CUBE-NFC10 1.0.0
2025-02-24 16:07:07,764 [INFO] ThirdParty:1030 - CMSIS Pack Vendor :wolfSSL I-CUBE-wolfSSL 5.7.2
2025-02-24 16:07:07,764 [INFO] ThirdParty:1030 - CMSIS Pack Vendor :quantropi X-CUBE-qispace-sdk-base 1.9.3
2025-02-24 16:07:07,764 [INFO] ThirdParty:1030 - CMSIS Pack Vendor :STMicroelectronics X-CUBE-BLEMGR 4.0.0
2025-02-24 16:07:07,764 [INFO] ThirdParty:1030 - CMSIS Pack Vendor :STMicroelectronics X-CUBE-EEPRMA1 5.1.0
2025-02-24 16:07:07,764 [INFO] ThirdParty:1030 - CMSIS Pack Vendor :STMicroelectronics HAL Drivers 0.0.0
2025-02-24 16:07:07,764 [INFO] ThirdParty:1030 - CMSIS Pack Vendor :STMicroelectronics MBEDTLS 2.16.2
2025-02-24 16:07:07,764 [INFO] ThirdParty:1030 - CMSIS Pack Vendor :STMicroelectronics X-CUBE-IPS 3.1.0
2025-02-24 16:07:07,764 [INFO] ThirdParty:1030 - CMSIS Pack Vendor :STMicroelectronics X-CUBE-ALS 1.0.2
2025-02-24 16:07:07,764 [INFO] ThirdParty:1030 - CMSIS Pack Vendor :emotas I-CUBE-CANOPEN 1.3.0
2025-02-24 16:07:07,764 [INFO] ThirdParty:1030 - CMSIS Pack Vendor :STMicroelectronics X-CUBE-FREERTOS 1.3.0
2025-02-24 16:07:07,764 [INFO] ThirdParty:1030 - CMSIS Pack Vendor :STMicroelectronics X-CUBE-NFC7 1.0.1
2025-02-24 16:07:07,764 [INFO] ThirdParty:1030 - CMSIS Pack Vendor :STMicroelectronics MBEDTLS 2.14.1
2025-02-24 16:07:07,765 [INFO] ThirdParty:1030 - CMSIS Pack Vendor :ITTIA_DB I-CUBE-ITTIADB 8.9.0
2025-02-24 16:07:07,765 [INFO] ThirdParty:1030 - CMSIS Pack Vendor :STMicroelectronics X-CUBE-TOUCHGFX 4.24.2
2025-02-24 16:07:07,765 [INFO] ThirdParty:1030 - CMSIS Pack Vendor :STMicroelectronics X-CUBE-TOUCHGFX 4.24.1
2025-02-24 16:07:07,765 [INFO] ThirdParty:1030 - CMSIS Pack Vendor :wolfSSL I-CUBE-wolfTPM 3.4.0
2025-02-24 16:07:07,765 [INFO] ThirdParty:1030 - CMSIS Pack Vendor :portGmbH I-Cube-SoM-uGOAL 1.1.0
2025-02-24 16:07:07,765 [INFO] ThirdParty:1030 - CMSIS Pack Vendor :STMicroelectronics X-CUBE-BLEMGR 3.1.0
2025-02-24 16:07:07,765 [INFO] ThirdParty:1030 - CMSIS Pack Vendor :STMicroelectronics X-CUBE-AI 10.0.0
2025-02-24 16:07:07,765 [INFO] ThirdParty:1030 - CMSIS Pack Vendor :STMicroelectronics ThreadX 1.0.0
2025-02-24 16:07:07,765 [INFO] ThirdParty:1030 - CMSIS Pack Vendor :STMicroelectronics FP-SNS-SMARTAG2 1.2.0
2025-02-24 16:07:07,765 [INFO] ThirdParty:1030 - CMSIS Pack Vendor :STMicroelectronics X-CUBE-MEMS1 11.1.0
2025-02-24 16:07:07,765 [INFO] ThirdParty:1030 - CMSIS Pack Vendor :STMicroelectronics X-CUBE-AZRTOS-WL 2.0.0
2025-02-24 16:07:07,765 [INFO] ThirdParty:1030 - CMSIS Pack Vendor :SEGGER I-CUBE-embOS 1.3.1
2025-02-24 16:07:07,765 [INFO] ThirdParty:1030 - CMSIS Pack Vendor :STMicroelectronics X-CUBE-ALGOBUILD 1.4.0
2025-02-24 16:07:07,765 [INFO] ThirdParty:1030 - CMSIS Pack Vendor :STMicroelectronics FP-SNS-MOTENV1 5.0.0
2025-02-24 16:07:07,765 [INFO] ThirdParty:1030 - CMSIS Pack Vendor :STMicroelectronics USB_DEVICE 1.0.0
2025-02-24 16:07:07,765 [INFO] ThirdParty:1030 - CMSIS Pack Vendor :STMicroelectronics X-CUBE-AZRTOS-H7RS 1.0.0
2025-02-24 16:07:07,765 [INFO] ThirdParty:1030 - CMSIS Pack Vendor :wolfSSL I-CUBE-wolfMQTT 1.19.0
2025-02-24 16:07:07,765 [INFO] ThirdParty:1030 - CMSIS Pack Vendor :STMicroelectronics X-CUBE-AZRTOS-L4 2.0.0
2025-02-24 16:07:07,766 [INFO] ThirdParty:1030 - CMSIS Pack Vendor :STMicroelectronics ThreadX 0.0.2
2025-02-24 16:07:07,766 [INFO] ThirdParty:1030 - CMSIS Pack Vendor :WES I-CUBE-Cesium 1.3.0
2025-02-24 16:07:07,766 [INFO] ThirdParty:1030 - CMSIS Pack Vendor :STMicroelectronics FP-ATR-ASTRA1 2.0.0
2025-02-24 16:07:07,766 [INFO] ThirdParty:1030 - CMSIS Pack Vendor :STMicroelectronics lwIP 2.1.2
2025-02-24 16:07:07,766 [INFO] ThirdParty:1030 - CMSIS Pack Vendor :STMicroelectronics X-CUBE-SFXS2LP1 4.0.0
2025-02-24 16:07:07,766 [INFO] ThirdParty:1030 - CMSIS Pack Vendor :STMicroelectronics X-CUBE-BLE2 3.3.0
2025-02-24 16:07:07,766 [INFO] ThirdParty:1030 - CMSIS Pack Vendor :STMicroelectronics X-CUBE-TOF1 3.4.2
2025-02-24 16:07:07,767 [INFO] ThirdParty:1030 - CMSIS Pack Vendor :STMicroelectronics X-CUBE-AI 9.1.0
2025-02-24 16:07:07,767 [INFO] ThirdParty:1030 - CMSIS Pack Vendor :Infineon AIROC-Wi-Fi-Bluetooth-STM32 1.6.1
2025-02-24 16:07:07,767 [INFO] ThirdParty:1030 - CMSIS Pack Vendor :STMicroelectronics PDM2PCM 3.2.0
2025-02-24 16:07:07,767 [INFO] ThirdParty:1030 - CMSIS Pack Vendor :wolfSSL I-CUBE-wolfSSH 1.4.17
2025-02-24 16:07:07,767 [INFO] ThirdParty:841 - exiting critical section [change project]
2025-02-24 16:07:08,509 [INFO] PinOutPanel:1589 - setPackage(No Configuration,No Configuration)
2025-02-24 16:07:08,511 [INFO] PinOutPanel:1589 - setPackage(STM32L4R5ZITx,LQFP144)
2025-02-24 16:07:09,604 [INFO] UtilMem:75 - Before build in PCC Used Memory: 478710360 Bytes (853540864)
2025-02-24 16:07:10,893 [INFO] UtilMem:75 - After build in PCC Used Memory: 625624848 Bytes (853540864)
2025-02-24 16:07:10,940 [INFO] IPUIPlugin:80 - create IPUIPlugin
2025-02-24 16:07:10,941 [INFO] IPUIPlugin:80 - create IPUIPlugin
2025-02-24 16:07:10,941 [INFO] IPUIPlugin:80 - create IPUIPlugin
2025-02-24 16:07:10,941 [INFO] IPUIPlugin:80 - create IPUIPlugin
2025-02-24 16:07:10,941 [INFO] IPUIPlugin:80 - create IPUIPlugin
2025-02-24 16:07:10,942 [INFO] IPUIPlugin:80 - create IPUIPlugin
2025-02-24 16:07:10,942 [INFO] IPUIPlugin:80 - create IPUIPlugin
2025-02-24 16:07:10,942 [INFO] IPUIPlugin:80 - create IPUIPlugin
2025-02-24 16:07:10,942 [INFO] IPUIPlugin:80 - create IPUIPlugin
2025-02-24 16:07:10,942 [INFO] IPUIPlugin:80 - create IPUIPlugin
2025-02-24 16:07:10,943 [INFO] IPUIPlugin:80 - create IPUIPlugin
2025-02-24 16:07:10,943 [INFO] IPUIPlugin:80 - create IPUIPlugin
2025-02-24 16:07:10,943 [INFO] IPUIPlugin:80 - create IPUIPlugin
2025-02-24 16:07:10,943 [INFO] IPUIPlugin:80 - create IPUIPlugin
2025-02-24 16:07:10,943 [INFO] IPUIPlugin:80 - create IPUIPlugin
2025-02-24 16:07:10,943 [INFO] IPUIPlugin:80 - create IPUIPlugin
2025-02-24 16:07:10,945 [INFO] IPUIPlugin:80 - create IPUIPlugin
2025-02-24 16:07:10,945 [INFO] IPUIPlugin:80 - create IPUIPlugin
2025-02-24 16:07:10,945 [INFO] IPUIPlugin:80 - create IPUIPlugin
2025-02-24 16:07:10,945 [INFO] IPUIPlugin:80 - create IPUIPlugin
2025-02-24 16:07:10,945 [INFO] IPUIPlugin:80 - create IPUIPlugin
2025-02-24 16:07:10,946 [INFO] IPUIPlugin:80 - create IPUIPlugin
2025-02-24 16:07:10,946 [INFO] IPUIPlugin:80 - create IPUIPlugin
2025-02-24 16:07:10,946 [INFO] IPUIPlugin:80 - create IPUIPlugin
2025-02-24 16:07:10,947 [INFO] IPUIPlugin:80 - create IPUIPlugin
2025-02-24 16:07:10,947 [INFO] IPUIPlugin:80 - create IPUIPlugin
2025-02-24 16:07:10,947 [INFO] IPUIPlugin:80 - create IPUIPlugin
2025-02-24 16:07:10,948 [INFO] IPUIPlugin:80 - create IPUIPlugin
2025-02-24 16:07:10,948 [INFO] IPUIPlugin:80 - create IPUIPlugin
2025-02-24 16:07:10,948 [INFO] IPUIPlugin:80 - create IPUIPlugin
2025-02-24 16:07:10,948 [INFO] IPUIPlugin:80 - create IPUIPlugin
2025-02-24 16:07:10,949 [INFO] IPUIPlugin:80 - create IPUIPlugin
2025-02-24 16:07:10,949 [INFO] IPUIPlugin:80 - create IPUIPlugin
2025-02-24 16:07:10,949 [INFO] IPUIPlugin:80 - create IPUIPlugin
2025-02-24 16:07:10,950 [INFO] IPUIPlugin:80 - create IPUIPlugin
2025-02-24 16:07:10,950 [INFO] IPUIPlugin:80 - create IPUIPlugin
2025-02-24 16:07:10,950 [INFO] IPUIPlugin:80 - create IPUIPlugin
2025-02-24 16:07:10,950 [INFO] IPUIPlugin:80 - create IPUIPlugin
2025-02-24 16:07:10,951 [INFO] IPUIPlugin:80 - create IPUIPlugin
2025-02-24 16:07:10,951 [INFO] IPUIPlugin:80 - create IPUIPlugin
2025-02-24 16:07:10,951 [INFO] IPUIPlugin:80 - create IPUIPlugin
2025-02-24 16:07:10,952 [INFO] IPUIPlugin:80 - create IPUIPlugin
2025-02-24 16:07:10,952 [INFO] IPUIPlugin:80 - create IPUIPlugin
2025-02-24 16:07:10,952 [INFO] IPUIPlugin:80 - create IPUIPlugin
2025-02-24 16:07:10,953 [INFO] IPUIPlugin:80 - create IPUIPlugin
2025-02-24 16:07:10,953 [INFO] IPUIPlugin:80 - create IPUIPlugin
2025-02-24 16:07:10,953 [INFO] IPUIPlugin:80 - create IPUIPlugin
2025-02-24 16:07:10,954 [INFO] IPUIPlugin:80 - create IPUIPlugin
2025-02-24 16:07:10,954 [INFO] IPUIPlugin:80 - create IPUIPlugin
2025-02-24 16:07:10,954 [INFO] IPUIPlugin:80 - create IPUIPlugin
2025-02-24 16:07:10,955 [INFO] IPUIPlugin:80 - create IPUIPlugin
2025-02-24 16:07:10,955 [INFO] IPUIPlugin:80 - create IPUIPlugin
2025-02-24 16:07:10,956 [INFO] IPUIPlugin:80 - create IPUIPlugin
2025-02-24 16:07:10,956 [INFO] IPUIPlugin:80 - create IPUIPlugin
2025-02-24 16:07:10,957 [INFO] IPUIPlugin:80 - create IPUIPlugin
2025-02-24 16:07:10,957 [INFO] IPUIPlugin:80 - create IPUIPlugin
2025-02-24 16:07:10,957 [INFO] IPUIPlugin:80 - create IPUIPlugin
2025-02-24 16:07:10,957 [INFO] IPUIPlugin:80 - create IPUIPlugin
2025-02-24 16:07:10,958 [INFO] IPUIPlugin:80 - create IPUIPlugin
2025-02-24 16:07:10,958 [INFO] IPUIPlugin:80 - create IPUIPlugin
2025-02-24 16:07:10,958 [INFO] IPUIPlugin:80 - create IPUIPlugin
2025-02-24 16:07:11,308 [INFO] CADModel:165 - CPN selected for project levelSTM32L4R5ZIT6
2025-02-24 16:07:11,308 [INFO] CADModel:114 - Register for checkConnection events
2025-02-24 16:07:11,380 [INFO] OpenFileManager:363 - Restore cursor
